sample_id,dialogue_id,utterance_id,speaker,utterance,context,gold_label,prompt_type,input_condition,model_name,custom_id,raw_output,confidence,reason,is_demo,predicted_label,is_correct
S0001,1,1,Joey,Push!,"Ross: Or! Or, we could go to the bank, close our accounts and cut them off at the source. Joey: Come on, Lydia, you can do it. Joey: But then who? The waitress I went out with last month?",joy,closed_set,text + context + image,qwen-vl-plus,closed_set:S0001:text_plus_context_plus_image,"{\n  ""predicted_label"": ""joy"",\n  ""confidence"": 0.9,\n  ""reason"": ""The speaker's exclamation 'Push!' in a hospital setting, combined with the context of assisting someone in labor, strongly suggests excitement and positive emotion associated with the joy of childbirth.""\n}",0.9,"The speaker's exclamation 'Push!' in a hospital setting, combined with the context of assisting someone in labor, strongly suggests excitement and positive emotion associated with the joy of childbirth.",false,joy,true
S0002,100,0,Monica,Okay. Its Emma.,,neutral,closed_set,text + context + image,qwen-vl-plus,closed_set:S0002:text_plus_context_plus_image,"{\n  ""predicted_label"": ""sadness"",\n  ""confidence"": 0.9,\n  ""reason"": ""The speaker's tone appears neutral, but the accompanying visual context shows a woman with a concerned and somber expression, suggesting underlying sadness or emotional distress.""\n}",0.9,"The speaker's tone appears neutral, but the accompanying visual context shows a woman with a concerned and somber expression, suggesting underlying sadness or emotional distress.",false,sadness,false
S0003,100,14,Phoebe,Why are there only two of you?,"Phoebe: All right. Phoebe: Well, thats just the way that goes. Phoebe: Okay, good.",fear,closed_set,text + context + image,qwen-vl-plus,closed_set:S0003:text_plus_context_plus_image,"{\n  ""predicted_label"": ""surprise"",\n  ""confidence"": 0.95,\n  ""reason"": ""Phoebe's wide eyes and slightly open mouth in the image suggest surprise, which aligns with her question 'Why are there only two of you?' indicating she is reacting to an unexpected situation.""\n}",0.95,"Phoebe's wide eyes and slightly open mouth in the image suggest surprise, which aligns with her question 'Why are there only two of you?' indicating she is reacting to an unexpected situation.",false,surprise,false
S0004,1011,5,Rachel,"Well, its about time.","Ross: Hey! Chandler: Hi! Bye! Ross: Okay, Im done with my choices, these are final.",anger,closed_set,text + context + image,qwen-vl-plus,closed_set:S0004:text_plus_context_plus_image,"{\n  ""predicted_label"": ""neutral"",\n  ""confidence"": 0.9,\n  ""reason"": ""Rachel's tone and facial expression in the image suggest a calm, matter-of-fact delivery of her line 'Well, it's about time.' There are no strong indicators of other emotions like joy, anger, or surprise.""\n}",0.9,"Rachel's tone and facial expression in the image suggest a calm, matter-of-fact delivery of her line 'Well, it's about time.' There are no strong indicators of other emotions like joy, anger, or surprise.",false,neutral,false
S0005,1012,5,Phoebe,Shh!,"Dr. Oberman: Umm, I'm actually a first year resident, but I get that a lot, you see, I-I graduated early Phoebe: Uh-huh, me too. Ross, maybe I should've specified that I'd be needing a grown up doctor. Dr. Oberman: Oh no, I'm fully qualified to",anger,closed_set,text + context + image,qwen-vl-plus,closed_set:S0005:text_plus_context_plus_image,"{\n  ""predicted_label"": ""surprise"",\n  ""confidence"": 0.95,\n  ""reason"": ""Phoebe's wide eyes and open mouth in the image, combined with her utterance 'Shh!', suggest she is reacting with surprise or shock to something unexpected in the conversation.""\n}",0.95,"Phoebe's wide eyes and open mouth in the image, combined with her utterance 'Shh!', suggest she is reacting with surprise or shock to something unexpected in the conversation.",false,surprise,false
S0006,1016,2,Ross,"I mean its pretty unbelievable y'know, I mean they just took off, took off without even looking back.",Ross: ....right? Ross: Right?,anger,closed_set,text + context + image,qwen-vl-plus,closed_set:S0006:text_plus_context_plus_image,"{\n  ""predicted_label"": ""surprise"",\n  ""confidence"": 0.9,\n  ""reason"": ""Ross's expression and hand gestures, combined with the context of his statement about someone leaving without looking back, suggest a tone of disbelief or surprise.""\n}",0.9,"Ross's expression and hand gestures, combined with the context of his statement about someone leaving without looking back, suggest a tone of disbelief or surprise.",false,surprise,false
S0007,1016,9,Phoebe,I ate a bug.,"Carol: No. But its okay, Ill just put out pickles or something. Phoebe: Ross, thank God. Ross: Pheebs? What, why are you whispering?",disgust,closed_set,text + context + image,qwen-vl-plus,closed_set:S0007:text_plus_context_plus_image,"{\n  ""predicted_label"": ""surprise"",\n  ""confidence"": 0.95,\n  ""reason"": ""Phoebe's statement 'I ate a bug' is inherently shocking and unexpected, which typically elicits surprise. The visual context shows her in a serious or contemplative pose, possibly reflecting on the unusual event, further supporting the classification of surprise.""\n}",0.95,"Phoebe's statement 'I ate a bug' is inherently shocking and unexpected, which typically elicits surprise. The visual context shows her in a serious or contemplative pose, possibly reflecting on the unusual event, further supporting the classification of surprise.",false,surprise,false
S0008,1016,20,Carol,"Look, I-I-I am sorry that Rachel dumped you cause she fell in love with that Mark guy, and you are the innocent victim in all of this, but dont punish your friends for what Rachel did to you.","Carol: Listen, we both know youre gonna do it cause youre not a jerk. Carol: So you can either sulk here for a half hour and then go pick them up, or save us both time and sulk in the car. Ross: No, Rachel doesnt want me to....",neutral,closed_set,text + context + image,qwen-vl-plus,closed_set:S0008:text_plus_context_plus_image,"{\n  ""predicted_label"": ""sadness"",\n  ""confidence"": 0.9,\n  ""reason"": ""Carol's tone and body language in the image suggest empathy and concern for Ross, who is upset about Rachel's actions. Her expression and gestures indicate she is trying to comfort him, aligning with the emotion of sadness.""\n}",0.9,"Carol's tone and body language in the image suggest empathy and concern for Ross, who is upset about Rachel's actions. Her expression and gestures indicate she is trying to comfort him, aligning with the emotion of sadness.",false,sadness,false
S0009,102,4,Rachel,"Ohh, well, this is just perfect!","Rachel: How could you not tell me that she has hair? Dr. Rhodes: He's good with rear things, bring him in too. Phoebe: I dont know, I hardly ever say that about people.",anger,closed_set,text + context + image,qwen-vl-plus,closed_set:S0009:text_plus_context_plus_image,"{\n  ""predicted_label"": ""joy"",\n  ""confidence"": 0.9,\n  ""reason"": ""Rachel's exclamation 'Ohh, well, this is just perfect!' conveys a strong sense of satisfaction and happiness. Her body language in the visual frames, including her posture and facial expression, further supports this interpretation as she appears engaged and content in the conversation.""\n}",0.9,"Rachel's exclamation 'Ohh, well, this is just perfect!' conveys a strong sense of satisfaction and happiness. Her body language in the visual frames, including her posture and facial expression, further supports this interpretation as she appears engaged and content in the conversation.",false,joy,false
S0010,1022,16,Rachel,"Its just a healthy expression of female sexuality, which by the way, you will never understand.","Joey: Okay, look Im sorry, I went in there to take a nap and I know I shouldnt have, but you got porn! Rachel: Hey-hey, yknow what? Rachel: Theres nothing wrong with a woman enjoying a littleerotica.",anger,closed_set,text + context + image,qwen-vl-plus,closed_set:S0010:text_plus_context_plus_image,"{\n  ""predicted_label"": ""anger"",\n  ""confidence"": 0.95,\n  ""reason"": ""Rachel's tone and body language, including her pointing gesture and intense facial expression, convey strong frustration and anger in response to Joey's comment about the porn.""\n}",0.95,"Rachel's tone and body language, including her pointing gesture and intense facial expression, convey strong frustration and anger in response to Joey's comment about the porn.",false,anger,true
S0011,1025,0,Monica,"Dad, please dont pick your teeth out here!",,disgust,closed_set,text + context + image,qwen-vl-plus,closed_set:S0011:text_plus_context_plus_image,"{\n  ""predicted_label"": ""anger"",\n  ""confidence"": 0.9,\n  ""reason"": ""Monica's tone and the directness of her statement suggest frustration or annoyance, likely due to someone picking their teeth in a public setting.""\n}",0.9,"Monica's tone and the directness of her statement suggest frustration or annoyance, likely due to someone picking their teeth in a public setting.",false,anger,false
S0012,1038,12,Joey,It made me nuts.,"Joey: Hold it, hold it. Joey: I gotta side with Chandler on this one. Joey: When I first moved to the city, I went out a couple of times with this girl, really hot, great kisser, but she had the biggest Adam's apple.",disgust,closed_set,text + context + image,qwen-vl-plus,closed_set:S0012:text_plus_context_plus_image,"{\n  ""predicted_label"": ""anger"",\n  ""confidence"": 0.9,\n  ""reason"": ""Joey's statement 'It made me nuts' suggests frustration or irritation, aligning with the emotion of anger. The context of his conversation also implies a strong emotional reaction.""\n}",0.9,"Joey's statement 'It made me nuts' suggests frustration or irritation, aligning with the emotion of anger. The context of his conversation also implies a strong emotional reaction.",false,anger,false
S0013,108,6,Monica,"Oh! Ohhhhh! Oh! Phoebe, come here. Aw, this is my new bed. You gotta feel this bad boy.",Phoebe: Ow! Phoebe: Hi. Y'know in England this car would be on the other side of the store.  Woo! Chandler: What problem did you tell him you had?,joy,closed_set,text + context + image,qwen-vl-plus,closed_set:S0013:text_plus_context_plus_image,"{\n  ""predicted_label"": ""joy"",\n  ""confidence"": 0.95,\n  ""reason"": ""Monica's wide smile, enthusiastic tone in her exclamation, and expressive gestures while presenting the bed indicate excitement and happiness. The context of showcasing a new product further supports this joyful emotion.""\n}",0.95,"Monica's wide smile, enthusiastic tone in her exclamation, and expressive gestures while presenting the bed indicate excitement and happiness. The context of showcasing a new product further supports this joyful emotion.",false,joy,true
S0014,111,8,Mrs. Bing,"I'm sorry, honey, I promise it will never happen again.","Chandler: There huhhmm, there-there was an incident. Mrs. Bing: And I don't even know how it happened. Joey: Dont worry about that man, that happens.",sadness,closed_set,text + context + image,qwen-vl-plus,closed_set:S0014:text_plus_context_plus_image,"{\n  ""predicted_label"": ""sadness"",\n  ""confidence"": 0.9,\n  ""reason"": ""Mrs. Bing's expression and body language, including her hand gesture and the tone of her apology, suggest remorse and sadness. The context of the conversation also supports this interpretation.""\n}",0.9,"Mrs. Bing's expression and body language, including her hand gesture and the tone of her apology, suggest remorse and sadness. The context of the conversation also supports this interpretation.",false,sadness,true
S0015,113,4,Monica,No-no! Don't do it! Don't!,"Monica: Just let me finish, okay? Chandler: All right, let me in. Ross: Alright?",fear,closed_set,text + context + image,qwen-vl-plus,closed_set:S0015:text_plus_context_plus_image,"{\n  ""predicted_label"": ""fear"",\n  ""confidence"": 0.95,\n  ""reason"": ""Monica's urgent tone and body language, including her raised arms and defensive posture, suggest she is reacting with fear or alarm to something happening in the situation.""\n}",0.95,"Monica's urgent tone and body language, including her raised arms and defensive posture, suggest she is reacting with fear or alarm to something happening in the situation.",false,fear,true
S0016,115,3,Ross,Shielding your face and shrieking like a girl... is not a backhand.,"Monica: Yeah, I talked to you on the phone, Im the lady that got stuck with the racecar bed. Chandler: Excuse me little one, I have a very solid backhand. Jester: Look, its like I told you, theres nothing I can do. You signed for it, Monica Velula Geller.",disgust,closed_set,text + context + image,qwen-vl-plus,closed_set:S0016:text_plus_context_plus_image,"{\n  ""predicted_label"": ""anger"",\n  ""confidence"": 0.9,\n  ""reason"": ""Ross's tone and the context of the conversation suggest frustration or irritation, particularly in response to Chandler's boastful comment about his backhand.""\n}",0.9,"Ross's tone and the context of the conversation suggest frustration or irritation, particularly in response to Chandler's boastful comment about his backhand.",false,anger,false
S0017,122,1,Monica,"You gotta help me out here, you gotta set me up, you gotta get me back in the game.","Chandler: I never sucked, I actually didn't want you to know how good I was! Monica: And y'know what, I just realised, in the last year Ive only gone out with two guys, Richard and Julio.",fear,closed_set,text + context + image,qwen-vl-plus,closed_set:S0017:text_plus_context_plus_image,"{\n  ""predicted_label"": ""joy"",\n  ""confidence"": 0.9,\n  ""reason"": ""Monica's enthusiastic tone and the context of seeking support suggest excitement or eagerness, aligning with the 'joy' label.""\n}",0.9,"Monica's enthusiastic tone and the context of seeking support suggest excitement or eagerness, aligning with the 'joy' label.",false,joy,false
S0018,123,15,Phoebe,Okay. But the question is whos gonna go first. Cause whoever goes second is the bitch.,"Monica: Okay well then, Ill fire him today and you go out with him for another week. Phoebe: Are you kidding?! Another week with that sip, Ill kill Monica: Okay well, then well both do it today and hell just have to deal with it!",sadness,closed_set,text + context + image,qwen-vl-plus,closed_set:S0018:text_plus_context_plus_image,"{\n  ""predicted_label"": ""anger"",\n  ""confidence"": 0.9,\n  ""reason"": ""Phoebe's tone and choice of words ('whos gonna go first' and 'the bitch') indicate frustration and irritation, suggesting anger as the dominant emotion.""\n}",0.9,"Phoebe's tone and choice of words ('whos gonna go first' and 'the bitch') indicate frustration and irritation, suggesting anger as the dominant emotion.",false,anger,false
S0019,124,3,Chandler,"So, rocks.","Chandler: Okay, what is in here? Rocks? Janice: Oh, my Bing-a-ling. Ill wait for you. Do you even know how long youre going to be gone? Ross: No-no, this is my collection of fossil samples.",disgust,closed_set,text + context + image,qwen-vl-plus,closed_set:S0019:text_plus_context_plus_image,"{\n  ""predicted_label"": ""neutral"",\n  ""confidence"": 0.9,\n  ""reason"": ""Chandler's expression appears calm and unemotional, with no clear signs of strong emotion such as anger, sadness, or surprise. His tone and body language suggest a neutral engagement in the conversation.""\n}",0.9,"Chandler's expression appears calm and unemotional, with no clear signs of strong emotion such as anger, sadness, or surprise. His tone and body language suggest a neutral engagement in the conversation.",false,neutral,false
S0020,124,5,Joey,"Ohh. Hey, remember when I ran into this thing  and it kinda knocked me out a little?","Chandler: So, rocks. Janice: Oh. Well, Ill right you everyday.  15 Yemen Road, Yemen. Ross: I'm really gonna miss this apartment. Y'know, Ben-Ben took his first steps right over there.",joy,closed_set,text + context + image,qwen-vl-plus,closed_set:S0020:text_plus_context_plus_image,"{\n  ""predicted_label"": ""joy"",\n  ""confidence"": 0.9,\n  ""reason"": ""Joey's wide smile, animated hand gestures, and the overall lighthearted tone of his story suggest he is recounting a humorous or amusing memory, which aligns with the 'joy' label.""\n}",0.9,"Joey's wide smile, animated hand gestures, and the overall lighthearted tone of his story suggest he is recounting a humorous or amusing memory, which aligns with the 'joy' label.",false,joy,true
S0021,125,17,Joey,Were not even shootin them anymore?!!,"Joey: Like theyre taking it off the air? Joey: Ohh. Joey: All right, see you Monday.",surprise,closed_set,text + context + image,qwen-vl-plus,closed_set:S0021:text_plus_context_plus_image,"{\n  ""predicted_label"": ""surprise"",\n  ""confidence"": 0.95,\n  ""reason"": ""Joey's wide eyes and open mouth, combined with the exclamation 'We're not even shootin' them anymore?!', strongly indicate surprise or shock at the information he is hearing.""\n}",0.95,"Joey's wide eyes and open mouth, combined with the exclamation 'We're not even shootin' them anymore?!', strongly indicate surprise or shock at the information he is hearing.",false,surprise,true
S0022,127,4,Chandler,"Youre going to a clinic, and a pyjama store!","Chandler: No, no-n-n-n-no!! Ross: Perhaps. Now Im curious, at what point during those girlish screams would you have begun to Chandler: You are going to a clinic!",disgust,closed_set,text + context + image,qwen-vl-plus,closed_set:S0022:text_plus_context_plus_image,"{\n  ""predicted_label"": ""surprise"",\n  ""confidence"": 0.95,\n  ""reason"": ""Chandler's utterance 'You're going to a clinic, and a pyjama store!' conveys an exaggerated reaction of surprise or disbelief, likely in response to Ross's suggestion. The context of the conversation supports this interpretation, as Chandler seems taken aback by the idea.""\n}",0.95,"Chandler's utterance 'You're going to a clinic, and a pyjama store!' conveys an exaggerated reaction of surprise or disbelief, likely in response to Ross's suggestion. The context of the conversation supports this interpretation, as Chandler seems taken aback by the idea.",false,surprise,false
S0023,130,10,Emily,I dont think Id be comfortable with any of my old lovers there.,"Rachel: How would you feel about taking out my assistant Tag? Ill pay. Ross: Yeah? Joey: Huh, Rach I got to say its gonna take a lot of money for me to go out on a date with a dude.",sadness,closed_set,text + context + image,qwen-vl-plus,closed_set:S0023:text_plus_context_plus_image,"{\n  ""predicted_label"": ""sadness"",\n  ""confidence"": 0.85,\n  ""reason"": ""Emily's expression and body language in the frames show a contemplative and slightly downcast demeanor, suggesting she is feeling sad or uncomfortable about the topic of her old lovers.""\n}",0.85,"Emily's expression and body language in the frames show a contemplative and slightly downcast demeanor, suggesting she is feeling sad or uncomfortable about the topic of her old lovers.",false,sadness,true
S0024,130,11,Ross,"Wait-wait-wait, do you, do you think, maybe we shouldnt invite her?","Joey: Huh, Rach I got to say its gonna take a lot of money for me to go out on a date with a dude. Emily: I dont think Id be comfortable with any of my old lovers there. Rachel: Im not asking you to go on a",fear,closed_set,text + context + image,qwen-vl-plus,closed_set:S0024:text_plus_context_plus_image,"{\n  ""predicted_label"": ""surprise"",\n  ""confidence"": 0.9,\n  ""reason"": ""Ross's wide eyes and open mouth, along with his hesitant and questioning tone ('Wait-wait-wait, do you, do you think, maybe we shouldn't invite her?'), suggest surprise or uncertainty in response to the conversation context.""\n}",0.9,"Ross's wide eyes and open mouth, along with his hesitant and questioning tone ('Wait-wait-wait, do you, do you think, maybe we shouldn't invite her?'), suggest surprise or uncertainty in response to the conversation context.",false,surprise,false
S0026,139,3,Ross,Hi Jill!,"A Female Student: Yeah, what's up with that girl Monica? Jill: Me too. Phoebe: I don't know! I didn't come with her!",joy,closed_set,text + context + image,qwen-vl-plus,closed_set:S0026:text_plus_context_plus_image,"{\n  ""predicted_label"": ""joy"",\n  ""confidence"": 0.95,\n  ""reason"": ""Ross greets Jill with a friendly and enthusiastic tone, as indicated by the upbeat 'Hi Jill!' utterance. The visual context shows a lively and warm social setting in Central Perk, with other characters engaged in casual conversation, contributing to an overall joyful atmosphere.""\n}",0.95,"Ross greets Jill with a friendly and enthusiastic tone, as indicated by the upbeat 'Hi Jill!' utterance. The visual context shows a lively and warm social setting in Central Perk, with other characters engaged in casual conversation, contributing to an overall joyful atmosphere.",false,joy,true
S0025,138,1,Ross,Who cares? I repel women.,"Chandler: Okay, is this lamp in the same place? Rachel: Okay, I have to tell you something that I have never admitted during our entire friendship!",disgust,closed_set,text + context + image,qwen-vl-plus,closed_set:S0025:text_plus_context_plus_image,"{\n  ""predicted_label"": ""sadness"",\n  ""confidence"": 0.9,\n  ""reason"": ""Ross's expression and body language convey a sense of dejection and self-pity, consistent with sadness. His statement 'Who cares? I repel women.' further supports this interpretation as it reflects a negative self-perception.""\n}",0.9,"Ross's expression and body language convey a sense of dejection and self-pity, consistent with sadness. His statement 'Who cares? I repel women.' further supports this interpretation as it reflects a negative self-perception.",false,sadness,false
S0028,147,2,Joey,"Uh, it's 2:30 in the morning!","Ross: Ok, bye.  Well, Monica's not coming, it's just gonna be me and Rachel. Monica: Where are you guys going? Come on, one more game! Chandler: Oh. Well, hold on camper, are you sure you've thought this thing through?",sadness,closed_set,text + context + image,qwen-vl-plus,closed_set:S0028:text_plus_context_plus_image,"{\n  ""predicted_label"": ""surprise"",\n  ""confidence"": 0.95,\n  ""reason"": ""Joey's exclamation 'Uh, it's 2:30 in the morning!' indicates surprise at the time of day, likely due to being caught off guard or realizing how late it is.""\n}",0.95,"Joey's exclamation 'Uh, it's 2:30 in the morning!' indicates surprise at the time of day, likely due to being caught off guard or realizing how late it is.",false,surprise,false
S0027,145,8,Phoebe,Oh my God!  Go away!  Stop looking in here!,"Chandler: I might have some kind of life, like I haven't been sitting around here honing for the past few hours. Chandler: Man to uh, me. Monica: Look look! He's doing it again, the guy with the telescope!",anger,closed_set,text + context + image,qwen-vl-plus,closed_set:S0027:text_plus_context_plus_image,"{\n  ""predicted_label"": ""fear"",\n  ""confidence"": 0.95,\n  ""reason"": ""Phoebe's urgent and alarmed tone, combined with her plea to 'go away' and 'stop looking in here,' indicates a strong sense of fear or discomfort. The visual context shows her reacting to someone outside the window, reinforcing the emotional response.""\n}",0.95,"Phoebe's urgent and alarmed tone, combined with her plea to 'go away' and 'stop looking in here,' indicates a strong sense of fear or discomfort. The visual context shows her reacting to someone outside the window, reinforcing the emotional response.",false,fear,false
S0030,15,15,Professore Clerk,Or we could throw you both in,"Paleontologist: Ok Geller. Last day of the conference, you know what happens to the keynote speaker. Ross: Oh, professor Clerk we're kind of in the middle of a conversation, here. Charlie: Yeah, can you guys just throw him in the pool later?",joy,closed_set,text + context + image,qwen-vl-plus,closed_set:S0030:text_plus_context_plus_image,"{\n  ""predicted_label"": ""anger"",\n  ""confidence"": 0.95,\n  ""reason"": ""The speaker's tone and the context of threatening to 'throw you both in' suggest a strong emotional reaction, likely anger. The visual shows the speaker pointing assertively, reinforcing the aggressive intent.""\n}",0.95,"The speaker's tone and the context of threatening to 'throw you both in' suggest a strong emotional reaction, likely anger. The visual shows the speaker pointing assertively, reinforcing the aggressive intent.",false,anger,false
S0029,15,3,Charlie,"Uh, well... Joey and I broke up.","Rachel: Are you seriousReally?! Its in such good condition. Phoebe: Okay! Ross: Yes, please!  So, what's going on?",sadness,closed_set,text + context + image,qwen-vl-plus,closed_set:S0029:text_plus_context_plus_image,"{\n  ""predicted_label"": ""sadness"",\n  ""confidence"": 0.95,\n  ""reason"": ""The speaker, Charlie, mentions breaking up with Joey, which is typically associated with sadness. The visual context shows Rachel listening intently and appearing concerned, reinforcing the emotional weight of the statement.""\n}",0.95,"The speaker, Charlie, mentions breaking up with Joey, which is typically associated with sadness. The visual context shows Rachel listening intently and appearing concerned, reinforcing the emotional weight of the statement.",false,sadness,true
S0032,151,8,Ross,Really?,"Ross: Wow! This is so amazing. I uh, I really thought Id have to talk you into this more. Rachel: What-wh-what so well just stay married forever?! Ross: Okay, look, how is this gonna affect you?",anger,closed_set,text + context + image,qwen-vl-plus,closed_set:S0032:text_plus_context_plus_image,"{\n  ""predicted_label"": ""surprise"",\n  ""confidence"": 0.95,\n  ""reason"": ""Ross's facial expression and body language, including widened eyes and open mouth, along with the context of Rachel's unexpected reaction ('What-wh-what so we'll just stay married forever?!'), strongly indicate surprise.""\n}",0.95,"Ross's facial expression and body language, including widened eyes and open mouth, along with the context of Rachel's unexpected reaction ('What-wh-what so we'll just stay married forever?!'), strongly indicate surprise.",false,surprise,false
S0031,151,1,Ross,"Yes, exactly!","Phoebe: Oh, ew! Rachel: Okay! So, well just stay married.",joy,closed_set,text + context + image,qwen-vl-plus,closed_set:S0031:text_plus_context_plus_image,"{\n  ""predicted_label"": ""joy"",\n  ""confidence"": 0.95,\n  ""reason"": ""Ross's enthusiastic 'Yes, exactly!' and the smiling, engaged body language in the visual context suggest a positive and joyful emotional state.""\n}",0.95,"Ross's enthusiastic 'Yes, exactly!' and the smiling, engaged body language in the visual context suggest a positive and joyful emotional state.",false,joy,true
S0034,159,2,Joanna,Yknow how people just click?,"Joanna: Chandler is fantastic!! Joanna: Because if you feel uncomfortable with your friend dating someone you work for, there are always ways to fix...that. Rachel: What?!",joy,closed_set,text + context + image,qwen-vl-plus,closed_set:S0034:text_plus_context_plus_image,"{\n  ""predicted_label"": ""neutral"",\n  ""confidence"": 0.9,\n  ""reason"": ""Joanna's utterance 'Yknow how people just click?' is a neutral statement, and the visual context shows a calm office environment with no signs of strong emotion.""\n}",0.9,"Joanna's utterance 'Yknow how people just click?' is a neutral statement, and the visual context shows a calm office environment with no signs of strong emotion.",false,neutral,false
S0033,158,3,Ross,No!,"Joey: It can’t be me, I’m standing right here. Joanna: Why?! Why?! He said hed call. Why hasnt he called? Mr. Geller: Wanna peek?",disgust,closed_set,text + context + image,qwen-vl-plus,closed_set:S0033:text_plus_context_plus_image,"{\n  ""predicted_label"": ""fear"",\n  ""confidence"": 0.9,\n  ""reason"": ""Ross's exclamation of 'No!' combined with the tense body language and concerned expressions of the other characters suggests a strong emotional reaction, likely fear or apprehension, possibly in response to an unexpected or threatening situation.""\n}",0.9,"Ross's exclamation of 'No!' combined with the tense body language and concerned expressions of the other characters suggests a strong emotional reaction, likely fear or apprehension, possibly in response to an unexpected or threatening situation.",false,fear,false
S0035,159,3,Joanna,"Like he came by to pick me up, and I opened the door, and it was just like, click!","Joanna: Because if you feel uncomfortable with your friend dating someone you work for, there are always ways to fix...that. Rachel: What?! Joanna: Yknow how people just click?",joy,closed_set,text + context + image,qwen-vl-plus,closed_set:S0035:text_plus_context_plus_image,"{\n  ""predicted_label"": ""surprise"",\n  ""confidence"": 0.95,\n  ""reason"": ""Joanna's expression shifts from neutral to a wide smile, indicating surprise or amusement in response to the situation described in her utterance.""\n}",0.95,"Joanna's expression shifts from neutral to a wide smile, indicating surprise or amusement in response to the situation described in her utterance.",false,surprise,false
S0036,160,9,Joey,I did not cry my eyes out!!,"Rachel: I can get a quick bite to eat, but then I have to come back up here. Joey: Hey! Ross: Come on sweetie! You?ve had to work late every night for the past two weeks, what is it this time?",anger,closed_set,text + context + image,qwen-vl-plus,closed_set:S0036:text_plus_context_plus_image,"{\n  ""predicted_label"": ""surprise"",\n  ""confidence"": 0.95,\n  ""reason"": ""Joey's wide eyes and open mouth in the visual frames, combined with his emphatic utterance 'I did not cry my eyes out!!', strongly indicate a surprised or shocked emotional state.""\n}",0.95,"Joey's wide eyes and open mouth in the visual frames, combined with his emphatic utterance 'I did not cry my eyes out!!', strongly indicate a surprised or shocked emotional state.",false,surprise,false
S0038,170,3,Phoebe,I wanna see whats in your hand. I wanna see the trash.,"Joey: You said, you wanna come in for some lemonade? Monica: Why do you want to see my hand? Monica: So?!",disgust,closed_set,text + context + image,qwen-vl-plus,closed_set:S0038:text_plus_context_plus_image,"{\n  ""predicted_label"": ""curiosity"",\n  ""confidence"": 0.9,\n  ""reason"": ""Phoebe's utterance expresses a clear desire to see what is in someone's hand, indicating curiosity rather than any strong emotion like anger or joy.""\n}",0.9,"Phoebe's utterance expresses a clear desire to see what is in someone's hand, indicating curiosity rather than any strong emotion like anger or joy.",false,neutral,false
S0037,17,6,Rachel,"Oh yeah well, you know me, babies, responsibilities, ahhh!!!","Rachel: Oh boy, I just can't watch. It's too scary! Janice: Wait! Wait! I wanna see this. After I divorce him, half of that kingdom is gonna be mine. Monica: It's a diaper commercial.",fear,closed_set,text + context + image,qwen-vl-plus,closed_set:S0037:text_plus_context_plus_image,"{\n  ""predicted_label"": ""joy"",\n  ""confidence"": 0.9,\n  ""reason"": ""Rachel's animated expression and the enthusiastic tone of her utterance, combined with the context of a lighthearted conversation about a diaper commercial, suggest she is expressing joy or excitement.""\n}",0.9,"Rachel's animated expression and the enthusiastic tone of her utterance, combined with the context of a lighthearted conversation about a diaper commercial, suggest she is expressing joy or excitement.",false,joy,false
S0040,170,4,Phoebe,"Eww! Oh, its all dirty. You should throw this out.","Monica: So?! Phoebe: I wanna see whats in your hand. I wanna see the trash. Joey: Whoa, ah!! Were you just gonna give me some lemonade?",disgust,closed_set,text + context + image,qwen-vl-plus,closed_set:S0040:text_plus_context_plus_image,"{\n  ""predicted_label"": ""disgust"",\n  ""confidence"": 0.95,\n  ""reason"": ""Phoebe's utterance 'Eww! Oh, it's all dirty. You should throw this out.' clearly expresses disgust. The visual context shows her reacting negatively to something in the plastic bag, reinforcing this emotion.""\n}",0.95,"Phoebe's utterance 'Eww! Oh, it's all dirty. You should throw this out.' clearly expresses disgust. The visual context shows her reacting negatively to something in the plastic bag, reinforcing this emotion.",false,disgust,true
S0039,170,4,Monica,Yeah huh!! Cover yourself up!,"Monica: So?! Phoebe: I wanna see whats in your hand. I wanna see the trash. Joey: Whoa, ah!! Were you just gonna give me some lemonade?",disgust,closed_set,text + context + image,qwen-vl-plus,closed_set:S0039:text_plus_context_plus_image,"{\n  ""predicted_label"": ""anger"",\n  ""confidence"": 0.95,\n  ""reason"": ""Monica's body language, including her raised hand and stern expression, combined with the assertive tone of her utterance 'Yeah huh!! Cover yourself up!', strongly indicates anger in response to Joey's lack of clothing.""\n}",0.95,"Monica's body language, including her raised hand and stern expression, combined with the assertive tone of her utterance 'Yeah huh!! Cover yourself up!', strongly indicates anger in response to Joey's lack of clothing.",false,anger,false
S0042,18,7,Phoebe,"Well for the regular guy, its bad, but Chandler, Oh dear God!",Joey: Okay! Monica: How bad is this? Joey: Uh-oh.,fear,closed_set,text + context + image,qwen-vl-plus,closed_set:S0042:text_plus_context_plus_image,"{\n  ""predicted_label"": ""surprise"",\n  ""confidence"": 0.95,\n  ""reason"": ""Phoebe's wide eyes and open mouth, along with her expressive tone in the utterance ('Oh dear God!'), strongly indicate a reaction of surprise or shock to something unexpected.""\n}",0.95,"Phoebe's wide eyes and open mouth, along with her expressive tone in the utterance ('Oh dear God!'), strongly indicate a reaction of surprise or shock to something unexpected.",false,surprise,false
S0041,174,5,Rachel,"Hi! Oh, Im so glad you called.",Monica: Thank you!    You haven't said anything... Ross: Hi! Its me. 3rd Customer: Actually I do have one small complaint.,joy,closed_set,text + context + image,qwen-vl-plus,closed_set:S0041:text_plus_context_plus_image,"{\n  ""predicted_label"": ""joy"",\n  ""confidence"": 0.95,\n  ""reason"": ""Rachel's expression and tone convey excitement and happiness, as she says 'Hi! Oh, I'm so glad you called,' indicating a positive emotional state.""\n}",0.95,"Rachel's expression and tone convey excitement and happiness, as she says 'Hi! Oh, I'm so glad you called,' indicating a positive emotional state.",false,joy,true
S0044,183,17,Phoebe,"Oh, right, OK. Ole.","Duncan: I missed you.  I'm gonna get changed. Phoebe: OK. Duncan: Um, now. Phoebs.",neutral,closed_set,text + context + image,qwen-vl-plus,closed_set:S0044:text_plus_context_plus_image,"{\n  ""predicted_label"": ""joy"",\n  ""confidence"": 0.9,\n  ""reason"": ""Phoebe's tone and the visual context suggest a positive and affectionate interaction with Duncan, indicated by her smile and the warm embrace.""\n}",0.9,"Phoebe's tone and the visual context suggest a positive and affectionate interaction with Duncan, indicated by her smile and the warm embrace.",false,joy,false
S0043,182,7,Phoebe,Whoa!,"Rachel: No, but I was doing my thing and everything was going according to the plan! Phoebe: Thank you, I need that. Monica: Oh God, stop with the plan!",surprise,closed_set,text + context + image,qwen-vl-plus,closed_set:S0043:text_plus_context_plus_image,"{\n  ""predicted_label"": ""surprise"",\n  ""confidence"": 0.95,\n  ""reason"": ""Phoebe's exclamation 'Whoa!' and her wide-eyed, open-mouthed expression in the visual frames indicate a strong reaction of surprise to something unexpected or startling.""\n}",0.95,"Phoebe's exclamation 'Whoa!' and her wide-eyed, open-mouthed expression in the visual frames indicate a strong reaction of surprise to something unexpected or startling.",false,surprise,true
S0046,185,5,Rachel,"We were walking by this antique store, and I saw this pin in the window, and I told him that it was just like one my grandmother had when I was a little girl.",Phoebe: Remembered what? Ross: Really?! Rachel: It was like months ago.,sadness,closed_set,text + context + image,qwen-vl-plus,closed_set:S0046:text_plus_context_plus_image,"{\n  ""predicted_label"": ""joy"",\n  ""confidence"": 0.9,\n  ""reason"": ""Rachel's expression and tone suggest a fond, nostalgic recollection of a cherished memory involving her grandmother, which aligns with the emotion of joy.""\n}",0.9,"Rachel's expression and tone suggest a fond, nostalgic recollection of a cherished memory involving her grandmother, which aligns with the emotion of joy.",false,joy,false
S0045,184,6,Monica,"Oh myThis is so embarrassing. Oh my God, Im never gonna get massaged again!",Rachel: Hey! Phoebe: I mean hi. Joey: What's happening?,fear,closed_set,text + context + image,qwen-vl-plus,closed_set:S0045:text_plus_context_plus_image,"{\n  ""predicted_label"": ""embarrassment"",\n  ""confidence"": 0.95,\n  ""reason"": ""Monica's body language, including her hand on her head and distressed expression, combined with her utterance expressing embarrassment, strongly indicates she is feeling embarrassed.""\n}",0.95,"Monica's body language, including her hand on her head and distressed expression, combined with her utterance expressing embarrassment, strongly indicates she is feeling embarrassed.",false,neutral,false
S0047,185,12,Chandler,F-hah.... flennin....,"Monica: I can't believe he did this. Chandler: Come on, Ross? Remember back in college, when he fell in love with Carol and bought her that ridiculously expensive crystal duck? Rachel: What did you just say?",fear,closed_set,text + context + image,qwen-vl-plus,closed_set:S0047:text_plus_context_plus_image,"{\n  ""predicted_label"": ""joy"",\n  ""confidence"": 0.95,\n  ""reason"": ""Chandler's animated expression, open mouth, and hand gesture suggest he is sharing a humorous or amusing story, likely eliciting laughter or amusement from the group.""\n}",0.95,"Chandler's animated expression, open mouth, and hand gesture suggest he is sharing a humorous or amusing story, likely eliciting laughter or amusement from the group.",false,joy,false
S0048,186,0,Gary,I really like waking up with you.,,joy,closed_set,text + context + image,qwen-vl-plus,closed_set:S0048:text_plus_context_plus_image,"{\n  ""predicted_label"": ""joy"",\n  ""confidence"": 0.95,\n  ""reason"": ""The speaker's statement 'I really like waking up with you' conveys affection and happiness, which aligns with the 'joy' label. This is further supported by the visual context showing a warm, intimate moment between two people in bed, smiling and holding hands, indicating a positive and loving emotional state.""\n}",0.95,"The speaker's statement 'I really like waking up with you' conveys affection and happiness, which aligns with the 'joy' label. This is further supported by the visual context showing a warm, intimate moment between two people in bed, smiling and holding hands, indicating a positive and loving emotional state.",false,joy,true
S0050,190,3,Chandler,Okay.,"Phoebe: You guys make a Chandler: Thats a mailman! Thats Joey: Yeah, we look great together.",neutral,closed_set,text + context + image,qwen-vl-plus,closed_set:S0050:text_plus_context_plus_image,"{\n  ""predicted_label"": ""neutral"",\n  ""confidence"": 0.95,\n  ""reason"": ""Chandler's short utterance 'Okay.' and his neutral facial expression in the provided frames suggest a lack of strong emotion. The context does not indicate any significant emotional trigger, and his body language appears relaxed and unemotional.""\n}",0.95,"Chandler's short utterance 'Okay.' and his neutral facial expression in the provided frames suggest a lack of strong emotion. The context does not indicate any significant emotional trigger, and his body language appears relaxed and unemotional.",false,neutral,true
S0049,19,13,Susan,Who am I?,Ross: Where does that leave me? Susan: You get to be the baby's father. Susan: Everyone knows who you are.,anger,closed_set,text + context + image,qwen-vl-plus,closed_set:S0049:text_plus_context_plus_image,"{\n  ""predicted_label"": ""confusion"",\n  ""confidence"": 0.95,\n  ""reason"": ""Susan's expression and body language, combined with her question 'Who am I?', suggest she is experiencing confusion or uncertainty about her identity or situation.""\n}",0.95,"Susan's expression and body language, combined with her question 'Who am I?', suggest she is experiencing confusion or uncertainty about her identity or situation.",false,neutral,false
S0051,195,6,Ross,Isabella Rosselini.,"Ross: Thank you. Monica: Of course not. Isabella: Um, coffee to go, please.",neutral,closed_set,text + context + image,qwen-vl-plus,closed_set:S0051:text_plus_context_plus_image,"{\n  ""predicted_label"": ""neutral"",\n  ""confidence"": 0.95,\n  ""reason"": ""The speaker's tone and body language appear calm and composed, with no strong emotional indicators. The context of the conversation is casual and does not suggest any intense emotion.""\n}",0.95,"The speaker's tone and body language appear calm and composed, with no strong emotional indicators. The context of the conversation is casual and does not suggest any intense emotion.",false,neutral,true
S0052,195,11,Rachel,"Oh-oh, you lie.","Monica: Why? Cause otherwise youd go for it? Chandler: Oh well you're the best. You come here to me. Ross: Yeah, maybe.",disgust,closed_set,text + context + image,qwen-vl-plus,closed_set:S0052:text_plus_context_plus_image,"{\n  ""predicted_label"": ""anger"",\n  ""confidence"": 0.9,\n  ""reason"": ""Rachel's tone and facial expression in the image suggest frustration or irritation, likely due to being accused of lying, which aligns with the label 'anger'.""\n}",0.9,"Rachel's tone and facial expression in the image suggest frustration or irritation, likely due to being accused of lying, which aligns with the label 'anger'.",false,anger,false
S0053,2,1,Estelle,Well! Well! Well! Joey Tribbiani! So you came back huh? They,"Joey: Hey Estelle, listen Ross: Okay. Chandler: Hey, Mon.",surprise,closed_set,text + context + image,qwen-vl-plus,closed_set:S0053:text_plus_context_plus_image,"{\n  ""predicted_label"": ""surprise"",\n  ""confidence"": 0.95,\n  ""reason"": ""Estelle's repeated 'Well! Well! Well!' and her expressive facial features in the close-up shot suggest a strong reaction of surprise or disbelief upon seeing Joey return.""\n}",0.95,Estelle's repeated 'Well! Well! Well!' and her expressive facial features in the close-up shot suggest a strong reaction of surprise or disbelief upon seeing Joey return.,false,surprise,true
S0054,20,2,Phoebe,"Yay!! Oh so, youre not, youre not mad at us anymore?","Monica: Hi, how are you doing Kelly? Joey: It looks like a women's purse. Joey: Oh, unbelievable! We had the best time!",joy,closed_set,text + context + image,qwen-vl-plus,closed_set:S0054:text_plus_context_plus_image,"{\n  ""predicted_label"": ""joy"",\n  ""confidence"": 0.95,\n  ""reason"": ""Phoebe's exclamation 'Yay!!' and her relieved tone in asking if someone is no longer mad indicate a strong sense of happiness and relief, consistent with the emotion of joy.""\n}",0.95,"Phoebe's exclamation 'Yay!!' and her relieved tone in asking if someone is no longer mad indicate a strong sense of happiness and relief, consistent with the emotion of joy.",false,joy,true
S0056,200,1,Joey,No! He blew us off!,"Joey: I dont get it! Ross: Hey! So uh, was he excited about the tickets?",anger,closed_set,text + context + image,qwen-vl-plus,closed_set:S0056:text_plus_context_plus_image,"{\n  ""predicted_label"": ""anger"",\n  ""confidence"": 0.95,\n  ""reason"": ""Joey's exclamation 'No! He blew us off!' conveys frustration and anger, supported by his body language and facial expression in the visual frames.""\n}",0.95,"Joey's exclamation 'No! He blew us off!' conveys frustration and anger, supported by his body language and facial expression in the visual frames.",false,anger,true
S0055,20,4,Rachel,"Oh, y'know Joey, you are sick!","Monica: It's my new perfume. Why don't you come closer where you can Joey: See look, Joey: No!",disgust,closed_set,text + context + image,qwen-vl-plus,closed_set:S0055:text_plus_context_plus_image,"{\n  ""predicted_label"": ""disgust"",\n  ""confidence"": 0.95,\n  ""reason"": ""Rachel's expression and tone suggest she is reacting with strong disapproval or revulsion, likely due to the context of Monica's new perfume being mentioned.""\n}",0.95,"Rachel's expression and tone suggest she is reacting with strong disapproval or revulsion, likely due to the context of Monica's new perfume being mentioned.",false,disgust,true
S0057,201,3,Ross,"Look, I  Look, Im having a great time with you and I just dont want us to move to fast or put to much pressure on us.","Ross: Yeah, it kinda grows on you.  Actually, I wanted to finish talking to you about uh, spring vacation. Joey: Oh yeah! Elizabeth: Oh good.",fear,closed_set,text + context + image,qwen-vl-plus,closed_set:S0057:text_plus_context_plus_image,"{\n  ""predicted_label"": ""joy"",\n  ""confidence"": 0.9,\n  ""reason"": ""Ross's facial expression and body language, including a slight smile and open hand gestures, suggest he is feeling positive and comfortable while expressing his thoughts about the relationship.""\n}",0.9,"Ross's facial expression and body language, including a slight smile and open hand gestures, suggest he is feeling positive and comfortable while expressing his thoughts about the relationship.",false,joy,false
S0058,201,4,Ross,"So, Im sorry I just dont think we should go away together yet.","Elizabeth: Oh good. Joey: I got in there myself once. Ross: Look, I  Look, Im having a great time with you and I just dont want us to move to fast or put to much pressure on us.",sadness,closed_set,text + context + image,qwen-vl-plus,closed_set:S0058:text_plus_context_plus_image,"{\n  ""predicted_label"": ""neutral"",\n  ""confidence"": 0.9,\n  ""reason"": ""Ross's tone and body language appear calm and measured, with no strong emotional indicators like anger, sadness, or excitement. His expression is composed, suggesting a neutral or reflective state.""\n}",0.9,"Ross's tone and body language appear calm and measured, with no strong emotional indicators like anger, sadness, or excitement. His expression is composed, suggesting a neutral or reflective state.",false,neutral,false
S0060,206,7,Ross,"I got it! Hey, you get to sleep with her, I get the cramps.","Carol: Ow, ow, ow, ow, leg cramp, leg cramp, leg cramp. Ross: I got it. Susan: I got it.",anger,closed_set,text + context + image,qwen-vl-plus,closed_set:S0060:text_plus_context_plus_image,"{\n  ""predicted_label"": ""joy"",\n  ""confidence"": 0.95,\n  ""reason"": ""Ross's facial expression and body language, including a smile and animated gestures, indicate excitement and happiness in response to the situation described.""\n}",0.95,"Ross's facial expression and body language, including a smile and animated gestures, indicate excitement and happiness in response to the situation described.",false,joy,false
S0059,205,3,Monica,Oh my God. You guys! You gotta come see this! There's some creep out there with a telescope!,"Rachel: So, um, will you bring the truck? Ross: I don't know, you don't wanna mess with corn nuts. They're craaazy. Fireman No. 3: I'll even let you ring the bell.",fear,closed_set,text + context + image,qwen-vl-plus,closed_set:S0059:text_plus_context_plus_image,"{\n  ""predicted_label"": ""surprise"",\n  ""confidence"": 0.95,\n  ""reason"": ""Monica's exclamation 'Oh my God' and her urgent tone indicate a strong reaction to something unexpected, likely the presence of a creep with a telescope. The group's attention is drawn toward her, reinforcing the sense of surprise.""\n}",0.95,"Monica's exclamation 'Oh my God' and her urgent tone indicate a strong reaction to something unexpected, likely the presence of a creep with a telescope. The group's attention is drawn toward her, reinforcing the sense of surprise.",false,surprise,false
S0061,211,6,Mrs. Geller,You dont know how that happened?! Your dog thought my diaphragm was a chew toy!,"Joey: Whoa-whoa-whoa-whoa, I-IHey! I did The Dry Cleaner: Thats my wife!!! Get out! Mr. Geller: Well, Id gotten Judy pregnant. I still dont know how that happened.",disgust,closed_set,text + context + image,qwen-vl-plus,closed_set:S0061:text_plus_context_plus_image,"{\n  ""predicted_label"": ""anger"",\n  ""confidence"": 0.95,\n  ""reason"": ""Mrs. Geller's facial expression shows clear signs of frustration and irritation, with furrowed brows and a tense mouth, indicating anger in response to the situation described.""\n}",0.95,"Mrs. Geller's facial expression shows clear signs of frustration and irritation, with furrowed brows and a tense mouth, indicating anger in response to the situation described.",false,anger,false
S0062,212,6,Janice,"On no! No! Its not good-bye, Im not leaving until you get on that plane.","Phoebe: Was it not pain-free? Chandler: Well, were really not that close.  Okay, so I guess this is uh, good-bye then. Monica: No. It was painful. Oh my God , they should call it Pain-zine, now with a little wax.",sadness,closed_set,text + context + image,qwen-vl-plus,closed_set:S0062:text_plus_context_plus_image,"{\n  ""predicted_label"": ""sadness"",\n  ""confidence"": 0.95,\n  ""reason"": ""Janice's expression shows distress and concern, with wide eyes and a slightly open mouth, indicating emotional intensity. Her plea to not leave until the other person gets on the plane suggests she is trying to prevent a separation, which aligns with sadness or fear of loss.""\n}",0.95,"Janice's expression shows distress and concern, with wide eyes and a slightly open mouth, indicating emotional intensity. Her plea to not leave until the other person gets on the plane suggests she is trying to prevent a separation, which aligns with sadness or fear of loss.",false,sadness,true
S0063,215,7,David,I-I do though.,"Phoebe: Thats good. I got to admit, I thought it was something else. David: Yeah, I Well I really actually wanted to say umm, that, but um, I figured I probably shouldnt because yknow, Ihave to leave. Phoebe: Youre right! Youre right. Dont say it.",sadness,closed_set,text + context + image,qwen-vl-plus,closed_set:S0063:text_plus_context_plus_image,"{\n  ""predicted_label"": ""fear"",\n  ""confidence"": 0.9,\n  ""reason"": ""David's hesitant and stammering speech ('I-I do though') combined with his facial expression in the image—showing a slightly wide-eyed, anxious look—suggests he is fearful or apprehensive about expressing his true feelings due to an impending departure.""\n}",0.9,"David's hesitant and stammering speech ('I-I do though') combined with his facial expression in the image—showing a slightly wide-eyed, anxious look—suggests he is fearful or apprehensive about expressing his true feelings due to an impending departure.",false,fear,false
S0064,217,1,Ross,Why are we in bed together?,Rachel: Ohhh! Joey: Whatever.,surprise,closed_set,text + context + image,qwen-vl-plus,closed_set:S0064:text_plus_context_plus_image,"{\n  ""predicted_label"": ""surprise"",\n  ""confidence"": 0.95,\n  ""reason"": ""Ross's wide eyes and open mouth, combined with his question 'Why are we in bed together?', indicate a strong sense of surprise or confusion about the situation.""\n}",0.95,"Ross's wide eyes and open mouth, combined with his question 'Why are we in bed together?', indicate a strong sense of surprise or confusion about the situation.",false,surprise,true
S0065,219,4,Joey,"And it came out, ""Squatternut buash?""","Joey: Hey, I wasn't the only one who looked like an idiot. Joey: All right? Joey: Remember when Ross tried to say, ""Butternut squash?""",joy,closed_set,text + context + image,qwen-vl-plus,closed_set:S0065:text_plus_context_plus_image,"{\n  ""predicted_label"": ""joy"",\n  ""confidence"": 0.95,\n  ""reason"": ""Joey's utterance and the context of recalling a humorous moment suggest amusement. The visual shows both Joey and Rachel smiling, indicating a lighthearted and joyful interaction.""\n}",0.95,"Joey's utterance and the context of recalling a humorous moment suggest amusement. The visual shows both Joey and Rachel smiling, indicating a lighthearted and joyful interaction.",false,joy,true
S0066,22,9,Monica,Chandler that's crazy!,"Monica: Why, exactly? Ross: My first time with Carol was... Chandler: Because of the weekend, we had a fight.",surprise,closed_set,text + context + image,qwen-vl-plus,closed_set:S0066:text_plus_context_plus_image,"{\n  ""predicted_label"": ""surprise"",\n  ""confidence"": 0.95,\n  ""reason"": ""Monica's facial expression shows wide eyes and a slight smile, indicating surprise or amusement in response to Chandler's statement.""\n}",0.95,"Monica's facial expression shows wide eyes and a slight smile, indicating surprise or amusement in response to Chandler's statement.",false,surprise,true
S0068,226,18,Rachel,"Yeah, yeah, you go talk to your friend. You tell him, ""Nice try.""","Tom: I'm sorry? Rachel: No, it's all right, you can just drop the act Tommy. Tom: I'm gonna go talk to uh, a friend.",disgust,closed_set,text + context + image,qwen-vl-plus,closed_set:S0068:text_plus_context_plus_image,"{\n  ""predicted_label"": ""anger"",\n  ""confidence"": 0.9,\n  ""reason"": ""Rachel's tone and facial expression convey frustration and irritation, likely in response to Tom's behavior or words.""\n}",0.9,"Rachel's tone and facial expression convey frustration and irritation, likely in response to Tom's behavior or words.",false,anger,false
S0067,222,5,Rachel,I got my hair coloured!,"Doug: Hi. So good news, the divorce is final. I signed the papers this A.M. Rachel: Ive been waiting for this for months! Chandler: I didnt know you and Carol were getting divorced, Im sorry.",joy,closed_set,text + context + image,qwen-vl-plus,closed_set:S0067:text_plus_context_plus_image,"{\n  ""predicted_label"": ""joy"",\n  ""confidence"": 0.95,\n  ""reason"": ""Rachel's wide smile, animated hand gestures, and overall lively demeanor in the visual frames strongly indicate a joyful emotion. This aligns with her enthusiastic utterance about getting her hair colored, suggesting excitement and happiness.""\n}",0.95,"Rachel's wide smile, animated hand gestures, and overall lively demeanor in the visual frames strongly indicate a joyful emotion. This aligns with her enthusiastic utterance about getting her hair colored, suggesting excitement and happiness.",false,joy,true
S0069,228,1,Joey,"Look, Pheebs, I just, I wanna apologize for, for saying that your method was stupid and-and maybe ask you to be my teacher again.","Gunther: Remind me to review with you which pot is decaf and which is regular. Phoebe: No, I can't talk to you! I don't have a fancy ad in the Yellow Pages!",sadness,closed_set,text + context + image,qwen-vl-plus,closed_set:S0069:text_plus_context_plus_image,"{\n  ""predicted_label"": ""joy"",\n  ""confidence"": 0.9,\n  ""reason"": ""Joey's apology and request to be Phoebe's teacher again suggest a positive emotional shift, indicating joy or relief in reconciling their relationship.""\n}",0.9,"Joey's apology and request to be Phoebe's teacher again suggest a positive emotional shift, indicating joy or relief in reconciling their relationship.",false,joy,false
S0070,23,2,Ross,"My marriage, I think my marriage is um, is kinda over.","Phoebe: Oh, its already closed, Chris gave me the keys to lock up-what is wrong? Danny: So you like the short hair better. Chandler: Okay! You dont think I thought of that?",sadness,closed_set,text + context + image,qwen-vl-plus,closed_set:S0070:text_plus_context_plus_image,"{\n  ""predicted_label"": ""sadness"",\n  ""confidence"": 0.95,\n  ""reason"": ""Ross's statement about his marriage being 'kinda over' indicates emotional distress and sadness. His facial expression in the image also reflects a somber and concerned demeanor, reinforcing the classification of sadness.""\n}",0.95,"Ross's statement about his marriage being 'kinda over' indicates emotional distress and sadness. His facial expression in the image also reflects a somber and concerned demeanor, reinforcing the classification of sadness.",false,sadness,true
S0072,232,7,Monica,I might've said that.  Why is that funny?,"Monica: Ok, hypothetically, why won't I be married when I'm 40? Chandler: Really?! That's what you heard?  You said that? Chandler: No, no, no.",neutral,closed_set,text + context + image,qwen-vl-plus,closed_set:S0072:text_plus_context_plus_image,"{\n  ""predicted_label"": ""surprise"",\n  ""confidence"": 0.9,\n  ""reason"": ""Monica's expression and tone suggest surprise or confusion in response to Chandler's laughter, as she questions why his reaction is funny.""\n}",0.9,"Monica's expression and tone suggest surprise or confusion in response to Chandler's laughter, as she questions why his reaction is funny.",false,surprise,false
S0071,231,1,Chandler,"See, yes.","Chandler: I know. Ross: Okay, thats a fire. Oh yeah. Oh yeah.",neutral,closed_set,text + context + image,qwen-vl-plus,closed_set:S0071:text_plus_context_plus_image,"{\n  ""predicted_label"": ""neutral"",\n  ""confidence"": 0.95,\n  ""reason"": ""Chandler's utterance 'See, yes.' is brief and lacks emotional intensity. The conversation context does not indicate strong emotion, and the visual frames show a calm beach scene with no signs of distress or heightened emotion.""\n}",0.95,"Chandler's utterance 'See, yes.' is brief and lacks emotional intensity. The conversation context does not indicate strong emotion, and the visual frames show a calm beach scene with no signs of distress or heightened emotion.",false,neutral,true
S0074,234,6,Chandler,Stop making candy!,"Monica: Its unbelievable! I-I cant believe that sign didnt work! Tommy: You were gonna spill hot coffee all over me, huh?!! Chandler: Yknow what would work?",anger,closed_set,text + context + image,qwen-vl-plus,closed_set:S0074:text_plus_context_plus_image,"{\n  ""predicted_label"": ""anger"",\n  ""confidence"": 0.9,\n  ""reason"": ""Chandler's expression shows a furrowed brow and an open mouth, indicating frustration or irritation. The context of the conversation, where he is responding to Monica and Tommy's actions, supports this as a reaction to something he perceives as inappropriate or annoying.""\n}",0.9,"Chandler's expression shows a furrowed brow and an open mouth, indicating frustration or irritation. The context of the conversation, where he is responding to Monica and Tommy's actions, supports this as a reaction to something he perceives as inappropriate or annoying.",false,anger,true
S0073,233,6,Phoebe,"We did have fun, didn't we?","Rachel: It wouldn't have mattered anyway, Phoebe, you and I are, are gonna live together, we're roommates; that's the deal. Phoebe: Yes, but I wanted you to want to live with me, but okay, if you're having so much fun over here Rachel: Oh, it's so much more fun with you.",joy,closed_set,text + context + image,qwen-vl-plus,closed_set:S0073:text_plus_context_plus_image,"{\n  ""predicted_label"": ""joy"",\n  ""confidence"": 0.95,\n  ""reason"": ""Phoebe's wide smile and the positive tone of her statement, 'We did have fun, didn't we?' combined with Rachel's enthusiastic response, indicate a joyful and happy interaction.""\n}",0.95,"Phoebe's wide smile and the positive tone of her statement, 'We did have fun, didn't we?' combined with Rachel's enthusiastic response, indicate a joyful and happy interaction.",false,joy,true
S0075,234,9,Monica,"Umm, going to the beach. When it stays light real late.",Tommy: Huh? Rachel: Whats your favourite thing about summertime? Chandler: You mean they like you.,neutral,closed_set,text + context + image,qwen-vl-plus,closed_set:S0075:text_plus_context_plus_image,"{\n  ""predicted_label"": ""joy"",\n  ""confidence"": 0.95,\n  ""reason"": ""Monica's mention of going to the beach and enjoying late sunlight suggests a positive, happy mood. The relaxed body language and smiles in the visual context further support this classification.""\n}",0.95,"Monica's mention of going to the beach and enjoying late sunlight suggests a positive, happy mood. The relaxed body language and smiles in the visual context further support this classification.",false,joy,false
S0076,235,4,Monica,What? We could do it!,"Rachel: Uh, wait, so you guys are telling me you actually did the routine from eighth grade? Monica: Yeah. But of course we had to update it a little bit.  Hey, by the way, great thinking about catching me! Rachel: Cos I was gonna say theres no way you couldve done the end the way you guys did it back then!",surprise,closed_set,text + context + image,qwen-vl-plus,closed_set:S0076:text_plus_context_plus_image,"{\n  ""predicted_label"": ""surprise"",\n  ""confidence"": 0.95,\n  ""reason"": ""Monica's exclamation 'What? We could do it!' conveys surprise and excitement, likely in response to Rachel's comment about their ability to perform the routine from eighth grade. The visual context shows Monica smiling and engaged, reinforcing the positive and surprised tone.""\n}",0.95,"Monica's exclamation 'What? We could do it!' conveys surprise and excitement, likely in response to Rachel's comment about their ability to perform the routine from eighth grade. The visual context shows Monica smiling and engaged, reinforcing the positive and surprised tone.",false,surprise,true
S0077,237,5,Chandler,"Eight and a half hours of aptitude tests, intelligence tests, personality tests... and what do I learn?","Monica: And y'know what, I get excited about stupid stuff, like when I my Rachel: My God! What happened to you? Julio: Whoa, whoa, whoa.",disgust,closed_set,text + context + image,qwen-vl-plus,closed_set:S0077:text_plus_context_plus_image,"{\n  ""predicted_label"": ""anger"",\n  ""confidence"": 0.9,\n  ""reason"": ""Chandler's facial expression shows frustration and annoyance, with furrowed brows and a tense mouth, suggesting he is upset about the extensive testing mentioned in his utterance.""\n}",0.9,"Chandler's facial expression shows frustration and annoyance, with furrowed brows and a tense mouth, suggesting he is upset about the extensive testing mentioned in his utterance.",false,anger,false
S0078,241,13,Joey,"Why would you ruin it, who was that hurtin'?","Joey: Oh, ain't that nice? The three of you trying on slutty lingerie together. Woman: Really?! Rachel: That's not what we're gonna do!",disgust,closed_set,text + context + image,qwen-vl-plus,closed_set:S0078:text_plus_context_plus_image,"{\n  ""predicted_label"": ""anger"",\n  ""confidence"": 0.9,\n  ""reason"": ""Joey's facial expression shows raised eyebrows, a furrowed brow, and an open mouth, indicating frustration or anger. His tone in the utterance 'Why would you ruin it, who was that hurtin'?' further supports this emotion, as he appears to be questioning someone's actions with a confrontational tone.""\n}",0.9,"Joey's facial expression shows raised eyebrows, a furrowed brow, and an open mouth, indicating frustration or anger. His tone in the utterance 'Why would you ruin it, who was that hurtin'?' further supports this emotion, as he appears to be questioning someone's actions with a confrontational tone.",false,anger,false
S0079,244,6,Chandler,"Well lets see, there was the guy with the ferrets, thats plural.","Rachel: What did, what did he say? Phoebe: Why, nobody good? Ross: Basically he told me to get over myself and just do it, ya know.",disgust,closed_set,text + context + image,qwen-vl-plus,closed_set:S0079:text_plus_context_plus_image,"{\n  ""predicted_label"": ""neutral"",\n  ""confidence"": 0.9,\n  ""reason"": ""Chandler's tone and body language appear calm and matter-of-fact, with no strong emotional cues present in the utterance or visual context.""\n}",0.9,"Chandler's tone and body language appear calm and matter-of-fact, with no strong emotional cues present in the utterance or visual context.",false,neutral,false
S0080,250,0,Leslie,"Well, I y'know, I was just, umm, I was just thinking and hoping, that umm, maybe youd want to get back together?",,fear,closed_set,text + context + image,qwen-vl-plus,closed_set:S0080:text_plus_context_plus_image,"{\n  ""predicted_label"": ""sadness"",\n  ""confidence"": 0.85,\n  ""reason"": ""The speaker's hesitant tone and the content of the utterance, expressing hope for reconciliation, suggest underlying sadness or longing. The visual context shows a contemplative expression, reinforcing this emotional state.""\n}",0.85,"The speaker's hesitant tone and the content of the utterance, expressing hope for reconciliation, suggest underlying sadness or longing. The visual context shows a contemplative expression, reinforcing this emotional state.",false,sadness,false
S0082,254,3,Ross,What are you doing? We're going to a hospital.,"Monica: No, no! Give it to me! Ross: Yeah, save it for the cab, okay. Phoebe: You can't have it.",surprise,closed_set,text + context + image,qwen-vl-plus,closed_set:S0082:text_plus_context_plus_image,"{\n  ""predicted_label"": ""surprise"",\n  ""confidence"": 0.95,\n  ""reason"": ""Ross's wide-eyed expression and open mouth in the image suggest surprise or shock, likely in response to the situation described in the conversation context.""\n}",0.95,"Ross's wide-eyed expression and open mouth in the image suggest surprise or shock, likely in response to the situation described in the conversation context.",false,surprise,true
S0081,252,7,Ross,"Well I, I don't know. Why?","Ross: No-no, he's, he's very docile. Ross: Does it?! Dr. Baldhara: Even if he were... cornered?",neutral,closed_set,text + context + image,qwen-vl-plus,closed_set:S0081:text_plus_context_plus_image,"{\n  ""predicted_label"": ""confusion"",\n  ""confidence"": 0.9,\n  ""reason"": ""Ross's expression and body language, combined with his hesitant and questioning utterance ('Well I, I don't know. Why?'), suggest he is confused or uncertain about the situation being discussed.""\n}",0.9,"Ross's expression and body language, combined with his hesitant and questioning utterance ('Well I, I don't know. Why?'), suggest he is confused or uncertain about the situation being discussed.",false,neutral,true
S0084,257,2,Rachel,I cant watch!,"Joey: All right, I know! I know. Yeah, itll be okay. Chandler: You know it? Rachel: Oh my God.Whats he gonna do now?",fear,closed_set,text + context + image,qwen-vl-plus,closed_set:S0084:text_plus_context_plus_image,"{\n  ""predicted_label"": ""fear"",\n  ""confidence"": 0.95,\n  ""reason"": ""Rachel's expression and body language, combined with her utterance 'I can't watch!', indicate she is experiencing fear or distress in response to something happening off-screen.""\n}",0.95,"Rachel's expression and body language, combined with her utterance 'I can't watch!', indicate she is experiencing fear or distress in response to something happening off-screen.",false,fear,true
S0083,256,5,Ross,"Because with seahorses its the male, they carry the babies.","Rachel: You. Like you havent done enough. Ross: Look, I-I know how miserable you are, I wish there was something I can do. Ross: I mean I wish I were a seahorse.",neutral,closed_set,text + context + image,qwen-vl-plus,closed_set:S0083:text_plus_context_plus_image,"{\n  ""predicted_label"": ""neutral"",\n  ""confidence"": 0.95,\n  ""reason"": ""Ross's expression and tone appear calm and matter-of-fact, with no strong emotional indicators such as raised eyebrows, frowning, or animated gestures. The context of discussing seahorses suggests a neutral, informative delivery.""\n}",0.95,"Ross's expression and tone appear calm and matter-of-fact, with no strong emotional indicators such as raised eyebrows, frowning, or animated gestures. The context of discussing seahorses suggests a neutral, informative delivery.",false,neutral,true
S0086,260,3,Phoebe,"Yeah, she clamed she had to go out of town suddenly.","Phoebe: She cancelled! My namesake cancelled on me! Rachel: Even when I found outumm, all right, well let's just say I found something out something about someone and let's just say she's gonna keep it. Joey: What?!",sadness,closed_set,text + context + image,qwen-vl-plus,closed_set:S0086:text_plus_context_plus_image,"{\n  ""predicted_label"": ""anger"",\n  ""confidence"": 0.9,\n  ""reason"": ""Phoebe's tone and the context of her utterance suggest frustration or anger due to being cancelled on by someone named after her, as indicated by her statement 'She cancelled! My namesake cancelled on me!'""\n}",0.9,"Phoebe's tone and the context of her utterance suggest frustration or anger due to being cancelled on by someone named after her, as indicated by her statement 'She cancelled! My namesake cancelled on me!'",false,anger,false
S0085,257,4,Rachel,"Seriously, how can you watch this?","Rachel: I cant watch! Chandler: Oh, sure, they love us over there. Rachel: Oh.",sadness,closed_set,text + context + image,qwen-vl-plus,closed_set:S0085:text_plus_context_plus_image,"{\n  ""predicted_label"": ""disgust"",\n  ""confidence"": 0.95,\n  ""reason"": ""Rachel's expression and body language, including her hand covering her face and wide eyes, combined with the context of her saying 'Seriously, how can you watch this?' strongly indicate a feeling of disgust or revulsion towards something she is watching.""\n}",0.95,"Rachel's expression and body language, including her hand covering her face and wide eyes, combined with the context of her saying 'Seriously, how can you watch this?' strongly indicate a feeling of disgust or revulsion towards something she is watching.",false,disgust,false
S0087,263,1,Monica,"Really?  My God, hes really cute.",Ross: Hi. Phoebe: Oh my God! That guy at the counter is totally checking you out!,surprise,closed_set,text + context + image,qwen-vl-plus,closed_set:S0087:text_plus_context_plus_image,"{\n  ""predicted_label"": ""joy"",\n  ""confidence"": 0.95,\n  ""reason"": ""Monica's expression and tone convey excitement and delight, consistent with the positive sentiment of her utterance about someone being 'really cute.'""\n}",0.95,"Monica's expression and tone convey excitement and delight, consistent with the positive sentiment of her utterance about someone being 'really cute.'",false,joy,false
S0088,265,0,Ross,"But we haven't seen each other since then. Well I land in China, guess who's in charge of the dig.",,surprise,closed_set,text + context + image,qwen-vl-plus,closed_set:S0088:text_plus_context_plus_image,"{\n  ""predicted_label"": ""surprise"",\n  ""confidence"": 0.9,\n  ""reason"": ""Ross's wide eyes and open mouth, along with his expressive hand gesture, suggest he is reacting with surprise to the unexpected news about someone being in charge of the dig.""\n}",0.9,"Ross's wide eyes and open mouth, along with his expressive hand gesture, suggest he is reacting with surprise to the unexpected news about someone being in charge of the dig.",false,surprise,true
S0090,27,6,Monica,"Phoebe, come on, you have to tell us.","Chandler: Why not? Phoebe: I cant say because hes famous. Rachel: Oh my God, who is it?!",anger,closed_set,text + context + image,qwen-vl-plus,closed_set:S0090:text_plus_context_plus_image,"{\n  ""predicted_label"": ""surprise"",\n  ""confidence"": 0.95,\n  ""reason"": ""Monica's urgent tone and the context of Rachel asking 'Who is it?' suggest she is trying to reveal something unexpected, likely a surprising or shocking piece of information.""\n}",0.95,"Monica's urgent tone and the context of Rachel asking 'Who is it?' suggest she is trying to reveal something unexpected, likely a surprising or shocking piece of information.",false,surprise,false
S0089,267,9,Director,Have fun.,"Director: Aw come on Joey, it's easy. Director: Y'know, it's hand, hand, head, head,  up, pas de bouree, pas de bouree, big turn here, grand sissone, sissone, sissone, slide back, step, step, step, and jazz hands! Joey: It's ah, step-ity, step and jazz hands.",neutral,closed_set,text + context + image,qwen-vl-plus,closed_set:S0089:text_plus_context_plus_image,"{\n  ""predicted_label"": ""joy"",\n  ""confidence"": 0.95,\n  ""reason"": ""The speaker, Director, utters 'Have fun,' which conveys a positive and encouraging tone. The visual context shows the Director smiling and gesturing warmly, indicating a joyful and supportive interaction with Joey.""\n}",0.95,"The speaker, Director, utters 'Have fun,' which conveys a positive and encouraging tone. The visual context shows the Director smiling and gesturing warmly, indicating a joyful and supportive interaction with Joey.",false,joy,false
S0092,270,10,Ross,"Hey, hey, Yertle the Turtle. A classic.","Susan: Yes, I'm familiar with the concept. We can just look for it. Ross: Ok.  Wow, you guys sure have a lot of books about bein' a lesbian. Susan: Well, you know, you have to take a course. Otherwise, they don't let you do it.",joy,closed_set,text + context + image,qwen-vl-plus,closed_set:S0092:text_plus_context_plus_image,"{\n  ""predicted_label"": ""joy"",\n  ""confidence"": 0.95,\n  ""reason"": ""Ross's tone and body language in the image suggest amusement and lightheartedness, particularly with his slight smile and relaxed posture while referencing a classic children's book.""\n}",0.95,"Ross's tone and body language in the image suggest amusement and lightheartedness, particularly with his slight smile and relaxed posture while referencing a classic children's book.",false,joy,true
S0091,270,0,Ross,"Come here to me. No-no, you come here to me.",,neutral,closed_set,text + context + image,qwen-vl-plus,closed_set:S0091:text_plus_context_plus_image,"{\n  ""predicted_label"": ""neutral"",\n  ""confidence"": 0.9,\n  ""reason"": ""The speaker's tone appears calm and non-emotional, and the visual context shows a relaxed posture with no signs of strong emotion.""\n}",0.9,"The speaker's tone appears calm and non-emotional, and the visual context shows a relaxed posture with no signs of strong emotion.",false,neutral,true
S0093,272,0,Phoebe,"How could you pick up a hitchhiker?! He could be a rape, a rapist or a killer or something!",,fear,closed_set,text + context + image,qwen-vl-plus,closed_set:S0093:text_plus_context_plus_image,"{\n  ""predicted_label"": ""fear"",\n  ""confidence"": 0.95,\n  ""reason"": ""Phoebe's expression and tone convey alarm and concern, likely due to the potential danger of picking up a hitchhiker. The visual shows her with wide eyes and an open mouth, indicating fear or shock.""\n}",0.95,"Phoebe's expression and tone convey alarm and concern, likely due to the potential danger of picking up a hitchhiker. The visual shows her with wide eyes and an open mouth, indicating fear or shock.",false,fear,true
S0094,272,3,Hitchhiker,No!,"Joey: Dont you think I asked him that before he got in?! Emily: And then the florist phoned to say there arent any tulips. Phoebe: Yknow what? Im not talking to you! You go back to sleep!  And you, are you a rapist?!",anger,closed_set,text + context + image,qwen-vl-plus,closed_set:S0094:text_plus_context_plus_image,"{\n  ""predicted_label"": ""fear"",\n  ""confidence"": 0.95,\n  ""reason"": ""The speaker's exclamation 'No!' conveys a strong sense of alarm or fear. This is further supported by the visual context, where the woman appears tense and alert, looking back as if reacting to something threatening. The man's expression also suggests concern or apprehension, reinforcing the emotional tone of fear.""\n}",0.95,"The speaker's exclamation 'No!' conveys a strong sense of alarm or fear. This is further supported by the visual context, where the woman appears tense and alert, looking back as if reacting to something threatening. The man's expression also suggests concern or apprehension, reinforcing the emotional tone of fear.",false,fear,false
S0096,275,10,Joey,"Oh no, no-no-no-no! I don't want to know!","Rachel: Okay. Okay. Okay. Joey, I have Joey: What-what is it, what is it? Rachel: Oh my God, it's so huge, but you just have to promise me that you cannot tell anyone.",fear,closed_set,text + context + image,qwen-vl-plus,closed_set:S0096:text_plus_context_plus_image,"{\n  ""predicted_label"": ""fear"",\n  ""confidence"": 0.95,\n  ""reason"": ""Joey's body language, including his wide eyes, open mouth, and defensive gestures, along with his repeated exclamations of 'Oh no,' strongly indicate fear or anxiety in response to Rachel's urgent and secretive behavior.""\n}",0.95,"Joey's body language, including his wide eyes, open mouth, and defensive gestures, along with his repeated exclamations of 'Oh no,' strongly indicate fear or anxiety in response to Rachel's urgent and secretive behavior.",false,fear,true
S0095,273,17,Ross,How rude.,"Chandler: Oh all right. Ross: Oh perfect, we were just gonna see if you wanted to go. Chandler: Oh well, we dont because we gottheother pl-place.",disgust,closed_set,text + context + image,qwen-vl-plus,closed_set:S0095:text_plus_context_plus_image,"{\n  ""predicted_label"": ""anger"",\n  ""confidence"": 0.95,\n  ""reason"": ""Ross's utterance 'How rude.' combined with his facial expression and body language in the visual frames, which show a tense and confrontational stance, strongly indicates anger.""\n}",0.95,"Ross's utterance 'How rude.' combined with his facial expression and body language in the visual frames, which show a tense and confrontational stance, strongly indicates anger.",false,anger,false
S0097,275,14,Joey,And you're not supposed to be gossiping!!,"Rachel: Yes! Yes! Yes, you do want to know! This is unbelievable! Joey: I don't care, Rach! Look, I am tired of being the guy who knows all the secrets but can't tell anyone! Rachel: What? What secrets? You know secrets? What are they?",disgust,closed_set,text + context + image,qwen-vl-plus,closed_set:S0097:text_plus_context_plus_image,"{\n  ""predicted_label"": ""anger"",\n  ""confidence"": 0.95,\n  ""reason"": ""Joey's facial expression and body language, including his open mouth as if shouting and pointing gesture, strongly indicate anger. His tone and words ('And you're not supposed to be gossiping!!') further support this classification.""\n}",0.95,"Joey's facial expression and body language, including his open mouth as if shouting and pointing gesture, strongly indicate anger. His tone and words ('And you're not supposed to be gossiping!!') further support this classification.",false,anger,false
S0098,278,0,Chandler,Someone on the subway licked my neck! Licked my neck!!,,disgust,closed_set,text + context + image,qwen-vl-plus,closed_set:S0098:text_plus_context_plus_image,"{\n  ""predicted_label"": ""surprise"",\n  ""confidence"": 0.95,\n  ""reason"": ""Chandler's exclamation and the context of an unexpected event (someone licking his neck on the subway) strongly indicate surprise as the primary emotion.""\n}",0.95,Chandler's exclamation and the context of an unexpected event (someone licking his neck on the subway) strongly indicate surprise as the primary emotion.,false,surprise,false
S0100,28,1,Phoebe,"Oh, this life! Oh okay no, Chandler's is worse.","Ross: In Man: Oh uh, up or down? Ross: Please!",sadness,closed_set,text + context + image,qwen-vl-plus,closed_set:S0100:text_plus_context_plus_image,"{\n  ""predicted_label"": ""disgust"",\n  ""confidence"": 0.95,\n  ""reason"": ""Phoebe's tone and facial expression convey strong disapproval or distaste, likely in response to Chandler's behavior or situation, as indicated by her exclamation 'Oh okay no, Chandler's is worse.'""\n}",0.95,"Phoebe's tone and facial expression convey strong disapproval or distaste, likely in response to Chandler's behavior or situation, as indicated by her exclamation 'Oh okay no, Chandler's is worse.'",false,disgust,false
S0099,278,9,Monica,"Oh, heres a great one.","Joey: Tequila!! Chandler: I dont know what it is, I just cant take a good picture. Phoebe: That's fun.",joy,closed_set,text + context + image,qwen-vl-plus,closed_set:S0099:text_plus_context_plus_image,"{\n  ""predicted_label"": ""joy"",\n  ""confidence"": 0.95,\n  ""reason"": ""Monica's tone and the context of her saying 'Oh, here's a great one' suggest excitement or enthusiasm. The visual shows her engaged in a positive interaction with Phoebe, further supporting the label of joy.""\n}",0.95,"Monica's tone and the context of her saying 'Oh, here's a great one' suggest excitement or enthusiasm. The visual shows her engaged in a positive interaction with Phoebe, further supporting the label of joy.",false,joy,true
S0102,287,6,Joey,"I know, butcome on, man, she's needy, she's vulnerable.","Joey: The only reason she's goin' out with me is because I said I could bring a friend for her friend. Chandler: Yes, I know, but her friend sounds like such a... Joey: Pathetic mess?",neutral,closed_set,text + context + image,qwen-vl-plus,closed_set:S0102:text_plus_context_plus_image,"{\n  ""predicted_label"": ""anger"",\n  ""confidence"": 0.9,\n  ""reason"": ""Joey's tone and body language, combined with his critical statement about the woman being 'needy' and 'vulnerable,' suggest frustration or irritation, aligning with the emotion of anger.""\n}",0.9,"Joey's tone and body language, combined with his critical statement about the woman being 'needy' and 'vulnerable,' suggest frustration or irritation, aligning with the emotion of anger.",false,anger,false
S0101,28,2,Joey,"Man, it must be so cool remembering stuff like that! I don't have any past life memories.","Phoebe: Oh, this life! Oh okay no, Chandler's is worse. Phoebe: Oh down please.  I-I hate to be a ball buster can I just do it? Ross: Are you kidding?",joy,closed_set,text + context + image,qwen-vl-plus,closed_set:S0101:text_plus_context_plus_image,"{\n  ""predicted_label"": ""joy"",\n  ""confidence"": 0.9,\n  ""reason"": ""Joey's expression and tone convey enthusiasm and admiration for the idea of remembering past life memories, indicating a positive and joyful emotion.""\n}",0.9,"Joey's expression and tone convey enthusiasm and admiration for the idea of remembering past life memories, indicating a positive and joyful emotion.",false,joy,true
S0103,29,6,Chandler,"Look, we have enough, just walk away.",Monica: What?  Why? Rachel: No. Ross: There's something new in the bowl.,fear,closed_set,text + context + image,qwen-vl-plus,closed_set:S0103:text_plus_context_plus_image,"{\n  ""predicted_label"": ""anger"",\n  ""confidence"": 0.9,\n  ""reason"": ""Chandler's body language, including his hand on his chest and intense facial expression, combined with the assertive tone of his utterance 'Look, we have enough, just walk away,' strongly suggests he is feeling angry or frustrated.""\n}",0.9,"Chandler's body language, including his hand on his chest and intense facial expression, combined with the assertive tone of his utterance 'Look, we have enough, just walk away,' strongly suggests he is feeling angry or frustrated.",false,anger,false
S0104,291,0,Phoebe,"No look, I-Im sure that people know you exist!",,sadness,closed_set,text + context + image,qwen-vl-plus,closed_set:S0104:text_plus_context_plus_image,"{\n  ""predicted_label"": ""surprise"",\n  ""confidence"": 0.9,\n  ""reason"": ""Phoebe's utterance 'No look, I-I'm sure that people know you exist!' suggests a moment of realization or shock, likely in response to the visual context where she sees someone she didn't expect to see in the casino setting.""\n}",0.9,"Phoebe's utterance 'No look, I-I'm sure that people know you exist!' suggests a moment of realization or shock, likely in response to the visual context where she sees someone she didn't expect to see in the casino setting.",false,surprise,false
S0105,295,13,Joey,"Well, she graduated from high school!","Phoebe: ThatIts not the same thing! This is Joey: Okay, well my girl from the other night was special. She was a scientist too! Phoebe: She was?",anger,closed_set,text + context + image,qwen-vl-plus,closed_set:S0105:text_plus_context_plus_image,"{\n  ""predicted_label"": ""joy"",\n  ""confidence"": 0.9,\n  ""reason"": ""Joey's statement about his girl being special and a scientist, combined with the context of Phoebe's surprised reaction, suggests excitement and happiness. The visual shows Joey engaged in conversation, likely sharing something positive.""\n}",0.9,"Joey's statement about his girl being special and a scientist, combined with the context of Phoebe's surprised reaction, suggests excitement and happiness. The visual shows Joey engaged in conversation, likely sharing something positive.",false,joy,false
S0106,30,4,Paul,"So Ross, what your problem?","Phoebe: Dont worry about me, Im a robot! Im just a machine!! Janice: Oh,  I wish. No, you know he was just trying Ross's Hug and Roll thing. Ross: Of course, of course, Mr. Stevens.",anger,closed_set,text + context + image,qwen-vl-plus,closed_set:S0106:text_plus_context_plus_image,"{\n  ""predicted_label"": ""anger"",\n  ""confidence"": 0.9,\n  ""reason"": ""Paul's tone and facial expression in the image suggest frustration or irritation, likely stemming from the conversation context where he is questioning Ross about an issue.""\n}",0.9,"Paul's tone and facial expression in the image suggest frustration or irritation, likely stemming from the conversation context where he is questioning Ross about an issue.",false,anger,true
S0107,30,7,Ross,Thats funny. Umm.  Its not funny.,Ross: Eh-whExcuse me? Joey: What? Paul: Why cant you get a girlfriend your own age?,fear,closed_set,text + context + image,qwen-vl-plus,closed_set:S0107:text_plus_context_plus_image,"{\n  ""predicted_label"": ""joy"",\n  ""confidence"": 0.9,\n  ""reason"": ""Ross's facial expression shows a smile and relaxed demeanor, indicating amusement or happiness despite his verbal hesitation. The context of the conversation also suggests a lighthearted tone.""\n}",0.9,"Ross's facial expression shows a smile and relaxed demeanor, indicating amusement or happiness despite his verbal hesitation. The context of the conversation also suggests a lighthearted tone.",false,joy,false
S0108,306,4,Carol,"Y'know what, I want to talk to you about this so much, but we should probably do it when we could really get into it, are you free for dinner tomorrow night?","Ross: Cause you know love lasts forever, y'know. Ross: Nothing like it in this lifetime, money in the bank, so Rachel and I broke up. Carol: Oh God, Ross I am so sorry.",neutral,closed_set,text + context + image,qwen-vl-plus,closed_set:S0108:text_plus_context_plus_image,"{\n  ""predicted_label"": ""sadness"",\n  ""confidence"": 0.9,\n  ""reason"": ""Carol's facial expression shows concern and empathy, consistent with the context of Ross breaking up with Rachel. Her tone and body language suggest she is trying to offer support, indicating sadness or sympathy.""\n}",0.9,"Carol's facial expression shows concern and empathy, consistent with the context of Ross breaking up with Rachel. Her tone and body language suggest she is trying to offer support, indicating sadness or sympathy.",false,sadness,false
S0110,32,2,Dr. Long,"So, eight days late huh?","Rachel: Okay. Phoebe Sr: Take it easy--if you want, theres cookies on the counter, or, or--sangria!  I can make sangria! Phoebe: Oh yeah, I'm sure.  And all of a sudden his hands weren't the problem anymore.",surprise,closed_set,text + context + image,qwen-vl-plus,closed_set:S0110:text_plus_context_plus_image,"{\n  ""predicted_label"": ""neutral"",\n  ""confidence"": 0.9,\n  ""reason"": ""Dr. Long's tone and facial expression appear calm and composed, with no strong emotional indicators such as anger, sadness, or surprise. The context suggests a routine medical conversation rather than an emotionally charged interaction.""\n}",0.9,"Dr. Long's tone and facial expression appear calm and composed, with no strong emotional indicators such as anger, sadness, or surprise. The context suggests a routine medical conversation rather than an emotionally charged interaction.",false,neutral,false
S0109,316,2,Chandler,"I know you cant stand to be in the same room as me, so I just thought Id try and apologize over the phone.","Joey: Hello. Chandler: Hey, its me.",sadness,closed_set,text + context + image,qwen-vl-plus,closed_set:S0109:text_plus_context_plus_image,"{\n  ""predicted_label"": ""sadness"",\n  ""confidence"": 0.9,\n  ""reason"": ""Chandler's tone and body language, combined with the context of apologizing over the phone due to an inability to be in the same room, suggest a sense of regret or sorrow.""\n}",0.9,"Chandler's tone and body language, combined with the context of apologizing over the phone due to an inability to be in the same room, suggest a sense of regret or sorrow.",false,sadness,true
S0112,32,13,Ross,Guys?,"Dr. Long: Okay, theres an herbal tea you can drink. Phoebe: Yeah, no, it was great. Ross: It's your moral obligation, as a friend, as a woman, I think it's a feminist issue!",anger,closed_set,text + context + image,qwen-vl-plus,closed_set:S0112:text_plus_context_plus_image,"{\n  ""predicted_label"": ""surprise"",\n  ""confidence"": 0.9,\n  ""reason"": ""Ross's wide eyes and open mouth, along with his gesture of pointing, suggest he is expressing surprise or making an emphatic point in response to the conversation.""\n}",0.9,"Ross's wide eyes and open mouth, along with his gesture of pointing, suggest he is expressing surprise or making an emphatic point in response to the conversation.",false,surprise,false
S0111,32,8,Phoebe,"Oh, what? What was it?","Dr. Long: It still could last a little while longer. Phoebe Sr: Ohh, well. Y'know we were always together, in fact the had a nickname for the three of us. Ross: The actress!",surprise,closed_set,text + context + image,qwen-vl-plus,closed_set:S0111:text_plus_context_plus_image,"{\n  ""predicted_label"": ""surprise"",\n  ""confidence"": 0.95,\n  ""reason"": ""Phoebe's utterance 'Oh, what? What was it?' and her facial expression in the images suggest confusion and surprise, likely reacting to something unexpected or unclear in the conversation.""\n}",0.95,"Phoebe's utterance 'Oh, what? What was it?' and her facial expression in the images suggest confusion and surprise, likely reacting to something unexpected or unclear in the conversation.",false,surprise,true
S0113,321,8,Phoebe,We didnt have sex.,"Eric: Uh, the sex. Phoebe: What sex? Eric: Our sex.",surprise,closed_set,text + context + image,qwen-vl-plus,closed_set:S0113:text_plus_context_plus_image,"{\n  ""predicted_label"": ""joy"",\n  ""confidence"": 0.95,\n  ""reason"": ""Phoebe's facial expression shows a clear smile and her body language appears relaxed and amused, indicating joy. The context of the conversation also suggests a lighthearted or humorous tone.""\n}",0.95,"Phoebe's facial expression shows a clear smile and her body language appears relaxed and amused, indicating joy. The context of the conversation also suggests a lighthearted or humorous tone.",false,joy,false
S0114,321,10,Phoebe,Ew! Ew! Ew! Ew! Ew! Ew!,"Eric: Our sex. Phoebe: We didnt have sex. Eric: Well if I didnt have sex with you, I had sex with someone that looked an awful lot like",disgust,closed_set,text + context + image,qwen-vl-plus,closed_set:S0114:text_plus_context_plus_image,"{\n  ""predicted_label"": ""disgust"",\n  ""confidence"": 0.95,\n  ""reason"": ""Phoebe's repeated 'Ew!' and her facial expression in the image, which shows a cringe or recoil, strongly indicate disgust. This reaction is likely in response to Eric's implication about their relationship.""\n}",0.95,"Phoebe's repeated 'Ew!' and her facial expression in the image, which shows a cringe or recoil, strongly indicate disgust. This reaction is likely in response to Eric's implication about their relationship.",false,disgust,true
S0115,327,4,Phoebe,"Oh, come on!","Ross: When did I say you were boring?! Phoebe: Oh my God, I remember now! We were playing chess! Ross: Phoebe! You and I have",joy,closed_set,text + context + image,qwen-vl-plus,closed_set:S0115:text_plus_context_plus_image,"{\n  ""predicted_label"": ""joy"",\n  ""confidence"": 0.95,\n  ""reason"": ""Phoebe's facial expression shows a wide smile and her body language appears relaxed and animated, indicating happiness or amusement in response to the conversation.""\n}",0.95,"Phoebe's facial expression shows a wide smile and her body language appears relaxed and animated, indicating happiness or amusement in response to the conversation.",false,joy,true
S0116,328,1,Jill,Because Im not going to spend one more day with someone whose out to sabotage my every move.,"Jill: All right, Im leaving!",anger,closed_set,text + context + image,qwen-vl-plus,closed_set:S0116:text_plus_context_plus_image,"{\n  ""predicted_label"": ""anger"",\n  ""confidence"": 0.95,\n  ""reason"": ""The speaker's statement expresses strong frustration and a decision to leave due to feeling sabotaged, indicating anger. The visual context shows her standing assertively in a social setting, reinforcing the emotional intensity.""\n}",0.95,"The speaker's statement expresses strong frustration and a decision to leave due to feeling sabotaged, indicating anger. The visual context shows her standing assertively in a social setting, reinforcing the emotional intensity.",false,anger,true
S0118,334,2,Joey,"Listen uh, could you put Kathy on, I wanna apologize.","Joey: Yeah, it mustve fallen out a few blocks back. I just figured we hit a dog. Chandler: Okay.",sadness,closed_set,text + context + image,qwen-vl-plus,closed_set:S0118:text_plus_context_plus_image,"{\n  ""predicted_label"": ""neutral"",\n  ""confidence"": 0.9,\n  ""reason"": ""The speaker's tone and facial expression in the image appear calm and composed, with no strong emotional indicators such as anger, sadness, or surprise. The context of apologizing suggests a neutral or polite intent.""\n}",0.9,"The speaker's tone and facial expression in the image appear calm and composed, with no strong emotional indicators such as anger, sadness, or surprise. The context of apologizing suggests a neutral or polite intent.",false,neutral,false
S0117,332,7,Mona,"No, I mean it. There are so few genuinely nice guys out there.","Ross: Oh, thank you. Mona: That is so sweet! Joey: Yeah.",anger,closed_set,text + context + image,qwen-vl-plus,closed_set:S0117:text_plus_context_plus_image,"{\n  ""predicted_label"": ""joy"",\n  ""confidence"": 0.9,\n  ""reason"": ""Mona's statement, 'No, I mean it. There are so few genuinely nice guys out there,' combined with the context of Ross receiving a compliment and the visual of her smiling and interacting warmly with others in a celebratory setting, suggests a positive and joyful emotion.""\n}",0.9,"Mona's statement, 'No, I mean it. There are so few genuinely nice guys out there,' combined with the context of Ross receiving a compliment and the visual of her smiling and interacting warmly with others in a celebratory setting, suggests a positive and joyful emotion.",false,joy,false
S0120,337,5,Chandler,Score! Where are the disposable cameras?,Ross: Why not? Its built into the price of the room. Chandler: Yeah but you dont needWhat is this? Ross: Thread!,joy,closed_set,text + context + image,qwen-vl-plus,closed_set:S0120:text_plus_context_plus_image,"{\n  ""predicted_label"": ""joy"",\n  ""confidence"": 0.95,\n  ""reason"": ""Chandler's exclamation of 'Score!' and his animated body language in the visual frames suggest excitement and happiness, consistent with the 'joy' label.""\n}",0.95,"Chandler's exclamation of 'Score!' and his animated body language in the visual frames suggest excitement and happiness, consistent with the 'joy' label.",false,joy,true
S0119,336,10,Ross,"Mon, look at yourself. You have cookie on your neck.","Monica: No, just, just, just a couple more boxes. Monica: It-it-its no big deal, all right, Im-Im cool. Monica: You gotta help me out with a couple more boxes!",disgust,closed_set,text + context + image,qwen-vl-plus,closed_set:S0119:text_plus_context_plus_image,"{\n  ""predicted_label"": ""disgust"",\n  ""confidence"": 0.95,\n  ""reason"": ""Ross's facial expression and tone suggest he is reacting with disgust to Monica having cookie on her neck, as indicated by his direct and slightly critical gaze.""\n}",0.95,"Ross's facial expression and tone suggest he is reacting with disgust to Monica having cookie on her neck, as indicated by his direct and slightly critical gaze.",false,disgust,true
S0122,342,10,Chandler,Let me think. Let me thinkOh! I dont care.,"Ross: Yknow what? Youre just upset because youre losing. Chandler: Oh come on Ross, I think were all losers here. Joey: All right. Chandler, you can either spin the wheel or pick a Google card.",anger,closed_set,text + context + image,qwen-vl-plus,closed_set:S0122:text_plus_context_plus_image,"{\n  ""predicted_label"": ""neutral"",\n  ""confidence"": 0.9,\n  ""reason"": ""Chandler's tone and body language in the provided frames suggest a lack of strong emotion. His expression is contemplative, and his gesture appears casual rather than indicative of anger, joy, or other intense emotions.""\n}",0.9,"Chandler's tone and body language in the provided frames suggest a lack of strong emotion. His expression is contemplative, and his gesture appears casual rather than indicative of anger, joy, or other intense emotions.",false,neutral,false
S0121,34,13,Monica,Yknow what? You are right?!,"Ross: Is that so? Rachel: Oh my God!! Do it!! Honey, youve waited Rachel: Yeah.",surprise,closed_set,text + context + image,qwen-vl-plus,closed_set:S0121:text_plus_context_plus_image,"{\n  ""predicted_label"": ""surprise"",\n  ""confidence"": 0.95,\n  ""reason"": ""Monica's wide eyes and open mouth in the provided frames suggest a strong reaction of surprise. Her exclamation 'You are right?!' further supports this, as it conveys astonishment or disbelief at what she is hearing.""\n}",0.95,"Monica's wide eyes and open mouth in the provided frames suggest a strong reaction of surprise. Her exclamation 'You are right?!' further supports this, as it conveys astonishment or disbelief at what she is hearing.",false,surprise,true
S0124,362,0,Rachel,Oh thats five Ross. Five women have had five babies! And I have had no babies! Why doesnt she want to come out?,,sadness,closed_set,text + context + image,qwen-vl-plus,closed_set:S0124:text_plus_context_plus_image,"{\n  ""predicted_label"": ""sadness"",\n  ""confidence"": 0.95,\n  ""reason"": ""Rachel's facial expression shows distress and tears, indicating sadness. Her statement about not having babies contrasts with others who have, suggesting emotional pain and longing.""\n}",0.95,"Rachel's facial expression shows distress and tears, indicating sadness. Her statement about not having babies contrasts with others who have, suggesting emotional pain and longing.",false,sadness,true
S0123,356,6,Ross,"Aww, is it broken?",Rachel: I didn't know there were docks. Joey: Hey. Chandler: Hey.,sadness,closed_set,text + context + image,qwen-vl-plus,closed_set:S0123:text_plus_context_plus_image,"{\n  ""predicted_label"": ""sadness"",\n  ""confidence"": 0.9,\n  ""reason"": ""Ross's expression and tone suggest concern or empathy, likely in response to something broken, which aligns with the emotion of sadness.""\n}",0.9,"Ross's expression and tone suggest concern or empathy, likely in response to something broken, which aligns with the emotion of sadness.",false,sadness,true
S0126,37,2,Rachel,"Oh, I cant watch this.","Chandler: Run! Run you crazy, rich freak! Joey: I, ah, I never said hate, I was very careful about that. Joey: Wow! This looks great!",fear,closed_set,text + context + image,qwen-vl-plus,closed_set:S0126:text_plus_context_plus_image,"{\n  ""predicted_label"": ""fear"",\n  ""confidence"": 0.95,\n  ""reason"": ""Rachel's utterance 'Oh, I can't watch this.' combined with her body language (covering her eyes) and the context of a tense or scary situation in the show suggest she is experiencing fear.""\n}",0.95,"Rachel's utterance 'Oh, I can't watch this.' combined with her body language (covering her eyes) and the context of a tense or scary situation in the show suggest she is experiencing fear.",false,fear,true
S0125,368,0,Ross,"Im, Im sorry you didnt get to go to Spacecamp, and Im hoping that maybe somehow, this may make up for it.",,sadness,closed_set,text + context + image,qwen-vl-plus,closed_set:S0125:text_plus_context_plus_image,"{\n  ""predicted_label"": ""joy"",\n  ""confidence"": 0.9,\n  ""reason"": ""The speaker's tone and the context of offering a hopeful gesture to make up for a missed opportunity suggest a positive and empathetic emotion, aligning with joy.""\n}",0.9,"The speaker's tone and the context of offering a hopeful gesture to make up for a missed opportunity suggest a positive and empathetic emotion, aligning with joy.",false,joy,false
S0127,372,12,Phoebe,Intense and creepy.,Phoebe: They don't see all the good stuff and all the sweet stuff. Phoebe: They just think you're a little... Roger: What?,neutral,closed_set,text + context + image,qwen-vl-plus,closed_set:S0127:text_plus_context_plus_image,"{\n  ""predicted_label"": ""fear"",\n  ""confidence"": 0.9,\n  ""reason"": ""Phoebe's utterance 'Intense and creepy' directly conveys a sense of fear or unease, supported by her body language and facial expression in the visual frames, which show her appearing concerned and slightly tense while interacting with Roger.""\n}",0.9,"Phoebe's utterance 'Intense and creepy' directly conveys a sense of fear or unease, supported by her body language and facial expression in the visual frames, which show her appearing concerned and slightly tense while interacting with Roger.",false,fear,false
S0128,380,4,Rachel,You sure?,Mark: Right here! Rachel: Oh God. Im sorry about this. Mark: Thats okay.,joy,closed_set,text + context + image,qwen-vl-plus,closed_set:S0128:text_plus_context_plus_image,"{\n  ""predicted_label"": ""surprise"",\n  ""confidence"": 0.9,\n  ""reason"": ""Rachel's utterance 'You sure?' indicates uncertainty or surprise, and the visual context shows her in a social setting where this reaction is plausible.""\n}",0.9,"Rachel's utterance 'You sure?' indicates uncertainty or surprise, and the visual context shows her in a social setting where this reaction is plausible.",false,surprise,false
S0130,4,11,Woman,"Ross Geller, why do I know that name? Its uhWait!  Did you write this?","Ross: Im so proud of you. Ross: Im a professor here uh, RossGeller. Rachel: Me too!",surprise,closed_set,text + context + image,qwen-vl-plus,closed_set:S0130:text_plus_context_plus_image,"{\n  ""predicted_label"": ""surprise"",\n  ""confidence"": 0.95,\n  ""reason"": ""The speaker's expression and body language, including widened eyes and an open mouth, along with the context of recognizing a name, strongly indicate surprise.""\n}",0.95,"The speaker's expression and body language, including widened eyes and an open mouth, along with the context of recognizing a name, strongly indicate surprise.",false,surprise,true
S0129,39,1,Monica,"We could, or we can have sex in it.","Chandler: Should we tell Rachel theres an empty private room right next door to hers? Ross: Hi!  Hi!  Hi. Has umm, anyone seen Chandler? Kate: Happy?! Is that what Im supposed to be Vic? Happy?",joy,closed_set,text + context + image,qwen-vl-plus,closed_set:S0129:text_plus_context_plus_image,"{\n  ""predicted_label"": ""joy"",\n  ""confidence"": 0.95,\n  ""reason"": ""Monica's expression and body language in the image show a warm, affectionate smile directed at the other person, indicating happiness and positive emotion. The context of the conversation also supports a lighthearted and intimate tone.""\n}",0.95,"Monica's expression and body language in the image show a warm, affectionate smile directed at the other person, indicating happiness and positive emotion. The context of the conversation also supports a lighthearted and intimate tone.",false,joy,true
S0131,40,8,Rachel,"Good-good, dont tell him. Dont tell him. Just have him call me okay?",Joey: Yeah! Ask them if they brought their friends any souvenirs! Joey: I didnt tell him. I didnt know if you were telling people. This is back when I thought Kash was still people. Monica: Hello?  Eighth street deli?,fear,closed_set,text + context + image,qwen-vl-plus,closed_set:S0131:text_plus_context_plus_image,"{\n  ""predicted_label"": ""neutral"",\n  ""confidence"": 0.9,\n  ""reason"": ""Rachel's facial expression appears calm and composed, with no strong indicators of emotion such as anger, sadness, or surprise. Her tone in the utterance suggests a neutral or slightly cautious demeanor.""\n}",0.9,"Rachel's facial expression appears calm and composed, with no strong indicators of emotion such as anger, sadness, or surprise. Her tone in the utterance suggests a neutral or slightly cautious demeanor.",false,neutral,false
S0132,401,8,Phoebe Sr,Youre Erwins daughter?!,"Phoebe: Are you ah, Phoebe Abott? Phoebe Sr: Ahh, yes. Phoebe: Hi Phoebe Abott, Im your best friends daughter!",surprise,closed_set,text + context + image,qwen-vl-plus,closed_set:S0132:text_plus_context_plus_image,"{\n  ""predicted_label"": ""surprise"",\n  ""confidence"": 0.95,\n  ""reason"": ""The speaker's wide eyes, raised eyebrows, and open mouth in the provided frames indicate a strong reaction of surprise. This aligns with her utterance 'You're Erwin's daughter?!', which suggests she is reacting to unexpected information.""\n}",0.95,"The speaker's wide eyes, raised eyebrows, and open mouth in the provided frames indicate a strong reaction of surprise. This aligns with her utterance 'You're Erwin's daughter?!', which suggests she is reacting to unexpected information.",false,surprise,true
S0133,408,3,Rachel,Maybe she can give me a pill or something.,"Rachel: Ah. Phoebe: Yeah. Rachel: I go see my doctor tomorrow, Ill ask her about this.",neutral,closed_set,text + context + image,qwen-vl-plus,closed_set:S0133:text_plus_context_plus_image,"{\n  ""predicted_label"": ""sadness"",\n  ""confidence"": 0.9,\n  ""reason"": ""Rachel's statement about seeking medical advice and her tone suggest concern or distress, which aligns with the emotion of sadness. The visual context shows a somber atmosphere, reinforcing this interpretation.""\n}",0.9,"Rachel's statement about seeking medical advice and her tone suggest concern or distress, which aligns with the emotion of sadness. The visual context shows a somber atmosphere, reinforcing this interpretation.",false,sadness,false
S0134,410,17,Rachel,"If we broke up, and I lost you...","Ross: Look, I-I've been in love with you since, like, the ninth grade. Rachel: Ross, you're like my best friend. Ross: I know.",fear,closed_set,text + context + image,qwen-vl-plus,closed_set:S0134:text_plus_context_plus_image,"{\n  ""predicted_label"": ""sadness"",\n  ""confidence"": 0.95,\n  ""reason"": ""Rachel's expression and body language convey deep emotional distress, with wide eyes and a slightly open mouth indicating vulnerability and sadness. Her hand gesture near her chest further emphasizes her emotional state, aligning with the context of discussing a potential breakup.""\n}",0.95,"Rachel's expression and body language convey deep emotional distress, with wide eyes and a slightly open mouth indicating vulnerability and sadness. Her hand gesture near her chest further emphasizes her emotional state, aligning with the context of discussing a potential breakup.",false,sadness,false
S0135,411,3,Phoebe,Thank God.,"Ross: Hello?  No she cant come to the phone right now.  Oh, right no problem. Okay, bye-bye. Phoebe: Was it my work? Were they mad? Was it Jack? Did he yell?! Ross: J-j-just relax, nobody yelled. Jack just was calling to make sure that",joy,closed_set,text + context + image,qwen-vl-plus,closed_set:S0135:text_plus_context_plus_image,"{\n  ""predicted_label"": ""relief"",\n  ""confidence"": 0.95,\n  ""reason"": ""Phoebe's utterance 'Thank God.' suggests a strong sense of relief, likely in response to the reassurance from Ross that no one was upset or yelling. The visual context of her sitting up in bed with a concerned expression further supports this interpretation.""\n}",0.95,"Phoebe's utterance 'Thank God.' suggests a strong sense of relief, likely in response to the reassurance from Ross that no one was upset or yelling. The visual context of her sitting up in bed with a concerned expression further supports this interpretation.",false,neutral,false
S0136,412,0,Phoebe,"...DUMB, DRUNKEN, BITCH!!!   Thank you, thanks.",,anger,closed_set,text + context + image,qwen-vl-plus,closed_set:S0136:text_plus_context_plus_image,"{\n  ""predicted_label"": ""anger"",\n  ""confidence"": 0.95,\n  ""reason"": ""The speaker's use of strong, derogatory language ('DUMB, DRUNKEN, BITCH!!!') and the sarcastic tone in 'Thank you, thanks.' strongly indicate anger as the primary emotion.""\n}",0.95,"The speaker's use of strong, derogatory language ('DUMB, DRUNKEN, BITCH!!!') and the sarcastic tone in 'Thank you, thanks.' strongly indicate anger as the primary emotion.",false,anger,true
S0137,416,2,Chandler,No it's not. It's small. It's tiny. It's petite. It's wee.,"Rachel: I mean, this is unbelievable. Phoebe: I know. This is really, really huge.",neutral,closed_set,text + context + image,qwen-vl-plus,closed_set:S0137:text_plus_context_plus_image,"{\n  ""predicted_label"": ""joy"",\n  ""confidence"": 0.95,\n  ""reason"": ""Chandler's animated gestures and the festive background with balloons suggest a lively and positive interaction, indicating joy.""\n}",0.95,"Chandler's animated gestures and the festive background with balloons suggest a lively and positive interaction, indicating joy.",false,joy,false
S0138,416,4,Chandler,"OK, is there a mute button on this woman?","Rachel: I mean, this is unbelievable. Phoebe: I know. This is really, really huge. Chandler: No it's not. It's small. It's tiny. It's petite. It's wee.",disgust,closed_set,text + context + image,qwen-vl-plus,closed_set:S0138:text_plus_context_plus_image,"{\n  ""predicted_label"": ""anger"",\n  ""confidence"": 0.9,\n  ""reason"": ""Chandler's tone and the context of his statement suggest frustration or irritation, likely directed at someone off-screen. His body language in the image also appears animated and expressive, reinforcing the emotional intensity.""\n}",0.9,"Chandler's tone and the context of his statement suggest frustration or irritation, likely directed at someone off-screen. His body language in the image also appears animated and expressive, reinforcing the emotional intensity.",false,anger,false
S0139,421,5,Joey,Look confident.,"Joey: I can tell her how I feel. Joey: Just uh, just stand up straight. Joey: Take a couple deep breaths.",fear,closed_set,text + context + image,qwen-vl-plus,closed_set:S0139:text_plus_context_plus_image,"{\n  ""predicted_label"": ""neutral"",\n  ""confidence"": 0.9,\n  ""reason"": ""Joey's expression and body language appear calm and composed, with no strong indicators of emotion such as anger, sadness, or surprise. His tone seems instructive rather than emotional.""\n}",0.9,"Joey's expression and body language appear calm and composed, with no strong indicators of emotion such as anger, sadness, or surprise. His tone seems instructive rather than emotional.",false,neutral,false
S0140,423,10,Chandler,Mazel tov!,"Monica: I'm only 26, I'm not even thinking about babies yet. Chandler: Where have you been? Joey: Oh, just had a baby.",joy,closed_set,text + context + image,qwen-vl-plus,closed_set:S0140:text_plus_context_plus_image,"{\n  ""predicted_label"": ""joy"",\n  ""confidence"": 0.95,\n  ""reason"": ""Chandler's use of 'Mazel tov!' indicates congratulations and celebration, which aligns with the emotion of joy. The context of Joey having a baby further supports this positive emotional response.""\n}",0.95,"Chandler's use of 'Mazel tov!' indicates congratulations and celebration, which aligns with the emotion of joy. The context of Joey having a baby further supports this positive emotional response.",false,joy,true
S0141,43,3,Ross,Somebody seems to be missing being the hostess.,"Rachel: Oh, great. Although I did sit down where there wasnt a chair. Monica: The players. Monica: By the way, Ross dropped by a box of your stuff.",neutral,closed_set,text + context + image,qwen-vl-plus,closed_set:S0141:text_plus_context_plus_image,"{\n  ""predicted_label"": ""neutral"",\n  ""confidence"": 0.9,\n  ""reason"": ""Ross's tone and expression appear calm and matter-of-fact, with no strong emotional cues present in the context or visual information.""\n}",0.9,"Ross's tone and expression appear calm and matter-of-fact, with no strong emotional cues present in the context or visual information.",false,neutral,true
S0142,431,8,Joey,"Yeah, all of us! All day!","Joey: All right, well, we felt really bad about that so we decided we should all take a little trip together! Phoebe: Ohh, that's so nice! How great! Well, where? Where's the trip?! Monica: Well, we thought we would all go to a picnic , in Central Park!",joy,closed_set,text + context + image,qwen-vl-plus,closed_set:S0142:text_plus_context_plus_image,"{\n  ""predicted_label"": ""joy"",\n  ""confidence"": 0.95,\n  ""reason"": ""Joey's wide smile, animated hand gestures, and the enthusiastic tone of his utterance 'Yeah, all of us! All day!' strongly indicate a joyful and excited emotional state.""\n}",0.95,"Joey's wide smile, animated hand gestures, and the enthusiastic tone of his utterance 'Yeah, all of us! All day!' strongly indicate a joyful and excited emotional state.",false,joy,true
S0143,434,6,Ross,"Wait until uh, wait until the first time your baby grabs your finger.","Ross: Yeah I know. Ross: On the other hand in um, in about seven months youre gonna have something that youre gonna love more than any guy youve ever gone out with. Ross: Just wait.",joy,closed_set,text + context + image,qwen-vl-plus,closed_set:S0143:text_plus_context_plus_image,"{\n  ""predicted_label"": ""joy"",\n  ""confidence"": 0.9,\n  ""reason"": ""Ross's expression and tone suggest excitement and warmth as he shares a fond memory about his baby, indicating a joyful emotion.""\n}",0.9,"Ross's expression and tone suggest excitement and warmth as he shares a fond memory about his baby, indicating a joyful emotion.",false,joy,true
S0144,435,2,Rachel,"This is such a great party! 35 years. Very impressive, do you guys have any pearls of wisdom?",Mrs. Geller: Hi Ross: Hi!  Hey mom.,joy,closed_set,text + context + image,qwen-vl-plus,closed_set:S0144:text_plus_context_plus_image,"{\n  ""predicted_label"": ""joy"",\n  ""confidence"": 0.95,\n  ""reason"": ""Rachel's enthusiastic tone and the celebratory setting with balloons and festive decorations strongly indicate a joyful emotion. Her statement about the impressive party further supports this classification.""\n}",0.95,Rachel's enthusiastic tone and the celebratory setting with balloons and festive decorations strongly indicate a joyful emotion. Her statement about the impressive party further supports this classification.,false,joy,true
S0146,443,0,Monica,Lets get the show on it!,,joy,closed_set,text + context + image,qwen-vl-plus,closed_set:S0146:text_plus_context_plus_image,"{\n  ""predicted_label"": ""joy"",\n  ""confidence"": 0.95,\n  ""reason"": ""Monica's enthusiastic and energetic body language, combined with her upbeat utterance 'Let's get the show on it!', strongly suggests excitement and happiness. The lively setting of the café further supports this interpretation.""\n}",0.95,"Monica's enthusiastic and energetic body language, combined with her upbeat utterance 'Let's get the show on it!', strongly suggests excitement and happiness. The lively setting of the café further supports this interpretation.",false,joy,true
S0145,435,7,Rachel,Thank youwere so excited,"Mr. Geller: Why would you serve food on such a sharp stick? Ross: Thats a good question, dad. Thats a good question an: Congratulations you two!",joy,closed_set,text + context + image,qwen-vl-plus,closed_set:S0145:text_plus_context_plus_image,"{\n  ""predicted_label"": ""joy"",\n  ""confidence"": 0.95,\n  ""reason"": ""Rachel's expression and body language in the image show a broad smile and relaxed posture, indicating happiness. The context of congratulations further supports this classification.""\n}",0.95,"Rachel's expression and body language in the image show a broad smile and relaxed posture, indicating happiness. The context of congratulations further supports this classification.",false,joy,true
S0147,446,10,Chandler,Youre our age!,"Joey: Oh, and Mississ-Pete is? Pete: I got to go, so ah, Ill see you guys later. All: Okay.",surprise,closed_set,text + context + image,qwen-vl-plus,closed_set:S0147:text_plus_context_plus_image,"{\n  ""predicted_label"": ""surprise"",\n  ""confidence"": 0.9,\n  ""reason"": ""Chandler's exclamation 'You're our age!' suggests a moment of realization or surprise, likely in response to Pete's departure and the implication that he is not significantly older than the group.""\n}",0.9,"Chandler's exclamation 'You're our age!' suggests a moment of realization or surprise, likely in response to Pete's departure and the implication that he is not significantly older than the group.",false,surprise,true
S0148,448,9,Rachel,"""Oh my God, I cant find a boyfriend!","Rachel: ""Im Monica, I dont get phone messages from interesting people. Ever!"" Phoebe: Hey! I call her! Monica: ""Oh my God, I love Ross! I hate Ross! I love Ross! I hate Ross!""",anger,closed_set,text + context + image,qwen-vl-plus,closed_set:S0148:text_plus_context_plus_image,"{\n  ""predicted_label"": ""sadness"",\n  ""confidence"": 0.9,\n  ""reason"": ""Rachel's expression and body language, combined with her statement about not finding a boyfriend, strongly indicate feelings of sadness or frustration.""\n}",0.9,"Rachel's expression and body language, combined with her statement about not finding a boyfriend, strongly indicate feelings of sadness or frustration.",false,sadness,false
S0150,451,1,Chandler,"Ok, look! Enough is enough!","Mike: Ok, so it's a tie again, 41 to 41.",anger,closed_set,text + context + image,qwen-vl-plus,closed_set:S0150:text_plus_context_plus_image,"{\n  ""predicted_label"": ""anger"",\n  ""confidence"": 0.95,\n  ""reason"": ""Chandler's exclamation 'Ok, look! Enough is enough!' conveys frustration and irritation, especially in the context of a tied game where Mike has just stated the score. His body language, including covering his face, further supports this emotional state.""\n}",0.95,"Chandler's exclamation 'Ok, look! Enough is enough!' conveys frustration and irritation, especially in the context of a tied game where Mike has just stated the score. His body language, including covering his face, further supports this emotional state.",false,anger,true
S0149,45,3,Chandler,"Yes it is! From now on, I have no first name.","Rachel: Okay. Monica: No, Phoebe, Ill tell you what, if you get ready now Ill let you play it at the wedding. Joey: Its not that bad.",anger,closed_set,text + context + image,qwen-vl-plus,closed_set:S0149:text_plus_context_plus_image,"{\n  ""predicted_label"": ""joy"",\n  ""confidence"": 0.9,\n  ""reason"": ""Chandler's statement 'Yes it is! From now on, I have no first name.' suggests a playful and confident tone, indicating amusement or joy. The context of the conversation also supports this interpretation.""\n}",0.9,"Chandler's statement 'Yes it is! From now on, I have no first name.' suggests a playful and confident tone, indicating amusement or joy. The context of the conversation also supports this interpretation.",false,joy,false
S0152,463,4,Rachel,"Are you serious?! Chandler, we ate an entire cheesecake two days ago and you want more?","Chandler: Another cheesecake came! They delivered it to the wrong address again! Rachel: So just bring it back downstairs, whats the problem? Chandler: I cant seem to say goodbye.",surprise,closed_set,text + context + image,qwen-vl-plus,closed_set:S0152:text_plus_context_plus_image,"{\n  ""predicted_label"": ""anger"",\n  ""confidence"": 0.95,\n  ""reason"": ""Rachel's facial expression shows clear signs of frustration and disbelief, with her eyebrows slightly furrowed and mouth set in a way that conveys irritation. Her body language, including her posture and the context of the conversation about wanting more cheesecake despite having already eaten one, strongly supports the classification of anger.""\n}",0.95,"Rachel's facial expression shows clear signs of frustration and disbelief, with her eyebrows slightly furrowed and mouth set in a way that conveys irritation. Her body language, including her posture and the context of the conversation about wanting more cheesecake despite having already eaten one, strongly supports the classification of anger.",false,anger,false
S0151,455,13,Rachel,"Yeah, that'd be great. I'd love it.","Julie: Oy. Rachel: Um, ok, uh, oh god, um, when you and uh Ross first started going out, it was really hard for me, um, for many reasons, which I'm not gonna bore you with now, but um, I just, I see how happy he is, you know, and how good you guys are together, and um, Monica's always saying how nice you are, and god I hate it when she's right. Julie: Thanks. Hey, listen, would you like to go to a movie sometime or something?",joy,closed_set,text + context + image,qwen-vl-plus,closed_set:S0151:text_plus_context_plus_image,"{\n  ""predicted_label"": ""joy"",\n  ""confidence"": 0.95,\n  ""reason"": ""Rachel's response, 'Yeah, that'd be great. I'd love it,' conveys enthusiasm and positivity. Her facial expression in the image also appears pleasant and engaged, suggesting she is genuinely happy about the suggestion to go to a movie.""\n}",0.95,"Rachel's response, 'Yeah, that'd be great. I'd love it,' conveys enthusiasm and positivity. Her facial expression in the image also appears pleasant and engaged, suggesting she is genuinely happy about the suggestion to go to a movie.",false,joy,true
S0154,468,1,Monica,You ordered a stripper for the shower?! That is totally inappropriate!,"Phoebe: Oh, I told the stripper to be here at five. Thats good right?",anger,closed_set,text + context + image,qwen-vl-plus,closed_set:S0154:text_plus_context_plus_image,"{\n  ""predicted_label"": ""disgust"",\n  ""confidence"": 0.95,\n  ""reason"": ""Monica's facial expression shows clear signs of shock and disapproval, with raised eyebrows and a slightly open mouth, indicating strong disgust at the idea of ordering a stripper for the shower.""\n}",0.95,"Monica's facial expression shows clear signs of shock and disapproval, with raised eyebrows and a slightly open mouth, indicating strong disgust at the idea of ordering a stripper for the shower.",false,disgust,false
S0153,464,18,Rachel,"No I know, because to be a grandmother you have to be married and have children and I dont have any of those things.","Chandler: No-no-no-no! That was the joke! Rachel: No, I know! I get it! Its funny! Chandler: No, because youre not a grandmother!",sadness,closed_set,text + context + image,qwen-vl-plus,closed_set:S0153:text_plus_context_plus_image,"{\n  ""predicted_label"": ""sadness"",\n  ""confidence"": 0.95,\n  ""reason"": ""Rachel's facial expression shows signs of sadness, such as a downturned mouth and a somber look. Her body language, including the way she holds the card and her overall demeanor, suggests she is feeling dejected or disappointed, likely due to the context of not being a grandmother.""\n}",0.95,"Rachel's facial expression shows signs of sadness, such as a downturned mouth and a somber look. Her body language, including the way she holds the card and her overall demeanor, suggests she is feeling dejected or disappointed, likely due to the context of not being a grandmother.",false,sadness,true
S0155,471,0,Rachel,"No, I dont think well be doing that.",,disgust,closed_set,text + context + image,qwen-vl-plus,closed_set:S0155:text_plus_context_plus_image,"{\n  ""predicted_label"": ""neutral"",\n  ""confidence"": 0.9,\n  ""reason"": ""Rachel's expression and tone in the utterance suggest a calm and unemotional response, with no clear signs of strong emotion such as anger, sadness, or joy.""\n}",0.9,"Rachel's expression and tone in the utterance suggest a calm and unemotional response, with no clear signs of strong emotion such as anger, sadness, or joy.",false,neutral,false
S0156,476,5,Phoebe,What?! Oh my...  Oh my God!! What happened?!,Ross: Yeah. Phoebe: Hey! Monica: I tried to reach you at work. Theres....been a fire.,surprise,closed_set,text + context + image,qwen-vl-plus,closed_set:S0156:text_plus_context_plus_image,"{\n  ""predicted_label"": ""surprise"",\n  ""confidence"": 0.95,\n  ""reason"": ""Phoebe's exclamation of 'What?! Oh my... Oh my God!! What happened?!' and her wide-eyed, open-mouthed expression in the visual frames indicate a strong reaction of surprise to the news about the fire.""\n}",0.95,"Phoebe's exclamation of 'What?! Oh my... Oh my God!! What happened?!' and her wide-eyed, open-mouthed expression in the visual frames indicate a strong reaction of surprise to the news about the fire.",false,surprise,true
S0158,48,1,Phoebe,"Okay, okay, but Rachels gonna be here too, cant I just ask her this stuff?","Monica: Where are we gonna find a tiny little hat? Monica: Okay, if you need the vacuum, its in my closet on the left-hand side. Ah, the garbage bags are next to the refrigerator Rachel: Bye.",neutral,closed_set,text + context + image,qwen-vl-plus,closed_set:S0158:text_plus_context_plus_image,"{\n  ""predicted_label"": ""neutral"",\n  ""confidence"": 0.9,\n  ""reason"": ""Phoebe's tone and facial expression appear calm and composed, with no strong indicators of emotion such as raised eyebrows, frowning, or intense gestures. Her body language is relaxed, suggesting a neutral emotional state.""\n}",0.9,"Phoebe's tone and facial expression appear calm and composed, with no strong indicators of emotion such as raised eyebrows, frowning, or intense gestures. Her body language is relaxed, suggesting a neutral emotional state.",false,neutral,true
S0157,478,13,Joey,The Mr. Bowmonts here!!!,Monica: Why?! To celebrate your relationship! To solidify your commitment! To declare your love for one another to the world! Chandler: Eh Monica: Okay well thats good to know.,joy,closed_set,text + context + image,qwen-vl-plus,closed_set:S0157:text_plus_context_plus_image,"{\n  ""predicted_label"": ""surprise"",\n  ""confidence"": 0.95,\n  ""reason"": ""Joey's exclamation 'The Mr. Bowmont's here!!!' conveys excitement and surprise, likely in response to an unexpected or notable arrival. The visual context shows him standing up and gesturing animatedly, reinforcing the emotional intensity of the moment.""\n}",0.95,"Joey's exclamation 'The Mr. Bowmont's here!!!' conveys excitement and surprise, likely in response to an unexpected or notable arrival. The visual context shows him standing up and gesturing animatedly, reinforcing the emotional intensity of the moment.",false,surprise,false
S0159,482,5,Phoebe,How do you know?,The Fireman: We found your fire alarm in the trash chute. Phoebe: Thats not mine. The Fireman: Yes it is.,fear,closed_set,text + context + image,qwen-vl-plus,closed_set:S0159:text_plus_context_plus_image,"{\n  ""predicted_label"": ""surprise"",\n  ""confidence"": 0.95,\n  ""reason"": ""Phoebe's wide eyes and slightly open mouth in the visual frames suggest surprise or disbelief in response to the Fireman's accusation.""\n}",0.95,Phoebe's wide eyes and slightly open mouth in the visual frames suggest surprise or disbelief in response to the Fireman's accusation.,false,surprise,false
S0160,482,6,The Fireman,"The next time you want to dump a fire alarm in a trash chute, dont wrap it in a blanket that says, ""Property of Phoebe Buffay not Monica.""",Phoebe: Thats not mine. The Fireman: Yes it is. Phoebe: How do you know?,disgust,closed_set,text + context + image,qwen-vl-plus,closed_set:S0160:text_plus_context_plus_image,"{\n  ""predicted_label"": ""joy"",\n  ""confidence"": 0.95,\n  ""reason"": ""The Fireman's facial expression, including a slight smile and relaxed demeanor, along with the humorous tone of his statement referencing 'Property of Phoebe Buffay not Monica,' suggests he is in a joyful and playful mood.""\n}",0.95,"The Fireman's facial expression, including a slight smile and relaxed demeanor, along with the humorous tone of his statement referencing 'Property of Phoebe Buffay not Monica,' suggests he is in a joyful and playful mood.",false,joy,false
S0162,49,4,Ross,Yeah. What-what should I do?,"Susan: Yeah? Well, there's a lot of things Carol never did before I came along. Chandler: Uhh, 9. Monica: Well Ross, you be careful now. You dont want to get a reputation as yknow Professor McNailshisstudents.",fear,closed_set,text + context + image,qwen-vl-plus,closed_set:S0162:text_plus_context_plus_image,"{\n  ""predicted_label"": ""confusion"",\n  ""confidence"": 0.9,\n  ""reason"": ""Ross's utterance 'Yeah. What-what should I do?' indicates uncertainty and a lack of clear direction, which aligns with the emotion of confusion. His facial expression in the visual frames also supports this interpretation.""\n}",0.9,"Ross's utterance 'Yeah. What-what should I do?' indicates uncertainty and a lack of clear direction, which aligns with the emotion of confusion. His facial expression in the visual frames also supports this interpretation.",false,neutral,false
S0161,489,2,Monica,Hi.,Rachel: Remember when we went to Central Park and rented boats?.. That was fun. Ross: Yeah. He could row like a viking.,neutral,closed_set,text + context + image,qwen-vl-plus,closed_set:S0161:text_plus_context_plus_image,"{\n  ""predicted_label"": ""joy"",\n  ""confidence"": 0.95,\n  ""reason"": ""Monica's facial expression shows a warm smile, and her body language appears relaxed and welcoming, suggesting a positive and joyful emotion.""\n}",0.95,"Monica's facial expression shows a warm smile, and her body language appears relaxed and welcoming, suggesting a positive and joyful emotion.",false,joy,false
S0163,50,7,Joey,"Come on man, you-you got to give me a second chance!","Joey: Umm, all right Wayne, level with me. Joey: I-I keep hearing all these rumors that I might get fired. Joey: Okay, they even have actors coming in to read for my part!",sadness,closed_set,text + context + image,qwen-vl-plus,closed_set:S0163:text_plus_context_plus_image,"{\n  ""predicted_label"": ""fear"",\n  ""confidence"": 0.95,\n  ""reason"": ""Joey's plea for a second chance, combined with his anxious expression and the context of rumors about being fired, strongly indicates fear or desperation.""\n}",0.95,"Joey's plea for a second chance, combined with his anxious expression and the context of rumors about being fired, strongly indicates fear or desperation.",false,fear,false
S0164,501,5,Rachel,Wo-women? You mean like old women?,Tag: Oh yeah! We went to the Knicks game. Rachel: Ohh thats nice. Tag: Then we went to this bar and he hooked us up with all these women!,disgust,closed_set,text + context + image,qwen-vl-plus,closed_set:S0164:text_plus_context_plus_image,"{\n  ""predicted_label"": ""disgust"",\n  ""confidence"": 0.9,\n  ""reason"": ""Rachel's facial expression shows a clear look of disgust, with her nose slightly wrinkled and lips pursed, indicating strong disapproval or discomfort in response to the conversation about 'old women'.""\n}",0.9,"Rachel's facial expression shows a clear look of disgust, with her nose slightly wrinkled and lips pursed, indicating strong disapproval or discomfort in response to the conversation about 'old women'.",false,disgust,true
S0165,506,3,Ross,"Your good heart Rach,  and, and....","Ross: Look, look, theres got to be a way we can work past this. Ross: Okay,  I cant imagine, I cant imagine my life without you. Ross: Without, without these arms, and your face, and this heart.",sadness,closed_set,text + context + image,qwen-vl-plus,closed_set:S0165:text_plus_context_plus_image,"{\n  ""predicted_label"": ""joy"",\n  ""confidence"": 0.95,\n  ""reason"": ""The speaker's words express deep affection and emotional connection, while the visual context shows a tender and intimate moment between two people, indicating a strong sense of happiness and love.""\n}",0.95,"The speaker's words express deep affection and emotional connection, while the visual context shows a tender and intimate moment between two people, indicating a strong sense of happiness and love.",false,joy,false
S0166,506,5,Rachel,"I cant, youre a totally different person to me now.","Ross: Without, without these arms, and your face, and this heart. Ross: Your good heart Rach,  and, and.... Rachel: No.",sadness,closed_set,text + context + image,qwen-vl-plus,closed_set:S0166:text_plus_context_plus_image,"{\n  ""predicted_label"": ""sadness"",\n  ""confidence"": 0.95,\n  ""reason"": ""Rachel's facial expression shows signs of distress and tears, indicating sadness. Her body language and the context of the conversation, where she is rejecting Ross's attempt to reconnect, further support this classification.""\n}",0.95,"Rachel's facial expression shows signs of distress and tears, indicating sadness. Her body language and the context of the conversation, where she is rejecting Ross's attempt to reconnect, further support this classification.",false,sadness,true
S0168,529,8,Ross,She-she thinks that youre just using me.,"Ross: Good-bye. Ross: Whoa! Ross: Uh, that was your sister actually.",neutral,closed_set,text + context + image,qwen-vl-plus,closed_set:S0168:text_plus_context_plus_image,"{\n  ""predicted_label"": ""surprise"",\n  ""confidence"": 0.95,\n  ""reason"": ""Ross's facial expression shows wide eyes and a slightly open mouth, indicating surprise or shock in response to the statement about his sister.""\n}",0.95,"Ross's facial expression shows wide eyes and a slightly open mouth, indicating surprise or shock in response to the statement about his sister.",false,surprise,false
S0167,521,0,Joey,There will come a time in each of your careers when youll have a chance to screw over another soap opera actor.,,neutral,closed_set,text + context + image,qwen-vl-plus,closed_set:S0167:text_plus_context_plus_image,"{\n  ""predicted_label"": ""neutral"",\n  ""confidence"": 0.95,\n  ""reason"": ""Joey's tone and body language in the classroom setting appear calm and composed, with no strong emotional cues present in his expression or posture.""\n}",0.95,"Joey's tone and body language in the classroom setting appear calm and composed, with no strong emotional cues present in his expression or posture.",false,neutral,true
S0170,531,6,Ross,Im sorry.,"Ross: All right, Im-Im not English. Ross: Im from Long Island. Ross: I was really nervous and the accent just uh, just came out.",sadness,closed_set,text + context + image,qwen-vl-plus,closed_set:S0170:text_plus_context_plus_image,"{\n  ""predicted_label"": ""neutral"",\n  ""confidence"": 0.9,\n  ""reason"": ""Ross's expression and body language appear calm and composed, with no strong indicators of emotion such as anger, sadness, or joy. His slight smile and clasped hands suggest a neutral or polite demeanor.""\n}",0.9,"Ross's expression and body language appear calm and composed, with no strong indicators of emotion such as anger, sadness, or joy. His slight smile and clasped hands suggest a neutral or polite demeanor.",false,neutral,false
S0169,530,3,Phoebe Sr,What?!,"Phoebe: Im sorry. Phoebe Sr: What are you doing here?! Phoebe: I-I, came to fill your ice cube trays.",surprise,closed_set,text + context + image,qwen-vl-plus,closed_set:S0169:text_plus_context_plus_image,"{\n  ""predicted_label"": ""surprise"",\n  ""confidence"": 0.95,\n  ""reason"": ""The speaker's exclamation 'What?!' and the accompanying visual of a shocked facial expression with wide eyes and an open mouth strongly indicate surprise as the primary emotion.""\n}",0.95,The speaker's exclamation 'What?!' and the accompanying visual of a shocked facial expression with wide eyes and an open mouth strongly indicate surprise as the primary emotion.,false,surprise,true
S0171,54,5,Rachel,"See, there's always one guy.  ""If I had a wish, I'd wish for three more wishes.""","Chandler: Uh, if I were omnipotent for a day, I'd.. make myself omnipotent forever. Judge: And based on the fact that Mr. Geller is intravenous drug user. Dina: But I really think I can do it, Im just gonna need some help.",disgust,closed_set,text + context + image,qwen-vl-plus,closed_set:S0171:text_plus_context_plus_image,"{\n  ""predicted_label"": ""joy"",\n  ""confidence"": 0.9,\n  ""reason"": ""Rachel's expression and body language, combined with the lighthearted tone of her quote about wishing for more wishes, suggest a playful and joyful mood. The social setting in the bar further supports this interpretation.""\n}",0.9,"Rachel's expression and body language, combined with the lighthearted tone of her quote about wishing for more wishes, suggest a playful and joyful mood. The social setting in the bar further supports this interpretation.",false,joy,false
S0172,54,10,Joey,"Hey, if Little Joey's dead, then I got no reason to live!",Monica: ..Excuse me? Judge: Now it also says here that you lied about your sexual preference before marriage? Dina: And youre my big brother!,sadness,closed_set,text + context + image,qwen-vl-plus,closed_set:S0172:text_plus_context_plus_image,"{\n  ""predicted_label"": ""sadness"",\n  ""confidence"": 0.95,\n  ""reason"": ""Joey's utterance expresses a deep sense of loss and despair, indicating profound sadness. His body language in the images, including a downward gaze and somber expression, further supports this classification.""\n}",0.95,"Joey's utterance expresses a deep sense of loss and despair, indicating profound sadness. His body language in the images, including a downward gaze and somber expression, further supports this classification.",false,sadness,true
S0173,541,11,Ross,"Seriously, our sex life I was thinking, maybe I dont know, we could try some-some new things.",Ross: Yay! Ben: Yay! Ross: Yay!,neutral,closed_set,text + context + image,qwen-vl-plus,closed_set:S0173:text_plus_context_plus_image,"{\n  ""predicted_label"": ""joy"",\n  ""confidence"": 0.9,\n  ""reason"": ""Ross's body language, including open hand gestures and a relaxed posture, combined with the positive context of the conversation ('Yay!'), suggests he is expressing excitement or happiness about trying new things in their relationship.""\n}",0.9,"Ross's body language, including open hand gestures and a relaxed posture, combined with the positive context of the conversation ('Yay!'), suggests he is expressing excitement or happiness about trying new things in their relationship.",false,joy,false
S0174,541,16,Ross,Nah!,"Carol: Like what? Ross: Well I dont know umm,  what if we were too tie each other up? Ross: Umm, some people eat stuff off one another.",disgust,closed_set,text + context + image,qwen-vl-plus,closed_set:S0174:text_plus_context_plus_image,"{\n  ""predicted_label"": ""joy"",\n  ""confidence"": 0.95,\n  ""reason"": ""Ross's wide smile, open mouth, and expressive eyes in the visual frames indicate a strong emotional display of joy. This aligns with his playful and humorous tone in the conversation context.""\n}",0.95,"Ross's wide smile, open mouth, and expressive eyes in the visual frames indicate a strong emotional display of joy. This aligns with his playful and humorous tone in the conversation context.",false,joy,false
S0176,55,6,Krista,"Nice to meet you. I wish you'd told me we were having company, I'd fix myself up!","Rachel: You're sister? You're sister's asleep on the couch?  Ohhh! I saw Danny: Oh hey, great, you're up. Rachel, this is my sister Krista. Krista, this is Rachel. Rachel: Hi!",surprise,closed_set,text + context + image,qwen-vl-plus,closed_set:S0176:text_plus_context_plus_image,"{\n  ""predicted_label"": ""surprise"",\n  ""confidence"": 0.9,\n  ""reason"": ""Krista's expression and body language in the image suggest surprise or mild shock, likely due to the unexpected presence of company as indicated by her utterance.""\n}",0.9,"Krista's expression and body language in the image suggest surprise or mild shock, likely due to the unexpected presence of company as indicated by her utterance.",false,surprise,true
S0175,545,0,Monica,"What, Phoebe, did you whip the potatoes? Ross needs lumps!",,anger,closed_set,text + context + image,qwen-vl-plus,closed_set:S0175:text_plus_context_plus_image,"{\n  ""predicted_label"": ""anger"",\n  ""confidence"": 0.9,\n  ""reason"": ""Monica's tone and facial expression in the image suggest frustration or irritation, likely due to Phoebe's cooking method not meeting Ross's expectations.""\n}",0.9,"Monica's tone and facial expression in the image suggest frustration or irritation, likely due to Phoebe's cooking method not meeting Ross's expectations.",false,anger,true
S0178,553,18,Director,"I dont see it.  You are dancing with the tall guy over there. Tall guy, raise your hand!","Joey: Uh-huh. Director: Okay, youre dancing with that girl over there. Joey: No-no-no-no-no we came together!",neutral,closed_set,text + context + image,qwen-vl-plus,closed_set:S0178:text_plus_context_plus_image,"{\n  ""predicted_label"": ""joy"",\n  ""confidence"": 0.9,\n  ""reason"": ""The Director's directive and the visual context of a lively party setting with people interacting suggest a positive and energetic atmosphere, aligning with the emotion of joy.""\n}",0.9,"The Director's directive and the visual context of a lively party setting with people interacting suggest a positive and energetic atmosphere, aligning with the emotion of joy.",false,joy,false
S0177,553,12,Joey,What do you mean?,"Janine: Hey! Youre a good dancer! Joey: Really? Janine: Yeah, well youd be better if you just loosened your hips a little.",neutral,closed_set,text + context + image,qwen-vl-plus,closed_set:S0177:text_plus_context_plus_image,"{\n  ""predicted_label"": ""surprise"",\n  ""confidence"": 0.95,\n  ""reason"": ""Joey's facial expression and body language in the image show a clear look of surprise, with raised eyebrows and an open mouth, likely reacting to Janine's comment about his dancing.""\n}",0.95,"Joey's facial expression and body language in the image show a clear look of surprise, with raised eyebrows and an open mouth, likely reacting to Janine's comment about his dancing.",false,surprise,false
S0179,559,2,Chandler,"Then I look down, and I realize there's a phone... there.","Chandler: Alright, so I'm back in high school, I'm standing in the middle of the cafeteria, and I realize I am totally naked. All: Oh, yeah. Had that dream.",surprise,closed_set,text + context + image,qwen-vl-plus,closed_set:S0179:text_plus_context_plus_image,"{\n  ""predicted_label"": ""surprise"",\n  ""confidence"": 0.95,\n  ""reason"": ""Chandler's facial expression and body language convey a sense of astonishment or realization, consistent with the context of discovering something unexpected (a phone) in an unusual situation.""\n}",0.95,"Chandler's facial expression and body language convey a sense of astonishment or realization, consistent with the context of discovering something unexpected (a phone) in an unusual situation.",false,surprise,true
S0180,56,9,Joey,"Listen, I ah, I gotta say good bye, and-and I gotta say it quick cause this is killing me.","Ross: Sweetie thats it. Joey: Yeah, I guess it is. Rachel: Thats it? Well I saw that! Ohh-ohh-oh, thank you.",sadness,closed_set,text + context + image,qwen-vl-plus,closed_set:S0180:text_plus_context_plus_image,"{\n  ""predicted_label"": ""sadness"",\n  ""confidence"": 0.95,\n  ""reason"": ""Joey's tone and body language in the visual frames convey deep emotional distress. His hesitant and rushed delivery of 'I gotta say good bye' suggests he is struggling to express a difficult truth, likely tied to a painful farewell. The context of the conversation further supports this, as it revolves around an emotional goodbye.""\n}",0.95,"Joey's tone and body language in the visual frames convey deep emotional distress. His hesitant and rushed delivery of 'I gotta say good bye' suggests he is struggling to express a difficult truth, likely tied to a painful farewell. The context of the conversation further supports this, as it revolves around an emotional goodbye.",false,sadness,true
S0181,563,5,Rachel,Yes.  Youre not asking are you?,"Monica: What if I asked? Rachel: Oh, Mon, sure. Monica: Really?",surprise,closed_set,text + context + image,qwen-vl-plus,closed_set:S0181:text_plus_context_plus_image,"{\n  ""predicted_label"": ""neutral"",\n  ""confidence"": 0.9,\n  ""reason"": ""Rachel's facial expression is calm and composed, with no strong indicators of emotion such as raised eyebrows, frowning, or smiling. Her tone in the utterance also suggests a neutral or slightly questioning demeanor rather than any intense emotion.""\n}",0.9,"Rachel's facial expression is calm and composed, with no strong indicators of emotion such as raised eyebrows, frowning, or smiling. Her tone in the utterance also suggests a neutral or slightly questioning demeanor rather than any intense emotion.",false,neutral,false
S0182,57,2,Chandler,"Og-ee-op, Im not asking for me, Im I mean No, Im-Im not gay, Im not asking you out.","Phoebe: See, I-I think that one that Elton John wrote for, um, that guy on Chandler: We were playing Gin? Y'know if we were a couple, we could play this game naked. Chandler: Are you seeing anybody right now?",fear,closed_set,text + context + image,qwen-vl-plus,closed_set:S0182:text_plus_context_plus_image,"{\n  ""predicted_label"": ""surprise"",\n  ""confidence"": 0.95,\n  ""reason"": ""Chandler's facial expression and body language, including widened eyes and an open mouth, indicate surprise or shock in response to Phoebe's comment about playing Gin naked.""\n}",0.95,"Chandler's facial expression and body language, including widened eyes and an open mouth, indicate surprise or shock in response to Phoebe's comment about playing Gin naked.",false,surprise,false
S0183,570,1,Ross,Oh fine.,"Monica: You wanna go right now? 'Cause I'll take you right now, buddy! You wanna go?",neutral,closed_set,text + context + image,qwen-vl-plus,closed_set:S0183:text_plus_context_plus_image,"{\n  ""predicted_label"": ""neutral"",\n  ""confidence"": 0.9,\n  ""reason"": ""Ross's expression and tone in the image suggest resignation or mild indifference, aligning with a neutral emotional state rather than strong emotions like anger, joy, or surprise.""\n}",0.9,"Ross's expression and tone in the image suggest resignation or mild indifference, aligning with a neutral emotional state rather than strong emotions like anger, joy, or surprise.",false,neutral,true
S0184,573,6,Rachel,Say it!,"Rachel: Oh, of course! Phoebe: Chuck Woolery? Rachel: Definitely! Phoebe, you will not find a single game show host, whos ass I cannot kick.",joy,closed_set,text + context + image,qwen-vl-plus,closed_set:S0184:text_plus_context_plus_image,"{\n  ""predicted_label"": ""anger"",\n  ""confidence"": 0.95,\n  ""reason"": ""Rachel's assertive tone and the context of her previous statements, which include a strong verbal challenge ('Say it!'), suggest she is expressing anger or frustration.""\n}",0.95,"Rachel's assertive tone and the context of her previous statements, which include a strong verbal challenge ('Say it!'), suggest she is expressing anger or frustration.",false,anger,false
S0186,585,10,Ross,My foot is stuck in the pocket.,"Ross: Wait, wait, wait, wait, wait. Phoebe: Okay, its okay. Ross: Wait, wait, wait.",sadness,closed_set,text + context + image,qwen-vl-plus,closed_set:S0186:text_plus_context_plus_image,"{\n  ""predicted_label"": ""surprise"",\n  ""confidence"": 0.95,\n  ""reason"": ""Ross's utterance 'My foot is stuck in the pocket' indicates an unexpected and unusual situation, which aligns with the emotion of surprise. The context of him speaking while being in a close physical position with Phoebe further emphasizes the suddenness of the event.""\n}",0.95,"Ross's utterance 'My foot is stuck in the pocket' indicates an unexpected and unusual situation, which aligns with the emotion of surprise. The context of him speaking while being in a close physical position with Phoebe further emphasizes the suddenness of the event.",false,surprise,false
S0185,58,9,Chandler,"Because youre still seeing him and uh, hes a good guy.","Joey: No-no, stay right there.  Gettin closer. Chandler: Right! Monica: What are you doing?",sadness,closed_set,text + context + image,qwen-vl-plus,closed_set:S0185:text_plus_context_plus_image,"{\n  ""predicted_label"": ""joy"",\n  ""confidence"": 0.95,\n  ""reason"": ""Chandler's slight smile and relaxed posture in the image, combined with his positive tone in the utterance ('he's a good guy'), suggest he is expressing joy or amusement.""\n}",0.95,"Chandler's slight smile and relaxed posture in the image, combined with his positive tone in the utterance ('he's a good guy'), suggest he is expressing joy or amusement.",false,joy,false
S0187,588,1,Monica,"Oh, stop beating yourself up!",Chandler: I cant believe I did this! What an idiot!,sadness,closed_set,text + context + image,qwen-vl-plus,closed_set:S0187:text_plus_context_plus_image,"{\n  ""predicted_label"": ""joy"",\n  ""confidence"": 0.9,\n  ""reason"": ""Monica's supportive and encouraging tone, combined with her body language in the image (leaning forward, engaged expression), suggests she is trying to uplift Chandler's spirits, which aligns with a joyful or empathetic emotional response.""\n}",0.9,"Monica's supportive and encouraging tone, combined with her body language in the image (leaning forward, engaged expression), suggests she is trying to uplift Chandler's spirits, which aligns with a joyful or empathetic emotional response.",false,joy,false
S0188,592,1,Phoebe,You two will have very hairy children.,"Ross: Okay, look, I-I know what you guys are going to say",disgust,closed_set,text + context + image,qwen-vl-plus,closed_set:S0188:text_plus_context_plus_image,"{\n  ""predicted_label"": ""disgust"",\n  ""confidence"": 0.9,\n  ""reason"": ""Phoebe's statement about 'very hairy children' is inherently absurd and off-putting, which aligns with the emotion of disgust. The visual context shows Rachel and Monica reacting with expressions of mild discomfort or disbelief, reinforcing this interpretation.""\n}",0.9,"Phoebe's statement about 'very hairy children' is inherently absurd and off-putting, which aligns with the emotion of disgust. The visual context shows Rachel and Monica reacting with expressions of mild discomfort or disbelief, reinforcing this interpretation.",false,disgust,true
S0190,605,6,Julie,You don't think they'll judge and ridicule me?,"Julie: Oh, thanks, sweetie. Ross: No problem. I cannot wait for you to meet my friends. Julie: Really?",fear,closed_set,text + context + image,qwen-vl-plus,closed_set:S0190:text_plus_context_plus_image,"{\n  ""predicted_label"": ""fear"",\n  ""confidence"": 0.95,\n  ""reason"": ""Julie's question, 'You don't think they'll judge and ridicule me?' indicates anxiety and apprehension about social judgment, which aligns with the emotion of fear. The visual context shows her in a close, possibly vulnerable position with another person, further emphasizing her emotional state.""\n}",0.95,"Julie's question, 'You don't think they'll judge and ridicule me?' indicates anxiety and apprehension about social judgment, which aligns with the emotion of fear. The visual context shows her in a close, possibly vulnerable position with another person, further emphasizing her emotional state.",false,fear,true
S0189,6,0,Phoebe,"Oh, it's so romantic to send people off on their honeymoon.",,joy,closed_set,text + context + image,qwen-vl-plus,closed_set:S0189:text_plus_context_plus_image,"{\n  ""predicted_label"": ""joy"",\n  ""confidence"": 0.95,\n  ""reason"": ""Phoebe's tone and the context of sending people off on their honeymoon suggest a positive and happy emotion, consistent with joy.""\n}",0.95,"Phoebe's tone and the context of sending people off on their honeymoon suggest a positive and happy emotion, consistent with joy.",false,joy,true
S0191,61,1,Monica,"Look, not that I enjoy talking about people who I went to high school with, cause I do, but umm, maybe we could talk about something else?","Monica: Hey! Chip: ...and then Zana, just let one rip!! Stevens: Oh, excuse me. I forgot my briefcase y'know, by accident.",disgust,closed_set,text + context + image,qwen-vl-plus,closed_set:S0191:text_plus_context_plus_image,"{\n  ""predicted_label"": ""neutral"",\n  ""confidence"": 0.9,\n  ""reason"": ""Monica's tone and body language in the image suggest a calm and composed demeanor. Her slight smile and relaxed posture indicate she is not expressing strong emotions like anger, sadness, or fear. The context of the conversation also supports a neutral emotional state as she seems to be engaging in light, casual dialogue.""\n}",0.9,"Monica's tone and body language in the image suggest a calm and composed demeanor. Her slight smile and relaxed posture indicate she is not expressing strong emotions like anger, sadness, or fear. The context of the conversation also supports a neutral emotional state as she seems to be engaging in light, casual dialogue.",false,neutral,false
S0192,61,7,Chandler,"Ye-ye-yeah, yes I do!","Phoebe: Ohh, Monica, I am so excited for you. Chandler: No. No, not at all, thats-thats ridiculous. Doug: Everybody else got one, and you want one too. Dont you?",sadness,closed_set,text + context + image,qwen-vl-plus,closed_set:S0192:text_plus_context_plus_image,"{\n  ""predicted_label"": ""joy"",\n  ""confidence"": 0.95,\n  ""reason"": ""Chandler's wide smile, open mouth, and animated body language in the visual frames strongly indicate a joyful and enthusiastic emotional state, which aligns with his excited utterance 'Ye-ye-yeah, yes I do!'.""\n}",0.95,"Chandler's wide smile, open mouth, and animated body language in the visual frames strongly indicate a joyful and enthusiastic emotional state, which aligns with his excited utterance 'Ye-ye-yeah, yes I do!'.",false,joy,false
S0193,61,8,Doug,"Now get on out of here, you!","Chandler: No. No, not at all, thats-thats ridiculous. Doug: Everybody else got one, and you want one too. Dont you? Chandler: Ye-ye-yeah, yes I do!",joy,closed_set,text + context + image,qwen-vl-plus,closed_set:S0193:text_plus_context_plus_image,"{\n  ""predicted_label"": ""anger"",\n  ""confidence"": 0.95,\n  ""reason"": ""Doug's aggressive body language, including pushing Chandler out of the room and his stern facial expression, combined with the assertive tone of his utterance 'Now get on out of here, you!', strongly indicates anger as the primary emotion.""\n}",0.95,"Doug's aggressive body language, including pushing Chandler out of the room and his stern facial expression, combined with the assertive tone of his utterance 'Now get on out of here, you!', strongly indicates anger as the primary emotion.",false,anger,false
S0194,611,10,Rachel,"Oh, well, thanks, but, I'm okay, really.","Rachel: Nooo! Rachel: Hello? Rachel: Oh, yeah, no, I know, I-I haven't been using it much.",joy,closed_set,text + context + image,qwen-vl-plus,closed_set:S0194:text_plus_context_plus_image,"{\n  ""predicted_label"": ""neutral"",\n  ""confidence"": 0.9,\n  ""reason"": ""Rachel's tone and body language in the image suggest a calm and composed demeanor, with no strong emotional indicators present.""\n}",0.9,"Rachel's tone and body language in the image suggest a calm and composed demeanor, with no strong emotional indicators present.",false,neutral,false
S0196,615,12,Chandler,"I mean, what the hell is that thing?","Chandler: Like Joey's constant knuckle-cracking isn't annoying? Chandler: And Ross, with his over-pronouncing every single word? Chandler: And Monica, with that snort when she laughs?",disgust,closed_set,text + context + image,qwen-vl-plus,closed_set:S0196:text_plus_context_plus_image,"{\n  ""predicted_label"": ""anger"",\n  ""confidence"": 0.95,\n  ""reason"": ""Chandler's facial expression shows clear signs of frustration and irritation, with furrowed brows and a tense mouth. His body language, including the open hand gesture, suggests he is expressing strong disapproval or annoyance, which aligns with the 'anger' label.""\n}",0.95,"Chandler's facial expression shows clear signs of frustration and irritation, with furrowed brows and a tense mouth. His body language, including the open hand gesture, suggests he is expressing strong disapproval or annoyance, which aligns with the 'anger' label.",false,anger,false
S0195,614,18,Rachel,Yes! Great! Give me those cigs! Give it! Give it!,"Rachel: We can get--what are those--those patches! Rachel: We could be like the Patch Sisters! Kim: Oh y'know, we really should quit. Okay, let's quit!",joy,closed_set,text + context + image,qwen-vl-plus,closed_set:S0195:text_plus_context_plus_image,"{\n  ""predicted_label"": ""joy"",\n  ""confidence"": 0.95,\n  ""reason"": ""Rachel's enthusiastic and excited tone, along with her repeated exclamations of 'Yes! Great!' and 'Give me those cigs!', strongly indicates a state of joy or excitement. The context of discussing quitting smoking and the visual of her animated expression further support this classification.""\n}",0.95,"Rachel's enthusiastic and excited tone, along with her repeated exclamations of 'Yes! Great!' and 'Give me those cigs!', strongly indicates a state of joy or excitement. The context of discussing quitting smoking and the visual of her animated expression further support this classification.",false,joy,true
S0198,619,8,Janice,"Oh well thats what I thought about my first husband, now Im lucky if my kid gets to spend the weekend with her father and the twins and little Ms. New Boobs.","Rachel: Well then he gets a divorce, its Ross! Janice: Im telling you Rachel, listen to Janice. They all say theyre gonna be there until they start their real family. Rachel: Well IThats never gonna happen with Ross.",disgust,closed_set,text + context + image,qwen-vl-plus,closed_set:S0198:text_plus_context_plus_image,"{\n  ""predicted_label"": ""sadness"",\n  ""confidence"": 0.9,\n  ""reason"": ""Janice's tone and content express disappointment and resignation about her past relationship, indicating sadness. The context of discussing family dynamics and the visual setting of a hospital room further reinforce this emotional state.""\n}",0.9,"Janice's tone and content express disappointment and resignation about her past relationship, indicating sadness. The context of discussing family dynamics and the visual setting of a hospital room further reinforce this emotional state.",false,sadness,false
S0197,617,8,Phoebe,You gotta take care of yourselves!,"Phoebe: Yeah, uh-huh. Phoebe: Yeah, oh, ""Your mom probably won't kill herself,"" yknow? Phoebe: I'm sorry, but I'm not hanging all my hopes of Rachel and I living together on-on ""Probably!""",neutral,closed_set,text + context + image,qwen-vl-plus,closed_set:S0197:text_plus_context_plus_image,"{\n  ""predicted_label"": ""joy"",\n  ""confidence"": 0.85,\n  ""reason"": ""Phoebe's statement 'You gotta take care of yourselves!' suggests a caring and positive tone, likely expressing concern or encouragement in a warm social setting. The festive environment and her body language convey a sense of warmth and connection, aligning with the 'joy' label.""\n}",0.85,"Phoebe's statement 'You gotta take care of yourselves!' suggests a caring and positive tone, likely expressing concern or encouragement in a warm social setting. The festive environment and her body language convey a sense of warmth and connection, aligning with the 'joy' label.",false,joy,false
S0200,632,1,Rachel,"Well, I-I said yes.",Monica: Is he crazy?! You just had Ross’s baby!,fear,closed_set,text + context + image,qwen-vl-plus,closed_set:S0200:text_plus_context_plus_image,"{\n  ""predicted_label"": ""surprise"",\n  ""confidence"": 0.95,\n  ""reason"": ""Rachel's wide eyes and slightly open mouth, combined with her hesitant tone in saying 'I-I said yes,' suggest she is expressing surprise or shock at her own decision.""\n}",0.95,"Rachel's wide eyes and slightly open mouth, combined with her hesitant tone in saying 'I-I said yes,' suggest she is expressing surprise or shock at her own decision.",false,surprise,false
S0199,623,18,Chandler,"So you might say, its a magic ring.","Ross: That ring? When my grandmother first came to this country, that ring and the clothes on her back were all she had with her. Chandler: So you might say, the ring is irreplaceable? Ross: Oh absolutely! It has been in my family for generations, and every bride who has worn it has had a long and happy life.",joy,closed_set,text + context + image,qwen-vl-plus,closed_set:S0199:text_plus_context_plus_image,"{\n  ""predicted_label"": ""neutral"",\n  ""confidence"": 0.95,\n  ""reason"": ""Chandler's tone and facial expression appear calm and matter-of-fact, with no strong emotional cues present in the utterance or visual context.""\n}",0.95,"Chandler's tone and facial expression appear calm and matter-of-fact, with no strong emotional cues present in the utterance or visual context.",false,neutral,false
S0202,64,1,Monica,Well then we still have a problem.,"Rachel: You guys! It was bananas, cream, and beef! I-I just cannot believe that you ate that so that I wouldnt feel bad! Chandler: So, you stole my joke, and you stole my money. Chandler: Sorry, I just dont like the idea of when I say ""I do,"" hes thinking, ""Yeah, Id do her too!""",neutral,closed_set,text + context + image,qwen-vl-plus,closed_set:S0202:text_plus_context_plus_image,"{\n  ""predicted_label"": ""anger"",\n  ""confidence"": 0.9,\n  ""reason"": ""Monica's statement 'Well then we still have a problem' suggests frustration or irritation, likely stemming from the context of Rachel's actions and Chandler's comments about stolen jokes and money. Her tone and body language in the image appear tense, reinforcing the emotion of anger.""\n}",0.9,"Monica's statement 'Well then we still have a problem' suggests frustration or irritation, likely stemming from the context of Rachel's actions and Chandler's comments about stolen jokes and money. Her tone and body language in the image appear tense, reinforcing the emotion of anger.",false,anger,false
S0201,633,2,Phoebe,Oh my God Monica!,Phoebe: So-so you two were married huh? What happened? You just drift apart? Mrs. Geller: Here comes the bride.,surprise,closed_set,text + context + image,qwen-vl-plus,closed_set:S0201:text_plus_context_plus_image,"{\n  ""predicted_label"": ""surprise"",\n  ""confidence"": 0.95,\n  ""reason"": ""Phoebe's exclamation 'Oh my God Monica!' and the visual context of Monica walking down the aisle in a wedding dress suggest a strong emotional reaction of surprise, likely due to seeing Monica in an unexpected or significant moment.""\n}",0.95,"Phoebe's exclamation 'Oh my God Monica!' and the visual context of Monica walking down the aisle in a wedding dress suggest a strong emotional reaction of surprise, likely due to seeing Monica in an unexpected or significant moment.",false,surprise,true
S0204,652,15,Chandler,You think?,"Ross: He could never get a woman like that in a million years. Phoebe: Oh, oh, but y'know, you always see these really beautiful women with these really nothing guys, you could be one of those guys. Monica: You could do that!",surprise,closed_set,text + context + image,qwen-vl-plus,closed_set:S0204:text_plus_context_plus_image,"{\n  ""predicted_label"": ""surprise"",\n  ""confidence"": 0.9,\n  ""reason"": ""Chandler's expression and body language, combined with the utterance 'You think?', suggest surprise or disbelief in response to Ross's statement.""\n}",0.9,"Chandler's expression and body language, combined with the utterance 'You think?', suggest surprise or disbelief in response to Ross's statement.",false,surprise,true
S0203,644,1,Ross,"Well, Chandler and I are in a bar",Monica: What happened in Atlantic City?!,neutral,closed_set,text + context + image,qwen-vl-plus,closed_set:S0203:text_plus_context_plus_image,"{\n  ""predicted_label"": ""neutral"",\n  ""confidence"": 0.95,\n  ""reason"": ""Ross's tone and body language appear calm and matter-of-fact, with no strong emotional cues present in the visual context or his utterance.""\n}",0.95,"Ross's tone and body language appear calm and matter-of-fact, with no strong emotional cues present in the visual context or his utterance.",false,neutral,true
S0206,659,3,Susan,I thought they could...I'll try to get back as soon as I can. I'm sorry.,"Ross: So, um, what do you do for a living? Kristin: Well, um, for the past few years I've been working.....which is funny because, that wasn't even my major. Carol: Oh no. I thought you said they could shoot the spot without you.",sadness,closed_set,text + context + image,qwen-vl-plus,closed_set:S0206:text_plus_context_plus_image,"{\n  ""predicted_label"": ""sadness"",\n  ""confidence"": 0.9,\n  ""reason"": ""Susan's utterance 'I'm sorry' and the context of her apology suggest she is expressing regret or remorse, which aligns with the emotion of sadness. Her body language in the image also appears subdued and reflective.""\n}",0.9,"Susan's utterance 'I'm sorry' and the context of her apology suggest she is expressing regret or remorse, which aligns with the emotion of sadness. Her body language in the image also appears subdued and reflective.",false,sadness,true
S0205,655,0,Ross,Wow!,,surprise,closed_set,text + context + image,qwen-vl-plus,closed_set:S0205:text_plus_context_plus_image,"{\n  ""predicted_label"": ""surprise"",\n  ""confidence"": 0.95,\n  ""reason"": ""The utterance 'Wow!' is a direct expression of surprise, and the visual context of a dimly lit building at night adds to the sense of awe or astonishment.""\n}",0.95,"The utterance 'Wow!' is a direct expression of surprise, and the visual context of a dimly lit building at night adds to the sense of awe or astonishment.",false,surprise,true
S0208,659,9,Carol,"Oh, no no no. I'm fine. I'm fine.","Ross: Cause she's, she's alone now, and pregnant, and, and sad. Kristin: I guess. Ross: Are you sure? Great. Carol? Wanna come over and join us?",neutral,closed_set,text + context + image,qwen-vl-plus,closed_set:S0208:text_plus_context_plus_image,"{\n  ""predicted_label"": ""joy"",\n  ""confidence"": 0.95,\n  ""reason"": ""Carol's facial expression in the visual frames shows a smile and relaxed demeanor, indicating happiness or amusement. Her body language appears open and engaged, suggesting she is enjoying the social interaction.""\n}",0.95,"Carol's facial expression in the visual frames shows a smile and relaxed demeanor, indicating happiness or amusement. Her body language appears open and engaged, suggesting she is enjoying the social interaction.",false,joy,false
S0207,659,6,Ross,"Cause she's, she's alone now, and pregnant, and, and sad.","Susan: I thought they could...I'll try to get back as soon as I can. I'm sorry. Ross: Now that is funny. Ross: Hey, do you think...would it be too weird if I invited Carol over to join us?",sadness,closed_set,text + context + image,qwen-vl-plus,closed_set:S0207:text_plus_context_plus_image,"{\n  ""predicted_label"": ""sadness"",\n  ""confidence"": 0.95,\n  ""reason"": ""Ross's utterance, 'Cause she's, she's alone now, and pregnant, and, and sad,' directly conveys a sense of sadness. The context of discussing someone being alone and pregnant further supports this emotional state.""\n}",0.95,"Ross's utterance, 'Cause she's, she's alone now, and pregnant, and, and sad,' directly conveys a sense of sadness. The context of discussing someone being alone and pregnant further supports this emotional state.",false,sadness,true
S0209,660,15,Rachel,Oh!,Rachel: Now we can go eat. Rachel: Lets go. Paul: It was horrible. They called me chicken boy.,surprise,closed_set,text + context + image,qwen-vl-plus,closed_set:S0209:text_plus_context_plus_image,"{\n  ""predicted_label"": ""surprise"",\n  ""confidence"": 0.95,\n  ""reason"": ""Rachel's exclamation 'Oh!' in response to Paul's comment about being called 'chicken boy' suggests a strong emotional reaction, likely surprise or shock, which aligns with the context of the conversation and her visible expression in the image.""\n}",0.95,"Rachel's exclamation 'Oh!' in response to Paul's comment about being called 'chicken boy' suggests a strong emotional reaction, likely surprise or shock, which aligns with the context of the conversation and her visible expression in the image.",false,surprise,true
S0210,67,6,Rachel,"I mean, I mean I was gonna be homeless.","Joey: Oh, Im sorry. Thank you Chandler. Rachel: Anyway, theres this big charity ball this weekend and Ralph Lauren bought a table, so I kinda have to go Rachel: Ross-Ross, you have no idea what this means to me!",sadness,closed_set,text + context + image,qwen-vl-plus,closed_set:S0210:text_plus_context_plus_image,"{\n  ""predicted_label"": ""sadness"",\n  ""confidence"": 0.95,\n  ""reason"": ""Rachel's expression and body language, including her hand on her chest and concerned look, combined with the context of discussing homelessness, strongly indicate sadness.""\n}",0.95,"Rachel's expression and body language, including her hand on her chest and concerned look, combined with the context of discussing homelessness, strongly indicate sadness.",false,sadness,true
S0212,672,9,Rachel,Does it?,"Ross: And so I wanted to read every word carefully, twice! Rachel: So umm, does it? Ross: Im sorry.",fear,closed_set,text + context + image,qwen-vl-plus,closed_set:S0212:text_plus_context_plus_image,"{\n  ""predicted_label"": ""surprise"",\n  ""confidence"": 0.9,\n  ""reason"": ""Rachel's expression and tone suggest curiosity or mild surprise, likely in response to Ross's apology or statement.""\n}",0.9,"Rachel's expression and tone suggest curiosity or mild surprise, likely in response to Ross's apology or statement.",false,surprise,false
S0211,67,6,Monica,Whats the charity?,"Joey: Oh, Im sorry. Thank you Chandler. Rachel: Anyway, theres this big charity ball this weekend and Ralph Lauren bought a table, so I kinda have to go Rachel: Ross-Ross, you have no idea what this means to me!",neutral,closed_set,text + context + image,qwen-vl-plus,closed_set:S0211:text_plus_context_plus_image,"{\n  ""predicted_label"": ""neutral"",\n  ""confidence"": 0.9,\n  ""reason"": ""Monica's facial expression is calm and composed, with no strong indicators of emotion such as raised eyebrows, a frown, or a smile. Her tone appears neutral, and the context suggests she is asking a straightforward question rather than expressing any intense emotion.""\n}",0.9,"Monica's facial expression is calm and composed, with no strong indicators of emotion such as raised eyebrows, a frown, or a smile. Her tone appears neutral, and the context suggests she is asking a straightforward question rather than expressing any intense emotion.",false,neutral,true
S0214,68,13,Rachel,What?,"Monica: We know how tough those parent/teacher conferences can be. Rachel: You don't know anything. Joey: Ohh, I know one thing!",joy,closed_set,text + context + image,qwen-vl-plus,closed_set:S0214:text_plus_context_plus_image,"{\n  ""predicted_label"": ""surprise"",\n  ""confidence"": 0.95,\n  ""reason"": ""Rachel's wide eyes and open mouth in the provided frames, along with her utterance 'What?', strongly indicate a reaction of surprise or disbelief.""\n}",0.95,"Rachel's wide eyes and open mouth in the provided frames, along with her utterance 'What?', strongly indicate a reaction of surprise or disbelief.",false,surprise,false
S0213,673,20,Ross,"Cause I kinda all ready told her uh, it was, it was already taken care of.",Russell: And well need you and Rachel to testify before a judge. Ross: Ooh! Ross: Theres no way to do this without her?,fear,closed_set,text + context + image,qwen-vl-plus,closed_set:S0213:text_plus_context_plus_image,"{\n  ""predicted_label"": ""neutral"",\n  ""confidence"": 0.9,\n  ""reason"": ""Ross's tone and body language appear calm and composed, with no strong emotional indicators such as raised voice, facial expressions of distress, or overt enthusiasm. The context suggests a routine explanation rather than an emotionally charged moment.""\n}",0.9,"Ross's tone and body language appear calm and composed, with no strong emotional indicators such as raised voice, facial expressions of distress, or overt enthusiasm. The context suggests a routine explanation rather than an emotionally charged moment.",false,neutral,false
S0216,695,1,Rachel,No! Dont say that! Dont say that!,Ben: Oh damnit!,fear,closed_set,text + context + image,qwen-vl-plus,closed_set:S0216:text_plus_context_plus_image,"{\n  ""predicted_label"": ""anger"",\n  ""confidence"": 0.95,\n  ""reason"": ""Rachel's emphatic tone and repeated plea of 'Don't say that!' indicate strong emotional resistance, likely stemming from anger or frustration in response to Ben's earlier exclamation.""\n}",0.95,"Rachel's emphatic tone and repeated plea of 'Don't say that!' indicate strong emotional resistance, likely stemming from anger or frustration in response to Ben's earlier exclamation.",false,anger,false
S0215,682,6,Rachel,"Oh, I know. Look at him.","Ross: But I'll still always come back, like this. Chandler: And sometimes, I'll want you to steal third, and I'll go like this. Monica: He is so amazing.",joy,closed_set,text + context + image,qwen-vl-plus,closed_set:S0215:text_plus_context_plus_image,"{\n  ""predicted_label"": ""joy"",\n  ""confidence"": 0.95,\n  ""reason"": ""Rachel's expression and the context of the conversation suggest a positive and amused reaction, likely due to the humorous or endearing behavior of the person being referenced. The group's overall cheerful demeanor in the image further supports this classification.""\n}",0.95,"Rachel's expression and the context of the conversation suggest a positive and amused reaction, likely due to the humorous or endearing behavior of the person being referenced. The group's overall cheerful demeanor in the image further supports this classification.",false,joy,true
S0217,699,0,Phoebe,I won! I won! I finally won!,,surprise,closed_set,text + context + image,qwen-vl-plus,closed_set:S0217:text_plus_context_plus_image,"{\n  ""predicted_label"": ""joy"",\n  ""confidence"": 0.95,\n  ""reason"": ""Phoebe's exclamation 'I won! I won! I finally won!' and her animated expression in the image convey strong excitement and happiness, consistent with the emotion of joy.""\n}",0.95,"Phoebe's exclamation 'I won! I won! I finally won!' and her animated expression in the image convey strong excitement and happiness, consistent with the emotion of joy.",false,joy,false
S0218,712,11,Chandler,No!,"Chandler: Bamboozled? Joey: Yeah, isnt that a cool name? Ross: Yeah!",disgust,closed_set,text + context + image,qwen-vl-plus,closed_set:S0218:text_plus_context_plus_image,"{\n  ""predicted_label"": ""surprise"",\n  ""confidence"": 0.95,\n  ""reason"": ""Chandler's exclamation 'No!' and the context of a conversation about a surprising or unexpected name ('Bamboozled') suggest a strong emotional reaction of surprise. The visual shows him with an expressive posture, reinforcing this interpretation.""\n}",0.95,"Chandler's exclamation 'No!' and the context of a conversation about a surprising or unexpected name ('Bamboozled') suggest a strong emotional reaction of surprise. The visual shows him with an expressive posture, reinforcing this interpretation.",false,surprise,false
S0219,714,4,Ross,"Hi, I was wondering if it is possible to increase security in the Paleontology section?","The Librarian: Well, yes! Just give me five minutes, I just have to find someone to cover my shift. Ross: No! No!! No! Can I speak to someone in charge please?! The Head Librarian: How can I help you?",anger,closed_set,text + context + image,qwen-vl-plus,closed_set:S0219:text_plus_context_plus_image,"{\n  ""predicted_label"": ""anger"",\n  ""confidence"": 0.9,\n  ""reason"": ""Ross's tone and body language, including his raised voice and intense expression, indicate frustration and anger in response to the situation.""\n}",0.9,"Ross's tone and body language, including his raised voice and intense expression, indicate frustration and anger in response to the situation.",false,anger,true
S0220,723,5,Phoebe,"Oh I know, I helped pick out the ring.",Phoebe: Hi. Ross: Hey-hey Pheebs! Ross: Chandlers gonna ask Monica to marry him!,neutral,closed_set,text + context + image,qwen-vl-plus,closed_set:S0220:text_plus_context_plus_image,"{\n  ""predicted_label"": ""joy"",\n  ""confidence"": 0.95,\n  ""reason"": ""Phoebe's wide smile, animated hand gestures, and the context of discussing a happy event (Chandler asking Monica to marry him) strongly indicate she is expressing joy.""\n}",0.95,"Phoebe's wide smile, animated hand gestures, and the context of discussing a happy event (Chandler asking Monica to marry him) strongly indicate she is expressing joy.",false,joy,false
S0221,73,2,Joey,"Well, maybe thats because youre closer to you. So you look bigger to you from where you are.","Joey: Hey! Ross: They dont look any bigger than me! Chandler: With a chick-chick here, and a chick-chick there.",anger,closed_set,text + context + image,qwen-vl-plus,closed_set:S0221:text_plus_context_plus_image,"{\n  ""predicted_label"": ""neutral"",\n  ""confidence"": 0.9,\n  ""reason"": ""Joey's utterance is matter-of-fact and lacks strong emotional tone. The visual context shows a casual outdoor scene with no signs of heightened emotion, supporting the neutral classification.""\n}",0.9,"Joey's utterance is matter-of-fact and lacks strong emotional tone. The visual context shows a casual outdoor scene with no signs of heightened emotion, supporting the neutral classification.",false,neutral,false
S0222,730,9,Joey,"Geez, sounds like you should be going on this date!","Ross: You know what? Ross: She loves architecture, you know what you should do? Ross: You should take a walk down fifth to the Saint Patrick's Cathedral and there    there's this great little pastry shop that she'd love.",surprise,closed_set,text + context + image,qwen-vl-plus,closed_set:S0222:text_plus_context_plus_image,"{\n  ""predicted_label"": ""joy"",\n  ""confidence"": 0.9,\n  ""reason"": ""Joey's tone and body language, including his expressive hand gestures and facial expression, suggest enthusiasm and amusement in response to Ross's suggestion about the date.""\n}",0.9,"Joey's tone and body language, including his expressive hand gestures and facial expression, suggest enthusiasm and amusement in response to Ross's suggestion about the date.",false,joy,false
S0224,737,6,Chandler,"Where is that book that you are reading with the two women who were ice-skating and wearing, wearing those hats with the flowers on it?","Monica: Deep Impact Chandler: Sorry, I justcant sleep. Chandler: Ooh!",neutral,closed_set,text + context + image,qwen-vl-plus,closed_set:S0224:text_plus_context_plus_image,"{\n  ""predicted_label"": ""neutral"",\n  ""confidence"": 0.9,\n  ""reason"": ""Chandler's tone and body language in the image suggest he is engaged in a casual, non-emotional conversation. His gestures appear relaxed, and there are no signs of strong emotion such as anger, sadness, or surprise.""\n}",0.9,"Chandler's tone and body language in the image suggest he is engaged in a casual, non-emotional conversation. His gestures appear relaxed, and there are no signs of strong emotion such as anger, sadness, or surprise.",false,neutral,true
S0223,736,4,Ross,"Thats, thats, thats a big candy bar. (Shes holding one of those huge","Emily: Oh my God! What are you doing here? Ross: I just, I had to see you one more time before you took-off. Emily: You are so sweet.",sadness,closed_set,text + context + image,qwen-vl-plus,closed_set:S0223:text_plus_context_plus_image,"{\n  ""predicted_label"": ""joy"",\n  ""confidence"": 0.95,\n  ""reason"": ""Ross's expression and body language, along with the context of Emily's positive reaction ('You are so sweet'), suggest a joyful and affectionate interaction. The act of holding a large candy bar adds to the lighthearted and happy tone.""\n}",0.95,"Ross's expression and body language, along with the context of Emily's positive reaction ('You are so sweet'), suggest a joyful and affectionate interaction. The act of holding a large candy bar adds to the lighthearted and happy tone.",false,joy,false
S0226,740,0,Mr. Geller,"Well, shell understand right? Its not like I did it on purpose.",,sadness,closed_set,text + context + image,qwen-vl-plus,closed_set:S0226:text_plus_context_plus_image,"{\n  ""predicted_label"": ""neutral"",\n  ""confidence"": 0.9,\n  ""reason"": ""The speaker's tone and body language appear calm and non-confrontational, with no strong emotional cues present in the utterance or visual context.""\n}",0.9,"The speaker's tone and body language appear calm and non-confrontational, with no strong emotional cues present in the utterance or visual context.",false,neutral,false
S0225,739,15,Joey's Hand Twin,That's okay.,"Joey: Huh? Joey: And-and-and I wrote a song for us! Joey: (Singing, to the tune of",neutral,closed_set,text + context + image,qwen-vl-plus,closed_set:S0225:text_plus_context_plus_image,"{\n  ""predicted_label"": ""joy"",\n  ""confidence"": 0.95,\n  ""reason"": ""The speaker's calm and accepting tone ('That's okay.') combined with the visual context of a friendly interaction in a bathroom setting, where one character is smiling and gesturing warmly, suggests a positive and joyful emotional state.""\n}",0.95,"The speaker's calm and accepting tone ('That's okay.') combined with the visual context of a friendly interaction in a bathroom setting, where one character is smiling and gesturing warmly, suggests a positive and joyful emotional state.",false,joy,false
S0228,747,10,Ross,"I mean, last year Elizabeth now-now this kid.",Rachel: Really? Ross: Yeah! Ross: I dont know.,anger,closed_set,text + context + image,qwen-vl-plus,closed_set:S0228:text_plus_context_plus_image,"{\n  ""predicted_label"": ""neutral"",\n  ""confidence"": 0.9,\n  ""reason"": ""Ross's expression and body language appear calm and composed, with no strong indicators of emotion such as raised voice, intense facial expressions, or dramatic gestures. The context suggests a casual conversation rather than an emotionally charged moment.""\n}",0.9,"Ross's expression and body language appear calm and composed, with no strong indicators of emotion such as raised voice, intense facial expressions, or dramatic gestures. The context suggests a casual conversation rather than an emotionally charged moment.",false,neutral,false
S0227,744,8,Shelley,...Oh God.,"Shelley: Okay. He's cute, he's funny, he's- Chandler: He's a he? Shelley: Well yeah!",fear,closed_set,text + context + image,qwen-vl-plus,closed_set:S0227:text_plus_context_plus_image,"{\n  ""predicted_label"": ""surprise"",\n  ""confidence"": 0.95,\n  ""reason"": ""Shelley's utterance '...Oh God.' combined with her wide-eyed expression and open-mouthed look in the provided frames suggests a strong reaction of surprise, likely in response to Chandler's question about the gender of someone she described as cute and funny.""\n}",0.95,"Shelley's utterance '...Oh God.' combined with her wide-eyed expression and open-mouthed look in the provided frames suggests a strong reaction of surprise, likely in response to Chandler's question about the gender of someone she described as cute and funny.",false,surprise,false
S0229,750,2,Richard,"Ten, even twenty minutes if you need it.","Richard: Yeah, I understand. Richard: Take as much time as you want.",neutral,closed_set,text + context + image,qwen-vl-plus,closed_set:S0229:text_plus_context_plus_image,"{\n  ""predicted_label"": ""neutral"",\n  ""confidence"": 0.95,\n  ""reason"": ""Richard's facial expression is calm and composed, with no strong indicators of emotion such as raised eyebrows, frowning, or smiling. His body language appears relaxed, and the context suggests a neutral tone in the conversation.""\n}",0.95,"Richard's facial expression is calm and composed, with no strong indicators of emotion such as raised eyebrows, frowning, or smiling. His body language appears relaxed, and the context suggests a neutral tone in the conversation.",false,neutral,true
S0230,751,0,Ross,"Were really gonna do this, huh?",,surprise,closed_set,text + context + image,qwen-vl-plus,closed_set:S0230:text_plus_context_plus_image,"{\n  ""predicted_label"": ""surprise"",\n  ""confidence"": 0.9,\n  ""reason"": ""The speaker's tone and the context of the scene suggest surprise, as indicated by their expression and body language in the provided frames.""\n}",0.9,"The speaker's tone and the context of the scene suggest surprise, as indicated by their expression and body language in the provided frames.",false,surprise,true
S0231,755,8,Ross,Not nice enough.,"Girl: Why dont you look in the mirror, scrud. Ross: I dont have too. I can just look at you. Leader: All right girls, and man. Lets see your final tallies.  Ohhhh, Debbie,  321 boxes of cookies,  Very nice.",anger,closed_set,text + context + image,qwen-vl-plus,closed_set:S0231:text_plus_context_plus_image,"{\n  ""predicted_label"": ""anger"",\n  ""confidence"": 0.9,\n  ""reason"": ""Ross's expression and tone in the utterance 'Not nice enough' suggest frustration or irritation, likely in response to the previous interaction with the girl.""\n}",0.9,"Ross's expression and tone in the utterance 'Not nice enough' suggest frustration or irritation, likely in response to the previous interaction with the girl.",false,anger,true
S0232,757,1,Monica,"Well uh, you and I are just goofing around, I thought, why not goof around with him.","Chandler: So, are you really gonna go out with that nurse man?",neutral,closed_set,text + context + image,qwen-vl-plus,closed_set:S0232:text_plus_context_plus_image,"{\n  ""predicted_label"": ""neutral"",\n  ""confidence"": 0.9,\n  ""reason"": ""Monica's facial expression is relatively calm and composed, with no strong indicators of emotion such as raised eyebrows (surprise), frowning (anger/disgust), or smiling (joy). Her tone appears conversational and matter-of-fact, aligning with a neutral emotional state.""\n}",0.9,"Monica's facial expression is relatively calm and composed, with no strong indicators of emotion such as raised eyebrows (surprise), frowning (anger/disgust), or smiling (joy). Her tone appears conversational and matter-of-fact, aligning with a neutral emotional state.",false,neutral,true
S0234,762,2,Joey,Look at me! I'm Chandler! Could I,"Joey: Okay, buddy-boy. Here it is. You hide my clothes, I'm wearing everything you own. Chandler: Oh my God!",joy,closed_set,text + context + image,qwen-vl-plus,closed_set:S0234:text_plus_context_plus_image,"{\n  ""predicted_label"": ""surprise"",\n  ""confidence"": 0.95,\n  ""reason"": ""Joey's wide eyes and open mouth, along with his gesture of pointing at himself, indicate a strong reaction of surprise or shock in response to the situation.""\n}",0.95,"Joey's wide eyes and open mouth, along with his gesture of pointing at himself, indicate a strong reaction of surprise or shock in response to the situation.",false,surprise,false
S0233,758,3,Girl,He touched my fanny.,"Frank: Ow!-Ow!-Ow! Ow! Ow! Ow! Ow! Ow! Ow! Y'know, ow! Phoebe: Hey!-Hey! Whats going on? Frank: She broke my arm.",anger,closed_set,text + context + image,qwen-vl-plus,closed_set:S0233:text_plus_context_plus_image,"{\n  ""predicted_label"": ""anger"",\n  ""confidence"": 0.95,\n  ""reason"": ""The speaker's statement 'He touched my fanny' indicates a strong emotional reaction, likely anger, in response to an inappropriate or unwanted physical contact. The context of the conversation, where Frank is expressing pain and Phoebe is reacting, further supports this interpretation.""\n}",0.95,"The speaker's statement 'He touched my fanny' indicates a strong emotional reaction, likely anger, in response to an inappropriate or unwanted physical contact. The context of the conversation, where Frank is expressing pain and Phoebe is reacting, further supports this interpretation.",false,anger,true
S0236,772,15,Rachel,"Yeah, sure, sure I can bring some sandwiches.","Rachel: Hi, Joey! Rachel: Its Rachel! Rachel: Umm, I am free tomorrow night.",neutral,closed_set,text + context + image,qwen-vl-plus,closed_set:S0236:text_plus_context_plus_image,"{\n  ""predicted_label"": ""neutral"",\n  ""confidence"": 0.9,\n  ""reason"": ""Rachel's tone in the utterance is agreeable and matter-of-fact, with no strong emotional indicators. Her facial expression in the image appears calm and slightly pensive, supporting a neutral emotional state.""\n}",0.9,"Rachel's tone in the utterance is agreeable and matter-of-fact, with no strong emotional indicators. Her facial expression in the image appears calm and slightly pensive, supporting a neutral emotional state.",false,neutral,true
S0235,770,17,Chandler,"I said, ""Geez, relax Monnnnn.""","Monica: We're supposed to uh, be spending a romantic weekend together, it-it, what is the matter with you? Chandler: I just want to watch a little television. What is the big deal? Geez, relax mom. Monica: What did you say?",fear,closed_set,text + context + image,qwen-vl-plus,closed_set:S0235:text_plus_context_plus_image,"{\n  ""predicted_label"": ""anger"",\n  ""confidence"": 0.95,\n  ""reason"": ""Chandler's tone and facial expression in the image convey frustration and irritation, which aligns with the 'anger' label. His statement 'Geez, relax mom' further supports this interpretation as it reflects a dismissive and annoyed attitude.""\n}",0.95,"Chandler's tone and facial expression in the image convey frustration and irritation, which aligns with the 'anger' label. His statement 'Geez, relax mom' further supports this interpretation as it reflects a dismissive and annoyed attitude.",false,anger,false
S0237,78,4,Ross,DANGER,Ross: What-what are you doing?! Are youOkay thats not funny! Just stop horsing around! Monica: I know I do. Phoebe: Why is Ross doing that?,fear,closed_set,text + context + image,qwen-vl-plus,closed_set:S0237:text_plus_context_plus_image,"{\n  ""predicted_label"": ""fear"",\n  ""confidence"": 0.95,\n  ""reason"": ""Ross's exclamation of 'DANGER' and the alarmed expressions on Monica and Phoebe's faces in the visual context strongly indicate a fear response to an unexpected or threatening situation.""\n}",0.95,Ross's exclamation of 'DANGER' and the alarmed expressions on Monica and Phoebe's faces in the visual context strongly indicate a fear response to an unexpected or threatening situation.,false,fear,true
S0238,78,5,Rachel,Oh my God! Why is he jumping on those women!,"Rachel: I am not horsing around, okay? I am Porsching around. Ross: Hi. Ross: DANGER",surprise,closed_set,text + context + image,qwen-vl-plus,closed_set:S0238:text_plus_context_plus_image,"{\n  ""predicted_label"": ""surprise"",\n  ""confidence"": 0.95,\n  ""reason"": ""Rachel's exclamation 'Oh my God!' and the wide-eyed, open-mouthed expression in the visual frame indicate a strong reaction of surprise to the unexpected event of someone jumping on women.""\n}",0.95,"Rachel's exclamation 'Oh my God!' and the wide-eyed, open-mouthed expression in the visual frame indicate a strong reaction of surprise to the unexpected event of someone jumping on women.",false,surprise,true
S0239,782,8,Mark,"But, now that youre not, Id really like to ask you out sometime.","Rachel: Oh, okay. Mark: Ive kinda of had this ah, this crush on you. Mark: But since you were with Ross, I-I didnt do anything about it.",fear,closed_set,text + context + image,qwen-vl-plus,closed_set:S0239:text_plus_context_plus_image,"{\n  ""predicted_label"": ""joy"",\n  ""confidence"": 0.9,\n  ""reason"": ""Mark's expression and body language convey a sense of happiness and anticipation as he asks Rachel out, supported by the context of his previous crush on her.""\n}",0.9,"Mark's expression and body language convey a sense of happiness and anticipation as he asks Rachel out, supported by the context of his previous crush on her.",false,joy,false
S0240,792,6,Rachel,"Me? Oh, no, I am not an actress.","Joey: Oh, you know, the writing was good, and the director is good,    and... and my co-star's good Rachel: God, you have to tell me what happens tomorrow! Joey: Ow, I'm just going over the script now! You wanna read lines with    me?",disgust,closed_set,text + context + image,qwen-vl-plus,closed_set:S0240:text_plus_context_plus_image,"{\n  ""predicted_label"": ""surprise"",\n  ""confidence"": 0.95,\n  ""reason"": ""Rachel's facial expression and body language in the provided frames show a look of surprise or disbelief, likely in response to Joey's comment about being an actress. Her wide eyes and slightly open mouth support this classification.""\n}",0.95,"Rachel's facial expression and body language in the provided frames show a look of surprise or disbelief, likely in response to Joey's comment about being an actress. Her wide eyes and slightly open mouth support this classification.",false,surprise,false
S0241,796,19,Chandler,I like a girl with a strong jaw.,"Chandler: Wh-why  would I when your name is Elaine? Chandler: Oh what a great picture of your son,  strapping! Chandler: That’s a picture of your daughter, isn’t it,  well she’s lovely.",sadness,closed_set,text + context + image,qwen-vl-plus,closed_set:S0241:text_plus_context_plus_image,"{\n  ""predicted_label"": ""surprise"",\n  ""confidence"": 0.95,\n  ""reason"": ""Chandler's facial expression in the final frame shows wide eyes and an open mouth, which are clear indicators of surprise. This aligns with his statement about liking a girl with a strong jaw, suggesting an unexpected or surprising thought.""\n}",0.95,"Chandler's facial expression in the final frame shows wide eyes and an open mouth, which are clear indicators of surprise. This aligns with his statement about liking a girl with a strong jaw, suggesting an unexpected or surprising thought.",false,surprise,false
S0242,805,3,Ross,"Yeah-yeah, there it is, just a phone number a really hot girl gave me.",Ross: Hello! Ross: What's this? Ross: Oh right its that girl's phone number.,joy,closed_set,text + context + image,qwen-vl-plus,closed_set:S0242:text_plus_context_plus_image,"{\n  ""predicted_label"": ""joy"",\n  ""confidence"": 0.95,\n  ""reason"": ""Ross's tone and the context of him showing off a phone number from a 'really hot girl' suggest excitement and pride, which aligns with the emotion of joy.""\n}",0.95,"Ross's tone and the context of him showing off a phone number from a 'really hot girl' suggest excitement and pride, which aligns with the emotion of joy.",false,joy,true
S0244,814,4,Ross,"All right everyone, lift!  And slide!!","Rachel: Ross, I really dont think Ross: Lift!! And slide! Chandler: Okay, here we go.",joy,closed_set,text + context + image,qwen-vl-plus,closed_set:S0244:text_plus_context_plus_image,"{\n  ""predicted_label"": ""joy"",\n  ""confidence"": 0.95,\n  ""reason"": ""Ross's enthusiastic and energetic tone, combined with the physical activity of lifting and sliding a car, suggests excitement and enjoyment, aligning with the 'joy' label.""\n}",0.95,"Ross's enthusiastic and energetic tone, combined with the physical activity of lifting and sliding a car, suggests excitement and enjoyment, aligning with the 'joy' label.",false,joy,true
S0243,81,0,Elizabeth,You wanted to see me Professor Geller?,,joy,closed_set,text + context + image,qwen-vl-plus,closed_set:S0243:text_plus_context_plus_image,"{\n  ""predicted_label"": ""joy"",\n  ""confidence"": 0.95,\n  ""reason"": ""Elizabeth's facial expression shows a smile, and her body language appears relaxed and engaged, suggesting a positive and friendly interaction with Professor Geller.""\n}",0.95,"Elizabeth's facial expression shows a smile, and her body language appears relaxed and engaged, suggesting a positive and friendly interaction with Professor Geller.",false,joy,true
S0245,819,2,Monica,Hey sweetie.,"Chandler: No-no-no-no.  Hey! Phoebe: Anyway, I should go. Okay, bye.",neutral,closed_set,text + context + image,qwen-vl-plus,closed_set:S0245:text_plus_context_plus_image,"{\n  ""predicted_label"": ""joy"",\n  ""confidence"": 0.95,\n  ""reason"": ""Monica's warm and affectionate tone ('Hey sweetie') combined with her body language leaning towards Chandler in a friendly manner suggests a joyful and loving emotion. The setting of a cozy bar with social interaction further supports this positive emotional context.""\n}",0.95,Monica's warm and affectionate tone ('Hey sweetie') combined with her body language leaning towards Chandler in a friendly manner suggests a joyful and loving emotion. The setting of a cozy bar with social interaction further supports this positive emotional context.,false,joy,false
S0246,819,9,Chandler,"Oh no-no, I cant do that.","Monica: Awww.  But still no. Chandler: No Im serious, we should tell each other Monica: Really? Okay, so why dont you tell me what happened to Ross Junior year at",fear,closed_set,text + context + image,qwen-vl-plus,closed_set:S0246:text_plus_context_plus_image,"{\n  ""predicted_label"": ""fear"",\n  ""confidence"": 0.9,\n  ""reason"": ""Chandler's body language, including his wide eyes and slightly open mouth, combined with the hesitant tone of his utterance 'Oh no-no, I can't do that,' suggests apprehension or fear about doing something he is being asked to do.""\n}",0.9,"Chandler's body language, including his wide eyes and slightly open mouth, combined with the hesitant tone of his utterance 'Oh no-no, I can't do that,' suggests apprehension or fear about doing something he is being asked to do.",false,fear,true
S0248,82,5,Joey,knock over the sandwich right when I was reaching for one!,Chandler: I dont even know the man. Okay? Were not that close. I havent seen him in years. Joey: He had C.H.E.E.S.E. Monica: Well what are you gonna do when he finds out he wasnt even asked?!,anger,closed_set,text + context + image,qwen-vl-plus,closed_set:S0248:text_plus_context_plus_image,"{\n  ""predicted_label"": ""anger"",\n  ""confidence"": 0.9,\n  ""reason"": ""Joey's exclamation 'knock over the sandwich right when I was reaching for one!' conveys frustration and irritation, indicating anger. His facial expression in the visual frames also supports this emotion.""\n}",0.9,"Joey's exclamation 'knock over the sandwich right when I was reaching for one!' conveys frustration and irritation, indicating anger. His facial expression in the visual frames also supports this emotion.",false,anger,true
S0247,82,3,Joey,"Yeah, he doesnt like me.","Chandler: Oh! Right. Umm, maybe thats because I didnt send him an invitation. Joey: Anyway, it wasnt the robot, it was the guy who controls him. Monica: Chandler! Hes your father.  he should be at the wedding.",anger,closed_set,text + context + image,qwen-vl-plus,closed_set:S0247:text_plus_context_plus_image,"{\n  ""predicted_label"": ""sadness"",\n  ""confidence"": 0.9,\n  ""reason"": ""Joey's expression and tone in the utterance 'Yeah, he doesn't like me' convey disappointment and sadness. His slightly downcast eyes and neutral-to-sad facial expression further support this classification.""\n}",0.9,"Joey's expression and tone in the utterance 'Yeah, he doesn't like me' convey disappointment and sadness. His slightly downcast eyes and neutral-to-sad facial expression further support this classification.",false,sadness,false
S0249,821,13,Burt,Dr. Geller!,"Ross: Listen, I gotta tell ya, I-Im having a great time! Ross: Yknow how before you said it might be weird, the whole student teacher thing, and to be frank I thought it would be too, but its not. Ross: I mean its not at all.",joy,closed_set,text + context + image,qwen-vl-plus,closed_set:S0249:text_plus_context_plus_image,"{\n  ""predicted_label"": ""joy"",\n  ""confidence"": 0.95,\n  ""reason"": ""The speaker's facial expression shows a wide smile and crinkled eyes, indicating genuine happiness. The context of the conversation, where Ross expresses positive feelings about their interaction, further supports this classification.""\n}",0.95,"The speaker's facial expression shows a wide smile and crinkled eyes, indicating genuine happiness. The context of the conversation, where Ross expresses positive feelings about their interaction, further supports this classification.",false,joy,true
S0250,83,0,Monica,Oh good God! If you want a baby so bad just go steal it!,,anger,closed_set,text + context + image,qwen-vl-plus,closed_set:S0250:text_plus_context_plus_image,"{\n  ""predicted_label"": ""anger"",\n  ""confidence"": 0.95,\n  ""reason"": ""Monica's exclamation 'Oh good God! If you want a baby so bad just go steal it!' conveys strong frustration and irritation, indicating anger as the dominant emotion.""\n}",0.95,"Monica's exclamation 'Oh good God! If you want a baby so bad just go steal it!' conveys strong frustration and irritation, indicating anger as the dominant emotion.",false,anger,true
S0252,845,0,Doug,So thanks for the warm welcome.,,neutral,closed_set,text + context + image,qwen-vl-plus,closed_set:S0252:text_plus_context_plus_image,"{\n  ""predicted_label"": ""joy"",\n  ""confidence"": 0.9,\n  ""reason"": ""The speaker expresses gratitude with 'So thanks for the warm welcome,' which typically indicates a positive and appreciative emotion, aligning with joy.""\n}",0.9,"The speaker expresses gratitude with 'So thanks for the warm welcome,' which typically indicates a positive and appreciative emotion, aligning with joy.",false,joy,false
S0251,83,3,Monica,What?,Chandler: Im not crazy about babies. Im crazy about us. Ross: Yeah. Charlton Heston: Who in the hell are you?,surprise,closed_set,text + context + image,qwen-vl-plus,closed_set:S0251:text_plus_context_plus_image,"{\n  ""predicted_label"": ""surprise"",\n  ""confidence"": 0.95,\n  ""reason"": ""Monica's wide eyes and open mouth in the visual frames suggest a strong reaction of surprise, which aligns with her utterance 'What?' indicating she is processing unexpected information.""\n}",0.95,"Monica's wide eyes and open mouth in the visual frames suggest a strong reaction of surprise, which aligns with her utterance 'What?' indicating she is processing unexpected information.",false,surprise,true
S0254,848,4,Rachel,"Oh my God Ross, no, hang up the phone, give me the phone Ross, give me the phone, give me the phone, give me the.","Rachel: I'm just calling to say that um, everything's fine and I'm really happy for you and your Ross: Rach, I got a message from you. Rachel: Oh my God.",sadness,closed_set,text + context + image,qwen-vl-plus,closed_set:S0254:text_plus_context_plus_image,"{\n  ""predicted_label"": ""fear"",\n  ""confidence"": 0.95,\n  ""reason"": ""Rachel's urgent tone and repeated plea for the phone, combined with her agitated body language in the frames (e.g., reaching out and leaning forward), suggest she is experiencing fear or distress.""\n}",0.95,"Rachel's urgent tone and repeated plea for the phone, combined with her agitated body language in the frames (e.g., reaching out and leaning forward), suggest she is experiencing fear or distress.",false,fear,false
S0253,845,7,Chandler,"Oh its Bing, sir. Im sorry , I was just ah...","Doug: And remember, there is no I in team. Chandler: Yes, but theres two in martini, soo everybody Doug: You! Chuckles! Whats your name?",fear,closed_set,text + context + image,qwen-vl-plus,closed_set:S0253:text_plus_context_plus_image,"{\n  ""predicted_label"": ""neutral"",\n  ""confidence"": 0.9,\n  ""reason"": ""Chandler's expression and body language appear calm and composed, with no strong emotional cues such as raised eyebrows, frowning, or animated gestures. His tone seems polite and slightly apologetic, aligning with a neutral demeanor.""\n}",0.9,"Chandler's expression and body language appear calm and composed, with no strong emotional cues such as raised eyebrows, frowning, or animated gestures. His tone seems polite and slightly apologetic, aligning with a neutral demeanor.",false,neutral,false
S0255,85,1,Chandler,This sounds like a hernia. You have toyou-youGo to the doctor!,"Rachel: Oh yeah, sure. Joey: But um, I dont think its anything serious. Rachel: Sorry I'm late, but I left late.",surprise,closed_set,text + context + image,qwen-vl-plus,closed_set:S0255:text_plus_context_plus_image,"{\n  ""predicted_label"": ""fear"",\n  ""confidence"": 0.95,\n  ""reason"": ""Chandler's facial expression and body language convey concern and urgency, suggesting he is fearful about the situation he is describing.""\n}",0.95,"Chandler's facial expression and body language convey concern and urgency, suggesting he is fearful about the situation he is describing.",false,fear,false
S0256,85,16,Joey,Ken Adams!!,"Rachel: I heard it from my friend Irene who heard it from some guy! Joey: Some guy!! Rachel: No. No, she told me his name was Ken Adams.",surprise,closed_set,text + context + image,qwen-vl-plus,closed_set:S0256:text_plus_context_plus_image,"{\n  ""predicted_label"": ""surprise"",\n  ""confidence"": 0.95,\n  ""reason"": ""Joey's wide eyes, open mouth, and raised hand gesture in the image strongly indicate a reaction of surprise or shock to the name 'Ken Adams' mentioned by Rachel.""\n}",0.95,"Joey's wide eyes, open mouth, and raised hand gesture in the image strongly indicate a reaction of surprise or shock to the name 'Ken Adams' mentioned by Rachel.",false,surprise,true
S0258,853,4,Ross,"I know. I know. But, can we please try it again? Huh? I mean, you were","Phoebe: Oh, hello liar. Ross: Look, I-Im really sorry I let go of the bike. Phoebe: I couldve been killed I hope you know!",sadness,closed_set,text + context + image,qwen-vl-plus,closed_set:S0258:text_plus_context_plus_image,"{\n  ""predicted_label"": ""fear"",\n  ""confidence"": 0.9,\n  ""reason"": ""Ross's tone and the context of Phoebe's angry reaction suggest he is fearful about the consequences of his actions, as indicated by his plea to 'try it again' and his hesitant demeanor.""\n}",0.9,"Ross's tone and the context of Phoebe's angry reaction suggest he is fearful about the consequences of his actions, as indicated by his plea to 'try it again' and his hesitant demeanor.",false,fear,false
S0257,851,20,Joey,"Okay. Yeah.  Yeah, Ill grab this one.","Kristen: But how about tomorrow? Joey: Sounds great! Okay, alright, well where does this go? Kristen: You look strong, why dont I take that and you grab one of the boxes.",neutral,closed_set,text + context + image,qwen-vl-plus,closed_set:S0257:text_plus_context_plus_image,"{\n  ""predicted_label"": ""neutral"",\n  ""confidence"": 0.95,\n  ""reason"": ""Joey's tone and body language in the image suggest a calm and cooperative demeanor. His actions of picking up boxes align with the context of helping Kristen, indicating no strong emotional expression.""\n}",0.95,"Joey's tone and body language in the image suggest a calm and cooperative demeanor. His actions of picking up boxes align with the context of helping Kristen, indicating no strong emotional expression.",false,neutral,true
S0259,854,0,Mona,How could you have kept all of this from me?,,fear,closed_set,text + context + image,qwen-vl-plus,closed_set:S0259:text_plus_context_plus_image,"{\n  ""predicted_label"": ""anger"",\n  ""confidence"": 0.95,\n  ""reason"": ""Mona's body language, including her open hand gesture and direct gaze, combined with the tone of her question 'How could you have kept all of this from me?' strongly indicates frustration or anger.""\n}",0.95,"Mona's body language, including her open hand gesture and direct gaze, combined with the tone of her question 'How could you have kept all of this from me?' strongly indicates frustration or anger.",false,anger,false
S0260,86,2,Ross,Some days it's all I can think about.,"Monica: Mom already called this morning to remind me not to wear my hair up. Did you know my ears are not my best feature? Rachel: Its got all of these layers. Rachel: Y'know what, actually  Okay, okay, okay, what's so funny over here?",neutral,closed_set,text + context + image,qwen-vl-plus,closed_set:S0260:text_plus_context_plus_image,"{\n  ""predicted_label"": ""joy"",\n  ""confidence"": 0.9,\n  ""reason"": ""The speaker's tone, combined with the visual context showing Monica smiling and appearing amused, suggests a positive and joyful emotion.""\n}",0.9,"The speaker's tone, combined with the visual context showing Monica smiling and appearing amused, suggests a positive and joyful emotion.",false,joy,false
S0261,866,10,Monica,Ohh. And I dont even have a date.,"Emily: Its perfect. Ross: And, I dont know, if it starts to rain Emily: Well then well get wet.",sadness,closed_set,text + context + image,qwen-vl-plus,closed_set:S0261:text_plus_context_plus_image,"{\n  ""predicted_label"": ""sadness"",\n  ""confidence"": 0.9,\n  ""reason"": ""Monica's expression and body language convey disappointment or sadness, likely due to the context of not having a date as mentioned in her utterance.""\n}",0.9,"Monica's expression and body language convey disappointment or sadness, likely due to the context of not having a date as mentioned in her utterance.",false,sadness,true
S0262,88,1,Monica,"Well umm, Alexandra has been","Phoebe: I cant believe this! How long as this been going on? Host: Welcome everybody, welcome to Amazing Discoveries! Phoebe: You know what? You are right. I",neutral,closed_set,text + context + image,qwen-vl-plus,closed_set:S0262:text_plus_context_plus_image,"{\n  ""predicted_label"": ""neutral"",\n  ""confidence"": 0.9,\n  ""reason"": ""Monica's expression and body language appear calm and composed, with no strong emotional cues present in the visual context or her utterance.""\n}",0.9,"Monica's expression and body language appear calm and composed, with no strong emotional cues present in the visual context or her utterance.",false,neutral,true
S0263,88,2,Joey,"You guys, can we please not watch this all right.","Monica: Well umm, Alexandra has been Phoebe: Oh, oh! It's on again! Rachel: Good for you Pheebs!",disgust,closed_set,text + context + image,qwen-vl-plus,closed_set:S0263:text_plus_context_plus_image,"{\n  ""predicted_label"": ""neutral"",\n  ""confidence"": 0.9,\n  ""reason"": ""Joey's tone and body language in the image suggest he is making a polite request rather than expressing strong emotion. His facial expression appears calm, and his gesture of raising his hand seems to be an attempt to de-escalate or redirect the conversation.""\n}",0.9,"Joey's tone and body language in the image suggest he is making a polite request rather than expressing strong emotion. His facial expression appears calm, and his gesture of raising his hand seems to be an attempt to de-escalate or redirect the conversation.",false,neutral,false
S0264,884,7,Chandler,What?,"Joey: That would be Casey. Were going out tonight. Chandler: Goin out, huh? Wow! Wow!  So things didnt work out with Kathy, huh? Bummer. Joey: No, things are fine with Kathy. Im having a late dinner with her tonight, right after my early dinner with Casey.",surprise,closed_set,text + context + image,qwen-vl-plus,closed_set:S0264:text_plus_context_plus_image,"{\n  ""predicted_label"": ""surprise"",\n  ""confidence"": 0.95,\n  ""reason"": ""Chandler's expression and the utterance 'What?' indicate surprise or confusion in response to Joey's statement about going out with Casey.""\n}",0.95,Chandler's expression and the utterance 'What?' indicate surprise or confusion in response to Joey's statement about going out with Casey.,false,surprise,true
S0265,887,7,Ross,"Oh, no!","Ross: No, I mean its okay, I mean, theyre-theyre my friends. Ross: In fact, I-I-I was married to one of them. The Instructor: Let me get this straight man, you attacked your ex-wife?!",surprise,closed_set,text + context + image,qwen-vl-plus,closed_set:S0265:text_plus_context_plus_image,"{\n  ""predicted_label"": ""surprise"",\n  ""confidence"": 0.95,\n  ""reason"": ""Ross's exclamation 'Oh, no!' and his wide-eyed, open-mouthed expression in the visual frames indicate a strong reaction of surprise or shock to the situation described by The Instructor.""\n}",0.95,"Ross's exclamation 'Oh, no!' and his wide-eyed, open-mouthed expression in the visual frames indicate a strong reaction of surprise or shock to the situation described by The Instructor.",false,surprise,true
S0266,89,11,Rachel,Come on!,"Rachel: Yknow, theyre not gonna get married anyway! Ross: Celebrate. Chandler: What?",anger,closed_set,text + context + image,qwen-vl-plus,closed_set:S0266:text_plus_context_plus_image,"{\n  ""predicted_label"": ""anger"",\n  ""confidence"": 0.9,\n  ""reason"": ""Rachel's tone and body language, including her firm grip on the bottle and direct gaze, suggest frustration or irritation in response to the conversation.""\n}",0.9,"Rachel's tone and body language, including her firm grip on the bottle and direct gaze, suggest frustration or irritation in response to the conversation.",false,anger,true
S0267,9,0,Phoebe,Coming through!  Oh! Coming through!  Oh! Hello! Hi!  No! Right! Coming through!,,fear,closed_set,text + context + image,qwen-vl-plus,closed_set:S0267:text_plus_context_plus_image,"{\n  ""predicted_label"": ""surprise"",\n  ""confidence"": 0.95,\n  ""reason"": ""Phoebe's repeated exclamations of 'Oh!' and her animated tone suggest surprise, likely in response to the unexpected presence of the firefighter or an event occurring during his arrival.""\n}",0.95,"Phoebe's repeated exclamations of 'Oh!' and her animated tone suggest surprise, likely in response to the unexpected presence of the firefighter or an event occurring during his arrival.",false,surprise,false
S0268,9,3,Phoebe,Oh!,"Joey: But youre still moving in together, right? Because my ad came out today. Fireman #1: Yeah, most of the damage is pretty mostly contained in the bedrooms. Jade: Oh, and in case you were wondering, those are my legs on the new James Bond poster.",surprise,closed_set,text + context + image,qwen-vl-plus,closed_set:S0268:text_plus_context_plus_image,"{\n  ""predicted_label"": ""surprise"",\n  ""confidence"": 0.95,\n  ""reason"": ""Phoebe's exclamation 'Oh!' in the context of a scene where a firefighter is present and possibly unexpected, combined with her body language and the group's reactions, strongly suggests surprise.""\n}",0.95,"Phoebe's exclamation 'Oh!' in the context of a scene where a firefighter is present and possibly unexpected, combined with her body language and the group's reactions, strongly suggests surprise.",false,surprise,true
S0270,9,12,Ross,Oh my god. You are pure evil.,"Ross: Even though you do do a good Bob impression, I'm thinkin' when she sees you tomorow, she's probably gonna realize, ""Hey, you're not Bob."" Rachel: Everythings ruined. My bed. My clothes. Look at my favorite blue sweater. Chandler: I'm hoping that when Bob doesn't show up, she will seek comfort in the open arms of the wry stranger at the next table.",disgust,closed_set,text + context + image,qwen-vl-plus,closed_set:S0270:text_plus_context_plus_image,"{\n  ""predicted_label"": ""anger"",\n  ""confidence"": 0.95,\n  ""reason"": ""Ross's exclamation 'Oh my god. You are pure evil.' conveys strong negative emotion, and his facial expression in the image shows a look of frustration or anger directed at the other person.""\n}",0.95,"Ross's exclamation 'Oh my god. You are pure evil.' conveys strong negative emotion, and his facial expression in the image shows a look of frustration or anger directed at the other person.",false,anger,false
S0269,9,11,Rachel,Everythings ruined. My bed. My clothes. Look at my favorite blue sweater.,"Chandler: Ok.  Ok. Having a phone has finally paid off. Chandler: Hows your room Rach? Ross: Even though you do do a good Bob impression, I'm thinkin' when she sees you tomorow, she's probably gonna realize, ""Hey, you're not Bob.""",sadness,closed_set,text + context + image,qwen-vl-plus,closed_set:S0269:text_plus_context_plus_image,"{\n  ""predicted_label"": ""sadness"",\n  ""confidence"": 0.95,\n  ""reason"": ""Rachel's statement 'Everything's ruined. My bed. My clothes. Look at my favorite blue sweater.' conveys a sense of loss and distress, which aligns with the emotion of sadness. Her body language in the images also reflects concern and disappointment.""\n}",0.95,"Rachel's statement 'Everything's ruined. My bed. My clothes. Look at my favorite blue sweater.' conveys a sense of loss and distress, which aligns with the emotion of sadness. Her body language in the images also reflects concern and disappointment.",false,sadness,true
S0271,90,2,Rachel,"I don't know, I just kinda ran into him last night.","Phoebe: What the hell is this?! Monica: Rachel, how did this happen? Ross: She is not  Shes gay. Oh my God. She is",fear,closed_set,text + context + image,qwen-vl-plus,closed_set:S0271:text_plus_context_plus_image,"{\n  ""predicted_label"": ""surprise"",\n  ""confidence"": 0.95,\n  ""reason"": ""Rachel's body language, including her open hand gesture and the way she touches her forehead, suggests a reaction of surprise or confusion in response to the unexpected revelation about her sexuality.""\n}",0.95,"Rachel's body language, including her open hand gesture and the way she touches her forehead, suggests a reaction of surprise or confusion in response to the unexpected revelation about her sexuality.",false,surprise,false
S0272,907,4,The Smoking Woman,I won't!  Until I have my next cigarette.,"Phoebe: You can't put your cigarette out on a tree! The Smoking Woman: Yeah I can, it worked real well. Phoebe: No but you shouldn't! Don't ever do that again.",anger,closed_set,text + context + image,qwen-vl-plus,closed_set:S0272:text_plus_context_plus_image,"{\n  ""predicted_label"": ""anger"",\n  ""confidence"": 0.95,\n  ""reason"": ""The speaker's defiant tone and the context of refusing to comply with a request ('I won't! Until I have my next cigarette') indicate strong resistance and irritation, aligning with anger.""\n}",0.95,"The speaker's defiant tone and the context of refusing to comply with a request ('I won't! Until I have my next cigarette') indicate strong resistance and irritation, aligning with anger.",false,anger,true
S0273,91,4,Joey,What is the big deal?,"Ross: It's breast milk. Phoebe: So? Rachel: Phoebe, that is juice, squeezed from a person.",anger,closed_set,text + context + image,qwen-vl-plus,closed_set:S0273:text_plus_context_plus_image,"{\n  ""predicted_label"": ""surprise"",\n  ""confidence"": 0.9,\n  ""reason"": ""Joey's facial expression and body language in the image show a look of surprise or disbelief, which aligns with his utterance 'What is the big deal?' suggesting he is reacting to something unexpected.""\n}",0.9,"Joey's facial expression and body language in the image show a look of surprise or disbelief, which aligns with his utterance 'What is the big deal?' suggesting he is reacting to something unexpected.",false,surprise,false
S0274,912,0,Ross,My God!,,surprise,closed_set,text + context + image,qwen-vl-plus,closed_set:S0274:text_plus_context_plus_image,"{\n  ""predicted_label"": ""surprise"",\n  ""confidence"": 0.95,\n  ""reason"": ""The speaker's exclamation 'My God!' and the visual context showing a man with an expression of shock or surprise on his face strongly indicate the emotion of surprise.""\n}",0.95,The speaker's exclamation 'My God!' and the visual context showing a man with an expression of shock or surprise on his face strongly indicate the emotion of surprise.,false,surprise,true
S0275,915,3,Chandler,You are really frightening me.,"Monica: I'm sure they'll be here soon. Rachel: Yeah, honey, they wouldn't miss this. Joey: Relax. You're only at nine centimeters. And the baby's at zero station.",fear,closed_set,text + context + image,qwen-vl-plus,closed_set:S0275:text_plus_context_plus_image,"{\n  ""predicted_label"": ""fear"",\n  ""confidence"": 0.95,\n  ""reason"": ""Chandler's utterance 'You are really frightening me' directly expresses fear, and his body language in the visual context—leaning forward with a concerned expression—reinforces this emotional state.""\n}",0.95,"Chandler's utterance 'You are really frightening me' directly expresses fear, and his body language in the visual context—leaning forward with a concerned expression—reinforces this emotional state.",false,fear,true
S0276,917,5,Chandler,They taste so good.,Chandler: I found this place that makes the greatest mozzarella sticks and jalepino poppers . Chandler: No? Chandler: Really?,joy,closed_set,text + context + image,qwen-vl-plus,closed_set:S0276:text_plus_context_plus_image,"{\n  ""predicted_label"": ""joy"",\n  ""confidence"": 0.9,\n  ""reason"": ""Chandler's statement 'They taste so good' and the context of him enthusiastically sharing his discovery of a great food spot suggest excitement and satisfaction, aligning with the emotion of joy.""\n}",0.9,"Chandler's statement 'They taste so good' and the context of him enthusiastically sharing his discovery of a great food spot suggest excitement and satisfaction, aligning with the emotion of joy.",false,joy,true
S0278,932,6,Rachel,"Please, what about you and Chandler?","Monica: Hey! Rachel: I just wanted to let you know I've changed my mind: I'm gonna    do it, I'm gonna kiss Joey. Monica: No, you can't! Friends hooking up is a bad idea.",anger,closed_set,text + context + image,qwen-vl-plus,closed_set:S0278:text_plus_context_plus_image,"{\n  ""predicted_label"": ""anger"",\n  ""confidence"": 0.95,\n  ""reason"": ""Rachel's facial expression shows furrowed brows, a tense mouth, and an intense gaze, which are strong indicators of anger. Her body language, including the slight lean forward and the firm grip on her glass, further supports this classification.""\n}",0.95,"Rachel's facial expression shows furrowed brows, a tense mouth, and an intense gaze, which are strong indicators of anger. Her body language, including the slight lean forward and the firm grip on her glass, further supports this classification.",false,anger,true
S0277,92,1,Monica,I'll sneak over as soon as Ross picks up Ben.,All: Aww! Monica: I can't wait to be with you! Phoebe: This sucks!,neutral,closed_set,text + context + image,qwen-vl-plus,closed_set:S0277:text_plus_context_plus_image,"{\n  ""predicted_label"": ""neutral"",\n  ""confidence"": 0.95,\n  ""reason"": ""Monica's facial expression is calm and composed, with no strong indicators of emotion such as raised eyebrows, frowning, or smiling. Her body language appears relaxed, and the context suggests she is simply making a practical statement about her plans.""\n}",0.95,"Monica's facial expression is calm and composed, with no strong indicators of emotion such as raised eyebrows, frowning, or smiling. Her body language appears relaxed, and the context suggests she is simply making a practical statement about her plans.",false,neutral,true
S0279,935,7,Phoebe,He's probably up in your room!,"Monica: This is crazy! I mean, it's such a stupid argument. I don't even wanna see Richard again. Phoebe: So go fix it! Phoebe: Go find Chandler!",sadness,closed_set,text + context + image,qwen-vl-plus,closed_set:S0279:text_plus_context_plus_image,"{\n  ""predicted_label"": ""surprise"",\n  ""confidence"": 0.9,\n  ""reason"": ""Phoebe's wide eyes and slightly open mouth in the image suggest a surprised reaction, likely to Monica's statement about Richard or Chandler.""\n}",0.9,"Phoebe's wide eyes and slightly open mouth in the image suggest a surprised reaction, likely to Monica's statement about Richard or Chandler.",false,surprise,false
S0280,936,3,Phoebe,What?! What do you mean youre going to London?,"Rachel: Do you remember where the duck food is? Phoebe: Yeah, its in the guys apartment under the sink. Why? Rachel: Because Im going to London.",surprise,closed_set,text + context + image,qwen-vl-plus,closed_set:S0280:text_plus_context_plus_image,"{\n  ""predicted_label"": ""surprise"",\n  ""confidence"": 0.95,\n  ""reason"": ""Phoebe's wide eyes and open mouth in the image, combined with her utterance 'What?! What do you mean you're going to London?', strongly indicate a reaction of surprise or shock.""\n}",0.95,"Phoebe's wide eyes and open mouth in the image, combined with her utterance 'What?! What do you mean you're going to London?', strongly indicate a reaction of surprise or shock.",false,surprise,true
S0282,939,11,Rachel,I just don’t know! It just doesn’t feel right.,"Phoebe: I  like to think of myself as the puppet master of the group. Rachel: And you really think this is a good idea? Phoebe: I just talked him into it, don’t tell me I have to do you too.  The puppet master gets tired people.",sadness,closed_set,text + context + image,qwen-vl-plus,closed_set:S0282:text_plus_context_plus_image,"{\n  ""predicted_label"": ""confusion"",\n  ""confidence"": 0.9,\n  ""reason"": ""Rachel's expression and body language, combined with her utterance 'I just don’t know! It just doesn’t feel right,' indicate a state of confusion or uncertainty.""\n}",0.9,"Rachel's expression and body language, combined with her utterance 'I just don’t know! It just doesn’t feel right,' indicate a state of confusion or uncertainty.",false,neutral,false
S0281,939,4,Phoebe,Oh my God! He did it?,Rachel: Hi. Phoebe: Are you all right? Rachel: Uhh… I think I just got engaged.,surprise,closed_set,text + context + image,qwen-vl-plus,closed_set:S0281:text_plus_context_plus_image,"{\n  ""predicted_label"": ""surprise"",\n  ""confidence"": 0.95,\n  ""reason"": ""Phoebe's wide eyes, open mouth, and expressive hand gestures in the image, combined with her utterance 'Oh my God! He did it?', strongly indicate a reaction of surprise and excitement.""\n}",0.95,"Phoebe's wide eyes, open mouth, and expressive hand gestures in the image, combined with her utterance 'Oh my God! He did it?', strongly indicate a reaction of surprise and excitement.",false,surprise,true
S0284,94,9,Ross,"Oh, you've tasted it.","Joanna: I dont want to lose you. Susan: Uh huh. Joanna: What if I, create a position for you?",anger,closed_set,text + context + image,qwen-vl-plus,closed_set:S0284:text_plus_context_plus_image,"{\n  ""predicted_label"": ""neutral"",\n  ""confidence"": 0.9,\n  ""reason"": ""Ross's facial expression is relatively calm and composed, with no strong indicators of emotion such as raised eyebrows, frowning, or smiling. The context of the conversation does not suggest any intense emotional state.""\n}",0.9,"Ross's facial expression is relatively calm and composed, with no strong indicators of emotion such as raised eyebrows, frowning, or smiling. The context of the conversation does not suggest any intense emotional state.",false,neutral,false
S0283,94,2,Ross,That would be no.,"Carol: Ross, you're being silly. I've tried it, it's no big deal. Just taste it. Ross: And I too am just a love machine. Joanna: Oh, I mustve said that after you left.",disgust,closed_set,text + context + image,qwen-vl-plus,closed_set:S0283:text_plus_context_plus_image,"{\n  ""predicted_label"": ""neutral"",\n  ""confidence"": 0.9,\n  ""reason"": ""Ross's expression and body language appear calm and composed, with no strong emotional cues. His tone in the utterance 'That would be no.' suggests a straightforward refusal without anger, disgust, or other intense emotions.""\n}",0.9,"Ross's expression and body language appear calm and composed, with no strong emotional cues. His tone in the utterance 'That would be no.' suggests a straightforward refusal without anger, disgust, or other intense emotions.",false,neutral,false
S0286,953,14,Phoebe,Oh - Oh my god!,"Phoebe: Bob! Phoebe: Robert! Phoebe: Oh wait, I think I hear him.",surprise,closed_set,text + context + image,qwen-vl-plus,closed_set:S0286:text_plus_context_plus_image,"{\n  ""predicted_label"": ""surprise"",\n  ""confidence"": 0.95,\n  ""reason"": ""Phoebe's exclamation 'Oh - Oh my god!' and her wide-eyed, open-mouthed expression in the image strongly indicate a reaction of surprise. The context of searching for someone (Robert) adds to the anticipation and sudden realization that likely triggered this emotional response.""\n}",0.95,"Phoebe's exclamation 'Oh - Oh my god!' and her wide-eyed, open-mouthed expression in the image strongly indicate a reaction of surprise. The context of searching for someone (Robert) adds to the anticipation and sudden realization that likely triggered this emotional response.",false,surprise,true
S0285,945,7,Guy,"Im sorry, I wa, I wa, I was just ah....","Rachel: Oh honey, come on, Im sorry, I didnt.... Rachel: I dont mind paying my dues, y'know, its just how much am I gonna learn about fashion by walking Mira, the arthritic seamstress, to the bathroom. Rachel: Hi! Is my misery amusing to you?",fear,closed_set,text + context + image,qwen-vl-plus,closed_set:S0285:text_plus_context_plus_image,"{\n  ""predicted_label"": ""neutral"",\n  ""confidence"": 0.9,\n  ""reason"": ""The speaker's hesitant and incomplete utterance ('I'm sorry, I wa, I wa, I was just ah....') suggests a lack of strong emotion. Combined with the visual context showing a calm interaction in a casual setting, the overall tone appears neutral rather than expressing clear anger, disgust, sadness, joy, surprise, or fear.""\n}",0.9,"The speaker's hesitant and incomplete utterance ('I'm sorry, I wa, I wa, I was just ah....') suggests a lack of strong emotion. Combined with the visual context showing a calm interaction in a casual setting, the overall tone appears neutral rather than expressing clear anger, disgust, sadness, joy, surprise, or fear.",false,neutral,false
S0287,953,15,Phoebe,Bob    had babies!,"Phoebe: Robert! Phoebe: Oh wait, I think I hear him. Phoebe: Oh - Oh my god!",surprise,closed_set,text + context + image,qwen-vl-plus,closed_set:S0287:text_plus_context_plus_image,"{\n  ""predicted_label"": ""surprise"",\n  ""confidence"": 0.95,\n  ""reason"": ""Phoebe's wide eyes and open mouth, along with her body language leaning forward, indicate a strong reaction of surprise to the news about Bob having babies.""\n}",0.95,"Phoebe's wide eyes and open mouth, along with her body language leaning forward, indicate a strong reaction of surprise to the news about Bob having babies.",false,surprise,true
S0288,955,5,Monica,Great. So the ball is in his court?,"Rachel: So if I said yes, he would know I had nothing better to do than wait around for an invitation to his stupid party. Rachel: I said, ""No!"" Rachel: Which puts",anger,closed_set,text + context + image,qwen-vl-plus,closed_set:S0288:text_plus_context_plus_image,"{\n  ""predicted_label"": ""neutral"",\n  ""confidence"": 0.9,\n  ""reason"": ""Monica's tone and body language in the provided frames suggest a calm and composed demeanor, with no strong emotional indicators such as raised voice, facial expressions of anger or sadness, or signs of surprise or fear.""\n}",0.9,"Monica's tone and body language in the provided frames suggest a calm and composed demeanor, with no strong emotional indicators such as raised voice, facial expressions of anger or sadness, or signs of surprise or fear.",false,neutral,false
S0289,956,2,Danny,What?! Why?!,"Danny: Oh, hey Rach! I thought we said seven? Rachel: Yeah uh, y'know what uh, let's skip it.",surprise,closed_set,text + context + image,qwen-vl-plus,closed_set:S0289:text_plus_context_plus_image,"{\n  ""predicted_label"": ""surprise"",\n  ""confidence"": 0.95,\n  ""reason"": ""Danny's exclamation 'What?! Why?!' and his facial expression in the image show clear signs of surprise or shock, likely reacting to Rachel's unexpected decision to skip their plans.""\n}",0.95,"Danny's exclamation 'What?! Why?!' and his facial expression in the image show clear signs of surprise or shock, likely reacting to Rachel's unexpected decision to skip their plans.",false,surprise,true
S0290,960,5,Monica,You should serve it with vodka and a piece of celery.,"Monica: All right, that Ill retract. Monica: But I stand by my review, I know food and that wasnt it. Monica: Youre marinara sauce tasted like tomato juice!",disgust,closed_set,text + context + image,qwen-vl-plus,closed_set:S0290:text_plus_context_plus_image,"{\n  ""predicted_label"": ""disgust"",\n  ""confidence"": 0.95,\n  ""reason"": ""Monica's expression and tone in the conversation suggest strong disapproval or distaste for the marinara sauce, which aligns with the emotion of disgust.""\n}",0.95,"Monica's expression and tone in the conversation suggest strong disapproval or distaste for the marinara sauce, which aligns with the emotion of disgust.",false,disgust,true
S0291,973,18,Monica,"Okay, this isn't working. I'm still awake and now I have to pee.","Phoebe: Okay. Phoebe: Just-just, you know, the-the lovely waterfalls, and the, the trickling fountains. Phoebe: And the-the calming sounds of the babbling brook....",disgust,closed_set,text + context + image,qwen-vl-plus,closed_set:S0291:text_plus_context_plus_image,"{\n  ""predicted_label"": ""neutral"",\n  ""confidence"": 0.9,\n  ""reason"": ""Monica's tone and body language in the image suggest mild frustration or resignation rather than strong emotion. Her statement about not being able to sleep and needing to pee indicates a neutral, practical response to her situation.""\n}",0.9,"Monica's tone and body language in the image suggest mild frustration or resignation rather than strong emotion. Her statement about not being able to sleep and needing to pee indicates a neutral, practical response to her situation.",false,neutral,false
S0292,989,11,Chandler,Go! Go! Go! Go! Go! Go! Go! Go! Go! Go!,Rachel: But we should move quick. Chandler: Why? Rachel: Because I think I just heard her moving around in there.,fear,closed_set,text + context + image,qwen-vl-plus,closed_set:S0292:text_plus_context_plus_image,"{\n  ""predicted_label"": ""fear"",\n  ""confidence"": 0.95,\n  ""reason"": ""Chandler's urgent and repetitive 'Go! Go! Go!' combined with his tense body language and the context of Rachel hearing movement suggest a high level of fear or urgency.""\n}",0.95,Chandler's urgent and repetitive 'Go! Go! Go!' combined with his tense body language and the context of Rachel hearing movement suggest a high level of fear or urgency.,false,fear,true
S0294,992,2,Monica,How's it going?,"All: Hey, Pheebs. Phoebe: Hey.",neutral,closed_set,text + context + image,qwen-vl-plus,closed_set:S0294:text_plus_context_plus_image,"{\n  ""predicted_label"": ""joy"",\n  ""confidence"": 0.95,\n  ""reason"": ""Monica's wide smile, animated expression, and the lively setting of Central Perk suggest a joyful and friendly interaction.""\n}",0.95,"Monica's wide smile, animated expression, and the lively setting of Central Perk suggest a joyful and friendly interaction.",false,joy,false
S0293,99,9,Chandler,"Noo!  Oh, its okay, its okay, baby, baby, baby.","Chandler: Well, the movie was great, dinner was great, and theres nothing like a cool, crisp New York evening. Joey: Wait. Give him a minute. Chandler: Thats me! Come on!",fear,closed_set,text + context + image,qwen-vl-plus,closed_set:S0293:text_plus_context_plus_image,"{\n  ""predicted_label"": ""fear"",\n  ""confidence"": 0.95,\n  ""reason"": ""Chandler's utterance 'Noo! Oh, it's okay, it's okay, baby, baby, baby.' combined with his concerned expression and the context of him looking at something in his hands suggests fear or distress.""\n}",0.95,"Chandler's utterance 'Noo! Oh, it's okay, it's okay, baby, baby, baby.' combined with his concerned expression and the context of him looking at something in his hands suggests fear or distress.",false,fear,true
S0295,992,8,Rachel,We hate that guy.,"Monica: Nothing, um, it's just, um... It's Roger. Ross: I dunno, there's just something about... Chandler: Basically we just feel that he's...",disgust,closed_set,text + context + image,qwen-vl-plus,closed_set:S0295:text_plus_context_plus_image,"{\n  ""predicted_label"": ""anger"",\n  ""confidence"": 0.95,\n  ""reason"": ""Rachel's expression and body language, including her open mouth and hand gestures, convey strong emotion consistent with anger. The context of the conversation also supports this, as others are discussing someone they dislike.""\n}",0.95,"Rachel's expression and body language, including her open mouth and hand gestures, convey strong emotion consistent with anger. The context of the conversation also supports this, as others are discussing someone they dislike.",false,anger,false
S0296,992,9,All,Yeah. Hate him.,"Ross: I dunno, there's just something about... Chandler: Basically we just feel that he's... Rachel: We hate that guy.",disgust,closed_set,text + context + image,qwen-vl-plus,closed_set:S0296:text_plus_context_plus_image,"{\n  ""predicted_label"": ""anger"",\n  ""confidence"": 0.95,\n  ""reason"": ""The speaker explicitly states 'Hate him,' which strongly indicates anger. This aligns with the conversation context where others also express dislike for someone, reinforcing the emotional tone.""\n}",0.95,"The speaker explicitly states 'Hate him,' which strongly indicates anger. This aligns with the conversation context where others also express dislike for someone, reinforcing the emotional tone.",false,anger,false
S0298,996,4,Ross,"Do you my sisters teeny-tiny little brain comprehends that people took time out of their lives to fly thousands of miles to be here, huh?","Emily: She said, ""If Im not gonna be happy getting married somewhere that we find in a day, well then we should just postpone it."" Ross: Postpone it? Ross: Emily, do you think Monica realises how much our parents spent on this wedding?",anger,closed_set,text + context + image,qwen-vl-plus,closed_set:S0298:text_plus_context_plus_image,"{\n  ""predicted_label"": ""anger"",\n  ""confidence"": 0.95,\n  ""reason"": ""Ross's tone and body language in the image, combined with his critical and frustrated utterance about Monica not understanding the effort others put into the wedding, strongly indicate anger.""\n}",0.95,"Ross's tone and body language in the image, combined with his critical and frustrated utterance about Monica not understanding the effort others put into the wedding, strongly indicate anger.",false,anger,true
S0297,996,3,Ross,"Emily, do you think Monica realises how much our parents spent on this wedding?","Ross: She said what? Emily: She said, ""If Im not gonna be happy getting married somewhere that we find in a day, well then we should just postpone it."" Ross: Postpone it?",anger,closed_set,text + context + image,qwen-vl-plus,closed_set:S0297:text_plus_context_plus_image,"{\n  ""predicted_label"": ""anger"",\n  ""confidence"": 0.85,\n  ""reason"": ""Ross's tone and body language suggest frustration or irritation, likely stemming from Emily's comments about the wedding costs and her desire to postpone it.""\n}",0.85,"Ross's tone and body language suggest frustration or irritation, likely stemming from Emily's comments about the wedding costs and her desire to postpone it.",false,anger,true
S0300,997,7,Monica,"Oh please, he didnt hear it! He didnt hear it!!","The Museum Official: Hi, this is Heldi from the Morgan Chase museum. Im calling for Monica Geller. Monica: Oh no! The Museum Official: I want to let her know that there was a cancellation and if shes still interested in having the Bing-Geller wedding at our facility, it is available",fear,closed_set,text + context + image,qwen-vl-plus,closed_set:S0300:text_plus_context_plus_image,"{\n  ""predicted_label"": ""anger"",\n  ""confidence"": 0.95,\n  ""reason"": ""Monica's body language, including her tense posture and the way she is gesturing emphatically, combined with her exasperated tone in the utterance 'Oh please, he didn't hear it! He didn't hear it!!', strongly indicates anger or frustration.""\n}",0.95,"Monica's body language, including her tense posture and the way she is gesturing emphatically, combined with her exasperated tone in the utterance 'Oh please, he didn't hear it! He didn't hear it!!', strongly indicates anger or frustration.",false,anger,false
S0299,996,9,Emily,We have no choice!,"Emily: I realize that people are going to be disappointed. But, Im sure theyll come back when we can do it right. Ross: I cant ask people to do that? Would you ask people to do that? Emily: Dont you point your pants at me!",anger,closed_set,text + context + image,qwen-vl-plus,closed_set:S0299:text_plus_context_plus_image,"{\n  ""predicted_label"": ""anger"",\n  ""confidence"": 0.95,\n  ""reason"": ""Emily's statement 'We have no choice!' combined with her previous assertive and defensive tone ('Don't you point your pants at me!') indicates strong frustration or anger. The body language in the visual frames, where Ross appears to be reacting defensively while Emily remains confrontational, further supports this classification.""\n}",0.95,"Emily's statement 'We have no choice!' combined with her previous assertive and defensive tone ('Don't you point your pants at me!') indicates strong frustration or anger. The body language in the visual frames, where Ross appears to be reacting defensively while Emily remains confrontational, further supports this classification.",false,anger,true
