sample_id,dialogue_id,utterance_id,speaker,utterance,context,gold_label,prompt_type,input_condition,model_name,custom_id,raw_output,confidence,reason,is_demo,free_emotions,free_emotions_norm,mapped_label,mapping_method,mapping_confidence,mapping_reason,is_correct
S0001,1,1,Joey,Push!,"Ross: Or! Or, we could go to the bank, close our accounts and cut them off at the source. Joey: Come on, Lydia, you can do it. Joey: But then who? The waitress I went out with last month?",joy,open_vocab,text + context + image,qwen-vl-plus,open_vocab:S0001:text_plus_context_plus_image,"{\n  ""free_emotions"": [""determination"", ""encouragement""],\n  ""confidence"": 0.9,\n  ""reason"": ""Joey's utterance 'Push!' in the context of a hospital scene with a woman in labor and a nurse assisting suggests encouragement and determination to help her through the process.""\n}",0.9,Joey's utterance 'Push!' in the context of a hospital scene with a woman in labor and a nurse assisting suggests encouragement and determination to help her through the process.,false,determination|encouragement,determination|encouragement,surprise,heuristic_llm_fallback,0.55,"Unresolved words: determination, encouragement; used text-level fallback.",false
S0002,100,0,Monica,Okay. Its Emma.,,neutral,open_vocab,text + context + image,qwen-vl-plus,open_vocab:S0002:text_plus_context_plus_image,"{\n  ""free_emotions"": [""neutral"", ""reflective""],\n  ""confidence"": 0.8,\n  ""reason"": ""The speaker's tone is calm and straightforward, with no strong emotional cues. The visual context shows a wedding scene and a contemplative moment, suggesting a reflective or neutral emotional state.""\n}",0.8,"The speaker's tone is calm and straightforward, with no strong emotional cues. The visual context shows a wedding scene and a contemplative moment, suggesting a reflective or neutral emotional state.",false,neutral|reflective,neutral|reflective,neutral,hybrid_dictionary_plus_fallback,0.75,Dictionary majority vote over normalized emotion words.,true
S0003,100,14,Phoebe,Why are there only two of you?,"Phoebe: All right. Phoebe: Well, thats just the way that goes. Phoebe: Okay, good.",fear,open_vocab,text + context + image,qwen-vl-plus,open_vocab:S0003:text_plus_context_plus_image,"{\n  ""free_emotions"": [""curious"", ""confused""],\n  ""confidence"": 0.85,\n  ""reason"": ""Phoebe's facial expression and body language suggest curiosity and confusion as she looks around the room, questioning the presence of only two people.""\n}",0.85,"Phoebe's facial expression and body language suggest curiosity and confusion as she looks around the room, questioning the presence of only two people.",false,curious|confused,curious|confused,neutral,heuristic_llm_fallback,0.55,"Unresolved words: curious, confused; used text-level fallback.",false
S0004,1011,5,Rachel,"Well, its about time.","Ross: Hey! Chandler: Hi! Bye! Ross: Okay, Im done with my choices, these are final.",anger,open_vocab,text + context + image,qwen-vl-plus,open_vocab:S0004:text_plus_context_plus_image,"{\n  ""free_emotions"": [""impatience"", ""resignation""],\n  ""confidence"": 0.85,\n  ""reason"": ""Rachel's statement 'Well, it's about time' suggests she has been waiting for something and is now expressing a mix of impatience and resignation that the situation is finally being addressed.""\n}",0.85,"Rachel's statement 'Well, it's about time' suggests she has been waiting for something and is now expressing a mix of impatience and resignation that the situation is finally being addressed.",false,impatience|resignation,impatience|resignation,neutral,heuristic_llm_fallback,0.55,"Unresolved words: impatience, resignation; used text-level fallback.",false
S0005,1012,5,Phoebe,Shh!,"Dr. Oberman: Umm, I'm actually a first year resident, but I get that a lot, you see, I-I graduated early Phoebe: Uh-huh, me too. Ross, maybe I should've specified that I'd be needing a grown up doctor. Dr. Oberman: Oh no, I'm fully qualified to",anger,open_vocab,text + context + image,qwen-vl-plus,open_vocab:S0005:text_plus_context_plus_image,"{\n  ""free_emotions"": [""anticipation"", ""caution""],\n  ""confidence"": 0.85,\n  ""reason"": ""Phoebe's expression and the word 'Shh!' suggest she is anticipating something or someone while being cautious, likely due to the context of needing a doctor in a hospital setting.""\n}",0.85,"Phoebe's expression and the word 'Shh!' suggest she is anticipating something or someone while being cautious, likely due to the context of needing a doctor in a hospital setting.",false,anticipation|caution,anticipation|caution,neutral,heuristic_llm_fallback,0.55,"Unresolved words: anticipation, caution; used text-level fallback.",false
S0006,1016,2,Ross,"I mean its pretty unbelievable y'know, I mean they just took off, took off without even looking back.",Ross: ....right? Ross: Right?,anger,open_vocab,text + context + image,qwen-vl-plus,open_vocab:S0006:text_plus_context_plus_image,"{\n  ""free_emotions"": [""amazement"", ""bewilderment""],\n  ""confidence"": 0.85,\n  ""reason"": ""Ross's tone and body language in the image suggest he is expressing disbelief at something unexpected, likely related to the conversation context.""\n}",0.85,"Ross's tone and body language in the image suggest he is expressing disbelief at something unexpected, likely related to the conversation context.",false,amazement|bewilderment,amazement|bewilderment,neutral,heuristic_llm_fallback,0.55,"Unresolved words: amazement, bewilderment; used text-level fallback.",false
S0007,1016,9,Phoebe,I ate a bug.,"Carol: No. But its okay, Ill just put out pickles or something. Phoebe: Ross, thank God. Ross: Pheebs? What, why are you whispering?",disgust,open_vocab,text + context + image,qwen-vl-plus,open_vocab:S0007:text_plus_context_plus_image,"{\n  ""free_emotions"": [""shock"", ""disgust""],\n  ""confidence"": 0.85,\n  ""reason"": ""Phoebe's statement 'I ate a bug' conveys shock and disgust, especially given the context of her whispering and the visual of her appearing concerned or uneasy.""\n}",0.85,"Phoebe's statement 'I ate a bug' conveys shock and disgust, especially given the context of her whispering and the visual of her appearing concerned or uneasy.",false,shock|disgust,shock|disgust,neutral,default_neutral,0.4,No mappable emotion words found.,false
S0008,1016,20,Carol,"Look, I-I-I am sorry that Rachel dumped you cause she fell in love with that Mark guy, and you are the innocent victim in all of this, but dont punish your friends for what Rachel did to you.","Carol: Listen, we both know youre gonna do it cause youre not a jerk. Carol: So you can either sulk here for a half hour and then go pick them up, or save us both time and sulk in the car. Ross: No, Rachel doesnt want me to....",neutral,open_vocab,text + context + image,qwen-vl-plus,open_vocab:S0008:text_plus_context_plus_image,"{\n  ""free_emotions"": [""sympathy"", ""persuasion""],\n  ""confidence"": 0.9,\n  ""reason"": ""Carol expresses sympathy for Ross's situation and attempts to persuade him to act despite his reluctance.""\n}",0.9,Carol expresses sympathy for Ross's situation and attempts to persuade him to act despite his reluctance.,false,sympathy|persuasion,sympathy|persuasion,neutral,heuristic_llm_fallback,0.55,"Unresolved words: sympathy, persuasion; used text-level fallback.",true
S0010,1022,16,Rachel,"Its just a healthy expression of female sexuality, which by the way, you will never understand.","Joey: Okay, look Im sorry, I went in there to take a nap and I know I shouldnt have, but you got porn! Rachel: Hey-hey, yknow what? Rachel: Theres nothing wrong with a woman enjoying a littleerotica.",anger,open_vocab,text + context + image,qwen-vl-plus,open_vocab:S0010:text_plus_context_plus_image,"{\n  ""free_emotions"": [""defensive"", ""assertive""],\n  ""confidence"": 0.9,\n  ""reason"": ""Rachel's tone and body language suggest she is defending her perspective on female sexuality while asserting her point of view.""\n}",0.9,Rachel's tone and body language suggest she is defending her perspective on female sexuality while asserting her point of view.,false,defensive|assertive,defensive|assertive,neutral,heuristic_llm_fallback,0.55,"Unresolved words: defensive, assertive; used text-level fallback.",false
S0009,102,4,Rachel,"Ohh, well, this is just perfect!","Rachel: How could you not tell me that she has hair? Dr. Rhodes: He's good with rear things, bring him in too. Phoebe: I dont know, I hardly ever say that about people.",anger,open_vocab,text + context + image,qwen-vl-plus,open_vocab:S0009:text_plus_context_plus_image,"{\n  ""free_emotions"": [""sarcastic"", ""exaggerated""],\n  ""confidence"": 0.85,\n  ""reason"": ""Rachel's tone and the phrase 'just perfect!' suggest sarcasm, while her expression in the image appears exaggerated, reinforcing this interpretation.""\n}",0.85,"Rachel's tone and the phrase 'just perfect!' suggest sarcasm, while her expression in the image appears exaggerated, reinforcing this interpretation.",false,sarcastic|exaggerated,sarcastic|exaggerated,neutral,heuristic_llm_fallback,0.55,"Unresolved words: sarcastic, exaggerated; used text-level fallback.",false
S0012,1038,12,Joey,It made me nuts.,"Joey: Hold it, hold it. Joey: I gotta side with Chandler on this one. Joey: When I first moved to the city, I went out a couple of times with this girl, really hot, great kisser, but she had the biggest Adam's apple.",disgust,open_vocab,text + context + image,qwen-vl-plus,open_vocab:S0012:text_plus_context_plus_image,"{\n  ""free_emotions"": [""frustration"", ""annoyance""],\n  ""confidence"": 0.85,\n  ""reason"": ""Joey's statement 'It made me nuts' indicates strong frustration and annoyance, likely in response to the conversation context involving Chandler and a past experience.""\n}",0.85,"Joey's statement 'It made me nuts' indicates strong frustration and annoyance, likely in response to the conversation context involving Chandler and a past experience.",false,frustration|annoyance,frustration|annoyance,anger,hybrid_dictionary_plus_fallback,0.75,Dictionary majority vote over normalized emotion words.,false
S0011,1025,0,Monica,"Dad, please dont pick your teeth out here!",,disgust,open_vocab,text + context + image,qwen-vl-plus,open_vocab:S0011:text_plus_context_plus_image,"{\n  ""free_emotions"": [""disapproval"", ""annoyance""],\n  ""confidence"": 0.85,\n  ""reason"": ""Monica's tone and body language suggest she is expressing disapproval or annoyance at someone picking their teeth in public.""\n}",0.85,Monica's tone and body language suggest she is expressing disapproval or annoyance at someone picking their teeth in public.,false,disapproval|annoyance,disapproval|annoyance,anger,hybrid_dictionary_plus_fallback,0.75,Dictionary majority vote over normalized emotion words.,false
S0014,111,8,Mrs. Bing,"I'm sorry, honey, I promise it will never happen again.","Chandler: There huhhmm, there-there was an incident. Mrs. Bing: And I don't even know how it happened. Joey: Dont worry about that man, that happens.",sadness,open_vocab,text + context + image,qwen-vl-plus,open_vocab:S0014:text_plus_context_plus_image,"{\n  ""free_emotions"": [""apologetic"", ""concerned""],\n  ""confidence"": 0.85,\n  ""reason"": ""Mrs. Bing's body language and tone suggest she is apologizing sincerely while expressing concern about the situation.""\n}",0.85,Mrs. Bing's body language and tone suggest she is apologizing sincerely while expressing concern about the situation.,false,apologetic|concerned,apologetic|concerned,anger,heuristic_llm_fallback,0.55,"Unresolved words: apologetic, concerned; used text-level fallback.",false
S0013,108,6,Monica,"Oh! Ohhhhh! Oh! Phoebe, come here. Aw, this is my new bed. You gotta feel this bad boy.",Phoebe: Ow! Phoebe: Hi. Y'know in England this car would be on the other side of the store.  Woo! Chandler: What problem did you tell him you had?,joy,open_vocab,text + context + image,qwen-vl-plus,open_vocab:S0013:text_plus_context_plus_image,"{\n  ""free_emotions"": [""excitement"", ""enthusiasm""],\n  ""confidence"": 0.9,\n  ""reason"": ""Monica's exclamation 'Oh! Ohhhhh! Oh!' and her animated gestures while presenting the bed indicate high levels of excitement and enthusiasm.""\n}",0.9,Monica's exclamation 'Oh! Ohhhhh! Oh!' and her animated gestures while presenting the bed indicate high levels of excitement and enthusiasm.,false,excitement|enthusiasm,excitement|enthusiasm,joy,hybrid_dictionary_plus_fallback,0.75,Dictionary majority vote over normalized emotion words.,true
S0016,115,3,Ross,Shielding your face and shrieking like a girl... is not a backhand.,"Monica: Yeah, I talked to you on the phone, Im the lady that got stuck with the racecar bed. Chandler: Excuse me little one, I have a very solid backhand. Jester: Look, its like I told you, theres nothing I can do. You signed for it, Monica Velula Geller.",disgust,open_vocab,text + context + image,qwen-vl-plus,open_vocab:S0016:text_plus_context_plus_image,"{\n  ""free_emotions"": [""mocking"", ""critical""],\n  ""confidence"": 0.85,\n  ""reason"": ""Ross's tone and choice of words suggest he is mocking Chandler's claim about his backhand, while also being critical of the behavior described.""\n}",0.85,"Ross's tone and choice of words suggest he is mocking Chandler's claim about his backhand, while also being critical of the behavior described.",false,mocking|critical,mocking|critical,neutral,heuristic_llm_fallback,0.55,"Unresolved words: mocking, critical; used text-level fallback.",false
S0015,113,4,Monica,No-no! Don't do it! Don't!,"Monica: Just let me finish, okay? Chandler: All right, let me in. Ross: Alright?",fear,open_vocab,text + context + image,qwen-vl-plus,open_vocab:S0015:text_plus_context_plus_image,"{\n  ""free_emotions"": [""fear"", ""urgency""],\n  ""confidence"": 0.9,\n  ""reason"": ""Monica's emphatic tone and body language in the kitchen suggest she is experiencing fear and urgency, likely reacting to a perceived threat or danger.""\n\n  ,\n  ""free_emotions"": [""fear"", ""urgency""],\n  ""confidence"": 0.9,\n  ""reason"": ""Monica's emphatic tone and body language in the kitchen suggest she is experiencing fear and urgency, likely reacting to a perceived threat or danger.""\n  \n  ,\n  ""free_emotions"": [""fear"", ""urgency""],\n  ""confidence"": 0.9,\n  ""reason"": ""Monica's emphatic tone and body language in the kitchen suggest she is experiencing fear and urgency, likely reacting to a perceived threat or danger.""\n  \n  ,\n  ""free_emotions"": [""fear"", ""urgency""],\n  ""confidence"": 0.9,\n  ""reason"": ""Monica's emphatic tone and body language in the kitchen suggest she is experiencing fear and urgency, likely reacting to a perceived threat or danger.""\n  \n  ,\n  ""free_emotions"": [""fear"", ""urgency""],\n  ""confidence"": 0.9,\n  ""reason"": ""Monica's emphatic tone and body language in the kitchen suggest she is experiencing fear and urgency, likely reacting to a perceived threat or danger.""\n  \n  ,\n  ""free_emotions"": [""fear"", ""urgency""],\n  ""confidence"": 0.9,\n  ""reason"": ""Monica's emphatic tone and body language in the kitchen suggest she is experiencing fear and urgency, likely reacting to a perceived threat or danger.""\n  \n  ,\n  ""free_emotions"": [""fear"", ""urgency""],\n  ""confidence"": 0.9,\n  ""reason"": ""Monica's emphatic tone and body",,,false,,,neutral,default_neutral,0.4,No mappable emotion words found.,false
S0017,122,1,Monica,"You gotta help me out here, you gotta set me up, you gotta get me back in the game.","Chandler: I never sucked, I actually didn't want you to know how good I was! Monica: And y'know what, I just realised, in the last year Ive only gone out with two guys, Richard and Julio.",fear,open_vocab,text + context + image,qwen-vl-plus,open_vocab:S0017:text_plus_context_plus_image,"{\n  ""free_emotions"": [""desperation"", ""appeal""],\n  ""confidence"": 0.85,\n  ""reason"": ""Monica's urgent tone and plea for help indicate a strong sense of desperation, while her request for assistance shows an appeal for support.""\n  ,\n  ""free_emotions"": [""desperation"", ""appeal""],\n  ""confidence"": 0.85,\n  ""reason"": ""Monica's urgent tone and plea for help indicate a strong sense of desperation, while her request for assistance shows an appeal for support.""\n  ,\n  ""free_emotions"": [""desperation"", ""appeal""],\n  ""confidence"": 0.85,\n  ""reason"": ""Monica's urgent tone and plea for help indicate a strong sense of desperation, while her request for assistance shows an appeal for support.""\n  ,\n  ""free_emotions"": [""desperation"", ""appeal""],\n  ""confidence"": 0.85,\n  ""reason"": ""Monica's urgent tone and plea for help indicate a strong sense of desperation, while her request for assistance shows an appeal for support.""\n  ,\n  ""free_emotions"": [""desperation"", ""appeal""],\n  ""confidence"": 0.85,\n  ""reason"": ""Monica's urgent tone and plea for help indicate a strong sense of desperation, while her request for assistance shows an appeal for support.""\n  ,\n  ""free_emotions"": [""desperation"", ""appeal""],\n  ""confidence"": 0.85,\n  ""reason"": ""Monica's urgent tone and plea for help indicate a strong sense of desperation, while her request for assistance shows an appeal for support.""\n  ,\n  ""free_emotions"": [""desperation"", ""appeal""],\n  ""confidence"": 0.85,\n  ""reason"": ""Monica's urgent tone and plea for help indicate a strong sense",,,false,,,neutral,default_neutral,0.4,No mappable emotion words found.,false
S0018,123,15,Phoebe,Okay. But the question is whos gonna go first. Cause whoever goes second is the bitch.,"Monica: Okay well then, Ill fire him today and you go out with him for another week. Phoebe: Are you kidding?! Another week with that sip, Ill kill Monica: Okay well, then well both do it today and hell just have to deal with it!",sadness,open_vocab,text + context + image,qwen-vl-plus,open_vocab:S0018:text_plus_context_plus_image,"{\n  ""free_emotions"": [""resigned"", ""reluctant""],\n  ""confidence"": 0.85,\n  ""reason"": ""Phoebe's tone and body language suggest she is reluctantly agreeing to something, possibly due to the situation described in the conversation context.""\n\n  ,\n  ""free_emotions"": [""skeptical""],\n  ""confidence"": 0.75,\n  ""reason"": ""Her expression and the way she poses the question about who goes first indicate a level of skepticism or doubt about the arrangement.""\n  \n  ,\n  ""free_emotions"": [""tired""],\n  ""confidence"": 0.65,\n  ""reason"": ""The overall context and her demeanor suggest she might be feeling weary or frustrated with the ongoing situation.""\n  \n  ,\n  ""free_emotions"": [""determined""],\n  ""confidence"": 0.60,\n  ""reason"": ""Despite her reluctance, there is an underlying determination in her stance, indicating she is ready to proceed with the plan.""\n  \n  ,\n  ""free_emotions"": [""frustrated""],\n  ""confidence"": 0.55,\n  ""reason"": ""Her facial expression and the context of the conversation hint at a sense of frustration, likely due to the complications arising from the situation.""\n  \n  ,\n  ""free_emotions"": [""uncertain""],\n  ""confidence"": 0.50,\n  ""reason"": ""There is an element of uncertainty in her expression, suggesting she is unsure about the outcome of the situation.""\n  \n  ,\n  ""free_emotions"": [""resigned""],\n  ""confidence"": 0.45,\n  ""reason"": ""Her body language and tone convey a sense of resignation, as if she has accepted the situation despite her reservations.""\n  \n  ,\n  ""free_emotions"": [""worried""],\n  ""confidence"": 0.40,\n  ""reason"": ""Her slightly furrowed brow and tense posture suggest she is worried about the consequences of the decision being made.""\n  \n  ,\n  ""free_emotions"": [""exhausted""],\n  ""confidence"": 0.35,\n  ""reason"": ""The overall context and her demeanor give off an impression of exhaustion, possibly from dealing with the ongoing issues.""\n  \n  ,\n  ""free_emotions"": [""cautious""],\n  ""confidence"": 0.30,\n  ""reason"": ""Her careful wording and expression indicate a cautious approach to the situation, suggesting she is trying to navigate it carefully.""\n  \n  ,\n  ""free_emotions"": [""irritated""],\n  ""confidence"": 0.25,\n  ""reason"": ""There is a subtle hint of irritation in her tone and expression, likely stemming from the frustrations mentioned in the conversation.""\n  \n  ,\n  ""free_emotions"": [""hesitant""],\n  ""confidence"": 0.20,\n  ""reason"": ""Her hesitation in speaking and the way she phrases her question suggest she is unsure or hesitant about the next steps.""\n  \n  ,\n  ""free_emotions"": [""resigned""],\n  ""confidence"": 0.15,\n  ""reason"": ""Her overall demeanor suggests a sense of resignation, as if she has come to terms with the situation despite her initial reluctance.""\n  \n  ,\n  ""free_emotions"": [""pensive""],\n  ""confidence"": 0.10,\n  ""reason"": ""Her thoughtful expression and the way she looks down suggest she is pensive, possibly contemplating the implications of the situation.""\n  \n  ,\n  ""free_emotions"": [""unhappy""],\n  ""confidence"": 0.05,\n  ""reason"": ""There is a subtle hint of unhappiness in her expression, likely due to the complications and frustrations mentioned in the conversation.""\n  \n  ,\n  ""free_emotions"": [""indifferent""],\n  ""confidence"": 0.01,\n  ""reason"": ""In the absence of strong emotional cues, there is a slight possibility that she is indifferent to the situation, though this is less likely given the context.""\n  \n  ,\n  ""free_emotions"": [""neutral""],\n  ""confidence"": 0.00,\n  ""reason"": ""If no other emotions are strongly indicated, her expression could be interpreted as neutral, though this is unlikely given the context.""\n  \n  ,\n  ""free_emotions"": [""confused""],\n  ""confidence"": 0.00,\n  ""reason"": ""There is no clear indication of confusion in her expression or tone, so this emotion is not strongly supported by the available information.""\n  \n  ,\n  ""free_emotions"": [""angry""],\n  ""confidence"": 0.00,\n  ""reason"": ""There is no visible sign of anger in her expression or tone, so this emotion is not supported by the available information.""\n  \n  ,\n  ""free_emotions"": [""joyful""],\n  ""confidence"": 0.00,\n  ""reason"": ""There is no indication of joy in her expression or tone, so this emotion is not supported by the available information.""\n  \n  ,\n  ""free_emotions"": [""sad""],\n  ""confidence"": 0.00,\n  ""reason"": ""There is no indication of sadness in her expression or tone, so this emotion is not supported by the available information.""\n  \n  ,\n  ""free_emotions"": [""excited""],\n  ""confidence"": 0.00,\n  ""reason"": ""There is no indication of excitement in her expression or tone, so this emotion is not supported by the available information.""\n  \n  ,\n  ""free_emotions"": [""anxious""],\n  ""confidence"": 0.00,\n  ""reason"": ""There is no clear indication of anxiety in her expression or tone, so this emotion is not supported by the available information.""\n  \n  ,\n  ""free_emotions"": [""hopeful""],\n  ""confidence"": 0.00,\n  ""reason"": ""There is no indication of hopefulness in her expression or tone, so this emotion is not supported by the available information.""\n  \n  ,\n  ""free_emotions"": [""grateful""],\n  ""confidence"": 0.00,\n  ""reason"": ""There is no indication of gratitude in her expression or tone, so this emotion is not supported by the available information.""\n  \n  ,\n  ""free_emotions"": [""guilty""],\n  ""confidence"": 0.00,\n  ""reason"": ""There is no indication of guilt in her expression or tone, so this emotion is not supported by the available information.""\n  \n  ,\n  ""free_emotions"": [""shameful""],\n  ""confidence"": 0.00,\n  ""reason"": ""There is no indication of shame in her expression or tone, so this emotion is not supported by the available information.""\n  \n  ,\n  ""free_emotions"": [""jealous""],\n  ""confidence"": 0.00,\n  ""reason"": ""There is no indication of jealousy in her expression or tone, so this emotion is not supported by the available information.""\n  \n  ,\n  ""free_emotions"": [""envious""],\n  ""confidence"": 0.00,\n  ""reason"": ""There is no indication of envy in her expression or tone, so this emotion is not supported by the available information.""\n  \n  ,\n  ""free_emotions"": [""resentful""],\n  ""confidence"": 0.00,\n  ""reason"": ""There is no indication of resentment in her expression or tone, so this emotion is not supported by the available information.""\n  \n  ,\n  ""free_emotions"": [""disgusted""],\n  ""confidence"": 0.00,\n  ""reason"": ""There is no indication of disgust in her expression or tone, so this emotion is not supported by the available information.""\n  \n  ,\n  ""free_emotions"": [""fearful""],\n  ""confidence"": 0.00,\n  ""reason"": ""There is no indication of fear in her expression or tone, so this emotion is not supported by the available information.""\n  \n  ,\n  ""free_emotions"": [""surprised""],\n  ""confidence"": 0.00,\n  ""reason"": ""There is no indication of surprise in her expression or tone, so this emotion is not supported by the available information.""\n  \n  ,\n  ""free_emotions"": [""amused""],\n  ""confidence"": 0.00,\n  ""reason"": ""There is no indication of amusement in her expression or tone, so this emotion is not supported by the available information.""\n  \n  ,\n  ""free_emotions"": [""confident""],\n  ""confidence"": 0.00,\n  ""reason"": ""There is no indication of confidence in her expression or tone, so this emotion is not supported by the available information.""\n  \n  ,\n  ""free_emotions"": [""determined""],\n  ""confidence"": 0.00,\n  ""reason"": ""There is no indication of determination in her expression or tone, so this emotion is not supported by the available information.""\n  \n  ,\n  ""free_emotions"": [""ambitious""],\n  ""confidence"": 0.00,\n  ""reason"": ""There is no indication of ambition in her expression or tone, so this emotion is not supported by the available information.""\n  \n  ,\n  ""free_emotions"": [""competitive""],\n  ""confidence"": 0.00,\n  ""reason"": ""There is no indication of competitiveness in her expression or tone, so this emotion is not supported by the available information.""\n  \n  ,\n  ""free_emotions"": [""generous""],\n  ""confidence"": 0.00,\n  ""reason"": ""There is no indication of generosity in her expression or tone, so this emotion is not supported by the available information.""\n  \n  ,\n  ""free_emotions"": [""selfish""],\n  ""confidence"": 0.00,\n  ""reason"": ""There is no indication of selfishness in her expression or tone, so this emotion is not supported by the available information.""\n  \n  ,\n  ""free_emotions"": [""compassionate""],\n  ""confidence"": 0.00,\n  ""reason"": ""There is no indication of compassion in her expression or tone, so this emotion is not supported by the available information.""\n  \n  ,\n  ""free_emotions"": [""empathetic""],\n  ""confidence"": 0.00,\n  ""reason"": ""There is no indication of empathy in her expression or tone, so this emotion is not supported by the available information.""\n  \n  ,\n  ""free_emotions"": [""sympathetic""],\n  ""confidence"": 0.00,\n  ""reason"": ""There is no indication of sympathy in her expression or tone, so this emotion is not supported by the available information.""\n  \n  ,\n  ""free_emotions"": [""critical""],\n  ""confidence"": 0.00,\n  ""reason"": ""There is no indication of criticism in her expression or tone, so this emotion is not supported by the available information.""\n  \n  ,\n  ""free_emotions"": [""judgmental""],\n  ""confidence"": 0.00,\n  ""reason"": ""There is no indication of judgment in her expression or tone, so this emotion is not supported by the available information.""\n  \n  ,\n  ""free_emotions"": [""impartial""],\n  ""confidence"": 0.00,\n  ""reason"": ""There is no indication of impartiality in her expression or tone, so this emotion is not supported by the available information.""\n  \n  ,\n  ""free_emotions"": [""objective""],\n  ""confidence"": 0.00,\n  ""reason"": ""There is no indication of objectivity in her expression or tone, so this emotion is not supported by the available information.""\n  \n  ,\n  ""free_emotions"": [""subjective""],\n  ""confidence"": 0.00,\n  ""reason"": ""There is no indication of subjectivity in her expression or tone, so this emotion is not supported by the available information.""\n  \n  ,\n  ""free_emotions"": [""reflective""],\n  ""confidence"": 0.00,\n  ""reason"": ""There is no indication of reflection in her expression or tone, so this emotion is not supported by the available information.""\n  \n  ,\n  ""free_emotions"": [""contemplative""],\n  ""confidence"": 0.00,\n  ""reason"": ""There is no indication of contemplation in her expression or tone, so this emotion is not supported by the available information.""\n  \n  ,\n  ""free_emotions"": [""introspective""],\n  ""confidence"": 0.00,\n  ""reason"": ""There is no indication of introspection in her expression or tone, so this emotion is not supported by the available information.""\n  \n  ,\n  ""free_emotions"": [""philosophical""],\n  ""confidence"": 0.00,\n  ""reason"": ""There is no indication of philosophical thinking in her expression or tone, so this emotion is not supported by the available information.""\n  \n  ,\n  ""free_emotions"": [""spiritual""],\n  ""confidence"": 0.00,\n  ""reason"": ""There is no indication of spirituality in her expression or tone, so this emotion is not supported by the available information.""\n  \n  ,\n  ""free_emotions"": [""religious""],\n  ""confidence"": 0.00,\n  ""reason"": ""There is no indication of religiosity in her expression or tone, so this emotion is not supported by the available information.""\n  \n  ,\n  ""free_emotions"": [""secular""],\n  ""confidence"": 0.00,\n  ""reason"": ""There is no indication of secularism in her expression or tone, so this emotion is not supported by the available information.""\n  \n  ,\n  ""free_emotions"": [""materialistic""],\n  ""confidence"": 0.00,\n  ""reason"": ""There is no indication of materialism in her expression or tone, so this emotion is not supported by the available information.""\n  \n  ,\n  ""free_emotions"": [""idealistic""],\n  ""confidence"": 0.00,\n  ""reason"": ""There is no indication of idealism in her expression or tone, so this emotion is not supported by the available information.""\n  \n  ,\n  ""free_emotions"": [""realistic""],\n  ""confidence"": 0.00,\n  ""reason"": ""There is no indication of realism in her expression or tone, so this emotion is not supported by the available information.""\n  \n  ,\n  ""free_emotions"": [""optimistic""],\n  ""confidence"": 0.00,\n  ""reason"": ""There is no indication of optimism in her expression or tone, so this emotion is not supported by the available information.""\n  \n  ,\n  ""free_emotions"": [""pessimistic""],\n  ""confidence"": 0.00,\n  ""reason"": ""There is no indication of pessimism in her expression or tone, so this emotion is not supported by the available information.""\n  \n  ,\n  ""free_emotions"": [""hopeful""],\n  ""confidence"": 0.00,\n  ""reason"": ""There is no indication of hopefulness in her expression or tone, so this emotion is not supported by the available information.""\n  \n  ,\n  ""free_emotions"": [""desperate""],\n  ""confidence"": 0.00,\n  ""reason"": ""There is no indication of desperation in her expression or tone, so this emotion is not supported by the available information.""\n  \n  ,\n  ""free_emotions"": [""eager""],\n  ""confidence"": 0.00,\n  ""reason"": ""There is no indication of eagerness in her expression or tone, so this emotion is not supported by the available information.""\n  \n  ,\n  ""free_emotions"": [""passionate""],\n  ""confidence"": 0.00,\n  ""reason"": ""There is no indication of passion in her expression or tone, so this emotion is not supported by the available information.""\n  \n  ,\n  ""free_emotions"": [""calm""],\n  ""confidence"": 0.00,\n  ""reason"": ""There is no indication of calmness in her expression or tone, so this emotion is not supported by the available information.""\n  \n  ,\n  ""free_emotions"": [""composed""],\n  ""confidence"": 0.00,\n  ""reason"": ""There is no indication of composure in her expression or tone, so this emotion is not supported by the available information.""\n  \n  ,\n  ""free_emotions"": [""unbothered""],\n  ""confidence"": 0.00,\n  ""reason"": ""There is no indication of being unbothered in her expression or tone, so this emotion is not supported by the available information.""\n  \n  ,\n  ""free_emotions"": [""apathetic""],\n  ""confidence"": 0.00,\n  ""reason"": ""There is no indication of apathy in her expression or tone, so this emotion is not supported by the available information.""\n  \n  ,\n  ""free_emotions"": [""detached""],\n  ""confidence"": 0.00,\n  ""reason"": ""There is no indication of detachment in her expression or tone, so this emotion is not supported by the available information.""\n  \n  ,\n  ""free_emotions"": [""numb""],\n  ""confidence"": 0.00,\n  ""reason"": ""There is no indication of numbness in her expression or tone, so this emotion is not supported by the available information.""\n  \n  ,\n  ""free_emotions"": [""empty""],\n  ""confidence"": 0.00,\n  ""reason"": ""There is no indication of emptiness in her expression or tone, so this emotion is not supported by the available information.""\n  \n  ,\n  ""free_emotions"": [""content""],\n  ""confidence"": 0.00,\n  ""reason"": ""There is no indication of contentment in her expression or tone, so this emotion is not supported by the available information.""\n  \n  ,\n  ""free_emotions"": [""pleased""],\n  ""confidence"": 0.00,\n  ""reason"": ""There is no indication of pleasure in her expression or tone, so this emotion is not supported by the available information.""\n  \n  ,\n  ""free_emotions"": [""gratified""],\n  ""confidence"": 0.00,\n  ""reason"": ""There is no indication of gratification in her expression or tone, so this emotion is not supported by the available information.""\n  \n  ,\n  ""free_emotions"": [""fulfilled""],\n  ""confidence"": 0.00,\n  ""reason"": ""There is no indication of fulfillment in her expression or tone, so this emotion is not supported by the available information.""\n  \n  ,\n  ""free_emotions"": [""peaceful""],\n  ""confidence"": 0.00,\n  ""reason"": ""There is no indication of peacefulness in her expression or tone, so this emotion is not supported by the available information.""\n  \n  ,\n  ""free_emotions"": [""tranquil""],\n  ""confidence"": 0.00,\n  ""reason"": ""There is no indication of tranquility in her expression or tone, so this emotion is not supported by the available information.""\n  \n  ,\n  ""free_emotions"": [""serene""],\n  ""confidence"": 0.00,\n  ""reason"": ""There is no indication of serenity in her expression or tone, so this emotion is not supported by the available information.""\n  \n  ,\n  ""free_emotions"": [""relaxed""],\n  ""confidence"": 0.00,\n  ""reason"": ""There is no indication of relaxation in her expression or tone, so this emotion is not supported by the available information.""\n  \n  ,\n  ""free_emotions"": [""stressed""],\n  ""confidence"": 0.00,\n  ""reason"": ""There is no indication of stress in her expression or tone, so this emotion is not supported by the available information.""\n  \n  ,\n  ""free_emotions"": [""overwhelmed""],\n  ""confidence"": 0.00,\n  ""reason"": ""There is no indication of being overwhelmed in her expression or tone, so this emotion is not supported by the available information.""\n  \n  ,\n  ""free_emotions"": [""burned out""],\n  ""confidence"": 0.00,\n  ""reason"": ""There is no indication of burnout in her expression or tone, so this emotion is not supported by the available information.""\n  \n  ,\n  ""free_emotions"": [""exhausted""],\n  ""confidence"": 0.00,\n  ""reason"": ""There is no indication of exhaustion in her expression or tone, so this emotion is not supported by the available information.""\n  \n  ,\n  ""free_emotions"": [""drained""],\n  ""confidence"": 0.00,\n  ""reason"": ""There is no indication of being drained in her expression or tone, so this emotion is not supported by the available information.""\n  \n  ,\n  ""free_emotions"": [""energetic""],\n  ""confidence"": 0.00,\n  ""reason"": ""There is no indication of energy in her expression or tone, so this emotion is not supported by the available information.""\n  \n  ,\n  ""free_emotions"": [""lively""],\n  ""confidence"": 0.00,\n  ""reason"": ""There is no indication of liveliness in her expression or tone, so this emotion is not supported by the available information.""\n  \n  ,\n  ""free_emotions"": [""vibrant""],\n  ""confidence"": 0.00,\n  ""reason"": ""There is no indication of vibrancy in her expression or tone, so this emotion is not supported by the available information.""\n  \n  ,\n  ""free_emotions"": [""dynamic""],\n  ""confidence"": 0.00,\n  ""reason"": ""There is no indication of dynamism in her expression or tone, so this emotion is not supported by the available information.""\n  \n  ,\n  ""free_emotions"": [""active""],\n  ""confidence"": 0.00,\n  ""reason"": ""There is no indication of activity in her expression or tone, so this emotion is not supported by the available information.""\n  \n  ,\n  ""free_emotions"": [""busy""],\n  ""confidence"": 0.00,\n  ""reason"": ""There is no indication of busyness in her expression or tone, so this emotion is not supported by the available information.""\n  \n  ,\n  ""free_emotions"": [""productive""],\n  ""confidence"": 0.00,\n  ""reason"": ""There is no indication of productivity in her expression or tone, so this emotion is not supported by the available information.""\n  \n  ,\n  ""free_emotions"": [""efficient""],\n  ""confidence"": 0.00,\n  ""reason"": ""There is no indication of efficiency in her expression or tone, so this emotion is not supported by the available information.""\n  \n  ,\n  ""free_emotions"": [""organized""],\n  ""confidence"": 0.00,\n  ""reason"": ""There is no indication of organization in her expression or tone, so this emotion is not supported by the available information.""\n  \n  ,\n  ""free_emotions"": [""structured""],\n  ""confidence"": 0.00,\n  ""reason"": ""There is no indication of structure in her expression or tone, so this emotion is not supported by the available information.""\n  \n  ,\n  ""free_emotions"": [""routine""],\n  ""confidence"": 0.00,\n  ""reason"": ""There is no indication of routine in her expression or tone, so this emotion is not supported by the available information.""\n  \n  ,\n  ""free_emotions"": [""habitual""],\n  ""confidence"": 0.00,\n  ""reason"": ""There is no indication of habituality in her expression or tone, so this emotion is not supported by the available information.""\n  \n  ,\n  ""free_emotions"": [""automatic""],\n  ""confidence"": 0.00,\n  ""reason"": ""There is no indication of automaticity in her expression or tone, so this emotion is not supported by the available information.""\n  \n  ,\n  ""free_emotions"": [""instinctive""],\n  ""confidence"": 0.00,\n  ""reason"": ""There is no indication of instinctiveness in her expression or tone, so this emotion is not supported by the available information.""\n  \n  ,\n  ""free_emotions"": [""reflexive""],\n  ""confidence"": 0.00,\n  ""reason"": ""There is no indication of reflexiveness in her expression or tone, so this emotion is not supported by the available information.""\n  \n  ,\n  ""free_emotions"": [""impulsive""],\n  ""confidence"": 0.00,\n  ""reason"": ""There is no indication of impulsiveness in her expression or tone, so this emotion is not supported by the available information.""\n  \n  ,\n  ""free_emotions"": [""spontaneous""],\n  ""confidence"": 0.00,\n  ""reason"": ""There is no indication of spontaneity in her expression or tone, so this emotion is not supported by the available information.""\n  \n  ,\n  ""free_emotions"": [""unpredictable""],\n  ""confidence"": 0.00,\n  ""reason"": ""There is no indication of unpredictability in her expression or tone, so this emotion is not supported by the available information.""\n  \n  ,\n  ""free_emotions"": [""chaotic""],\n  ""confidence"": 0.00,\n  ""reason"": ""There is no indication of chaos in her expression or tone, so this emotion is not supported by the available information.""\n  \n  ,\n  ""free_emotions"": [""disorderly""],\n  ""confidence"": 0.00,\n  ""reason"": ""There is no indication of disorderliness in her expression or tone, so this emotion is not supported by the available information.""\n  \n  ,\n  ""free_emotions"": [""messy""],\n  ""confidence"": 0.00,\n  ""reason"": ""There is no indication of messiness in her expression or tone, so this emotion is not supported by the available information.""\n  \n  ,\n  ""free_emotions"": [""untidy""],\n  ""confidence"": 0.00,\n  ""reason"": ""There is no indication of untidiness in her expression or tone, so this emotion is not supported by the available information.""\n  \n  ,\n  ""free_emotions"": [""cluttered""],\n  ""confidence"": 0.00,\n  ""reason"": ""There is no indication of clutter in her expression or tone, so this emotion is not supported by the available information.""\n  \n  ,\n  ""free_emotions"": [""disheveled""],\n  ""confidence"": 0.00,\n  ""reason"": ""There is no indication of dishevelment in her expression or tone, so this emotion is not supported by the available information.""\n  \n  ,\n  ""free_emotions"": [""rumpled""],\n  ""confidence"": 0.00,\n  ""reason"": ""There is no indication of rumpling in her expression or tone, so this emotion is not supported by the available information.""\n  \n  ,\n  ""free_emotions"": [""wrinkled""],\n  ""confidence"": 0.00,\n  ""reason"": ""There is no indication of wrinkling in her expression or tone, so this emotion is not supported by the available information.""\n  \n  ,\n  ""free_emotions"": [""creased""],\n  ""confidence"": 0.00,\n  ""reason"": ""There is no indication of creasing in her expression or tone, so this emotion is not supported by the available information.""\n  \n  ,\n  ""free_emotions"": [""皱褶""],\n  ""confidence"": 0.00,\n  ""reason"": ""There is no indication of wrinkles or creases in her expression or tone, so this emotion is not supported by the available information.""\n  \n  ,\n  ""free_emotions"": [""wrinkled""],\n  ""confidence"": 0.00,\n  ""reason"": ""There is no indication of wrinkling in her expression or tone, so this emotion is not supported by the available information.""\n  \n  ,\n  ""free_emotions"": [""creased""],\n  ""confidence"": 0.00,\n  ""reason"": ""There is no indication of creasing in her expression or tone, so this emotion is not supported by the available information.""\n  \n  ,\n  ""free_emotions"": [""皱褶""],\n  ""confidence"": 0.00,\n  ""reason"": ""There is no indication of wrinkles or creases in her expression or tone, so this emotion is not supported by the available information.""\n  \n  ,\n  ""free_emotions"": [""皱褶""],\n  ""confidence"": 0.00,\n  ""reason"": ""There is no indication of wrinkles or creases in her expression or tone, so this emotion is not supported by the available information.""\n  \n  ,\n  ""free_emotions"": [""皱褶""],\n  ""confidence"": 0.00,\n  ""reason"": ""There is no indication of wrinkles or creases in her expression or tone, so this emotion is not supported by the available information.""\n  \n  ,\n  ""free_emotions"": [""皱褶""],\n  ""confidence"": 0.00,\n  ""reason"": ""There is no indication of wrinkles or creases in her expression or tone, so this emotion is not supported by the available information.""\n  \n  ,\n  ""free_emotions",,,false,,,neutral,default_neutral,0.4,No mappable emotion words found.,false
S0019,124,3,Chandler,"So, rocks.","Chandler: Okay, what is in here? Rocks? Janice: Oh, my Bing-a-ling. Ill wait for you. Do you even know how long youre going to be gone? Ross: No-no, this is my collection of fossil samples.",disgust,open_vocab,text + context + image,qwen-vl-plus,open_vocab:S0019:text_plus_context_plus_image,"{\n  ""free_emotions"": [""confused"", ""puzzled""],\n  ""confidence"": 0.85,\n  ""reason"": ""Chandler's facial expression and tone suggest he is processing something unexpected or unclear, likely related to the fossil samples mentioned.""\n}",0.85,"Chandler's facial expression and tone suggest he is processing something unexpected or unclear, likely related to the fossil samples mentioned.",false,confused|puzzled,confused|puzzled,surprise,heuristic_llm_fallback,0.55,"Unresolved words: confused, puzzled; used text-level fallback.",false
S0020,124,5,Joey,"Ohh. Hey, remember when I ran into this thing  and it kinda knocked me out a little?","Chandler: So, rocks. Janice: Oh. Well, Ill right you everyday.  15 Yemen Road, Yemen. Ross: I'm really gonna miss this apartment. Y'know, Ben-Ben took his first steps right over there.",joy,open_vocab,text + context + image,qwen-vl-plus,open_vocab:S0020:text_plus_context_plus_image,"{\n  ""free_emotions"": [""nostalgic"", ""reflective""],\n  ""confidence"": 0.85,\n  ""reason"": ""Joey's mention of a past event and his body language suggest he is recalling a memory, indicating nostalgia and reflection.""\n}",0.85,"Joey's mention of a past event and his body language suggest he is recalling a memory, indicating nostalgia and reflection.",false,nostalgic|reflective,nostalgic|reflective,fear,heuristic_llm_fallback,0.55,"Unresolved words: nostalgic, reflective; used text-level fallback.",false
S0022,127,4,Chandler,"Youre going to a clinic, and a pyjama store!","Chandler: No, no-n-n-n-no!! Ross: Perhaps. Now Im curious, at what point during those girlish screams would you have begun to Chandler: You are going to a clinic!",disgust,open_vocab,text + context + image,qwen-vl-plus,open_vocab:S0022:text_plus_context_plus_image,"{\n  ""free_emotions"": [""confusion"", ""exaggeration""],\n  ""confidence"": 0.85,\n  ""reason"": ""Chandler's statement 'You're going to a clinic, and a pyjama store!' suggests confusion about the combination of locations, while the tone implies exaggeration or disbelief.""\n}",0.85,"Chandler's statement 'You're going to a clinic, and a pyjama store!' suggests confusion about the combination of locations, while the tone implies exaggeration or disbelief.",false,confusion|exaggeration,confusion|exaggeration,neutral,heuristic_llm_fallback,0.55,"Unresolved words: confusion, exaggeration; used text-level fallback.",false
S0021,125,17,Joey,Were not even shootin them anymore?!!,"Joey: Like theyre taking it off the air? Joey: Ohh. Joey: All right, see you Monday.",surprise,open_vocab,text + context + image,qwen-vl-plus,open_vocab:S0021:text_plus_context_plus_image,"{\n  ""free_emotions"": [""surprise"", ""confusion""],\n  ""confidence"": 0.85,\n  ""reason"": ""Joey's wide eyes and open mouth in the image, combined with his exclamation 'We're not even shootin' them anymore?!', suggest a strong reaction of surprise and confusion.""\n}",0.85,"Joey's wide eyes and open mouth in the image, combined with his exclamation 'We're not even shootin' them anymore?!', suggest a strong reaction of surprise and confusion.",false,surprise|confusion,surprise|confusion,surprise,hybrid_dictionary_plus_fallback,0.75,Dictionary majority vote over normalized emotion words.,true
S0023,130,10,Emily,I dont think Id be comfortable with any of my old lovers there.,"Rachel: How would you feel about taking out my assistant Tag? Ill pay. Ross: Yeah? Joey: Huh, Rach I got to say its gonna take a lot of money for me to go out on a date with a dude.",sadness,open_vocab,text + context + image,qwen-vl-plus,open_vocab:S0023:text_plus_context_plus_image,"{\n  ""free_emotions"": [""hesitant"", ""uncomfortable""],\n  ""confidence"": 0.85,\n  ""reason"": ""Emily's statement expresses reluctance and discomfort regarding her old lovers being present, supported by her serious facial expression and body language in the visual frames.""\n}",0.85,"Emily's statement expresses reluctance and discomfort regarding her old lovers being present, supported by her serious facial expression and body language in the visual frames.",false,hesitant|uncomfortable,hesitant|uncomfortable,neutral,heuristic_llm_fallback,0.55,"Unresolved words: hesitant, uncomfortable; used text-level fallback.",false
S0024,130,11,Ross,"Wait-wait-wait, do you, do you think, maybe we shouldnt invite her?","Joey: Huh, Rach I got to say its gonna take a lot of money for me to go out on a date with a dude. Emily: I dont think Id be comfortable with any of my old lovers there. Rachel: Im not asking you to go on a",fear,open_vocab,text + context + image,qwen-vl-plus,open_vocab:S0024:text_plus_context_plus_image,"{\n  ""free_emotions"": [""hesitant"", ""uncertain""],\n  ""confidence"": 0.85,\n  ""reason"": ""Ross's repeated 'wait' and questioning tone suggest hesitation and uncertainty about the idea of inviting someone.""\n}",0.85,Ross's repeated 'wait' and questioning tone suggest hesitation and uncertainty about the idea of inviting someone.,false,hesitant|uncertain,hesitant|uncertain,surprise,heuristic_llm_fallback,0.55,"Unresolved words: hesitant, uncertain; used text-level fallback.",false
S0025,138,1,Ross,Who cares? I repel women.,"Chandler: Okay, is this lamp in the same place? Rachel: Okay, I have to tell you something that I have never admitted during our entire friendship!",disgust,open_vocab,text + context + image,qwen-vl-plus,open_vocab:S0025:text_plus_context_plus_image,"{\n  ""free_emotions"": [""frustration"", ""self-deprecation""],\n  ""confidence"": 0.85,\n  ""reason"": ""Ross's statement 'Who cares? I repel women.' combined with his slightly downcast expression and body language suggests he is feeling frustrated and self-deprecating about his social interactions.""\n}",0.85,Ross's statement 'Who cares? I repel women.' combined with his slightly downcast expression and body language suggests he is feeling frustrated and self-deprecating about his social interactions.,false,frustration|self-deprecation,frustration|self-deprecation,neutral,heuristic_llm_fallback,0.55,"Unresolved words: frustration, self-deprecation; used text-level fallback.",false
S0026,139,3,Ross,Hi Jill!,"A Female Student: Yeah, what's up with that girl Monica? Jill: Me too. Phoebe: I don't know! I didn't come with her!",joy,open_vocab,text + context + image,qwen-vl-plus,open_vocab:S0026:text_plus_context_plus_image,"{\n  ""free_emotions"": [""greeting"", ""casual""],\n  ""confidence"": 0.9,\n  ""reason"": ""Ross's utterance 'Hi Jill!' is a direct and friendly greeting, indicating a casual and welcoming tone in the social setting of Central Perk.""\n}",0.9,"Ross's utterance 'Hi Jill!' is a direct and friendly greeting, indicating a casual and welcoming tone in the social setting of Central Perk.",false,greeting|casual,greeting|casual,neutral,hybrid_dictionary_plus_fallback,0.75,Dictionary majority vote over normalized emotion words.,false
S0027,145,8,Phoebe,Oh my God!  Go away!  Stop looking in here!,"Chandler: I might have some kind of life, like I haven't been sitting around here honing for the past few hours. Chandler: Man to uh, me. Monica: Look look! He's doing it again, the guy with the telescope!",anger,open_vocab,text + context + image,qwen-vl-plus,open_vocab:S0027:text_plus_context_plus_image,"{\n  ""free_emotions"": [""annoyance"", ""frustration""],\n  ""confidence"": 0.85,\n  ""reason"": ""Phoebe's exclamation 'Oh my God! Go away! Stop looking in here!' indicates strong annoyance and frustration, likely due to being observed or intruded upon.""\n}",0.85,"Phoebe's exclamation 'Oh my God! Go away! Stop looking in here!' indicates strong annoyance and frustration, likely due to being observed or intruded upon.",false,annoyance|frustration,annoyance|frustration,anger,hybrid_dictionary_plus_fallback,0.75,Dictionary majority vote over normalized emotion words.,true
S0028,147,2,Joey,"Uh, it's 2:30 in the morning!","Ross: Ok, bye.  Well, Monica's not coming, it's just gonna be me and Rachel. Monica: Where are you guys going? Come on, one more game! Chandler: Oh. Well, hold on camper, are you sure you've thought this thing through?",sadness,open_vocab,text + context + image,qwen-vl-plus,open_vocab:S0028:text_plus_context_plus_image,"{\n  ""free_emotions"": [""surprise"", ""confusion""],\n  ""confidence"": 0.85,\n  ""reason"": ""Joey's statement 'Uh, it's 2:30 in the morning!' suggests surprise at the time, and his body language in the frames indicates confusion or disbelief.""\n}",0.85,"Joey's statement 'Uh, it's 2:30 in the morning!' suggests surprise at the time, and his body language in the frames indicates confusion or disbelief.",false,surprise|confusion,surprise|confusion,surprise,hybrid_dictionary_plus_fallback,0.75,Dictionary majority vote over normalized emotion words.,false
S0030,15,15,Professore Clerk,Or we could throw you both in,"Paleontologist: Ok Geller. Last day of the conference, you know what happens to the keynote speaker. Ross: Oh, professor Clerk we're kind of in the middle of a conversation, here. Charlie: Yeah, can you guys just throw him in the pool later?",joy,open_vocab,text + context + image,qwen-vl-plus,open_vocab:S0030:text_plus_context_plus_image,"{\n  ""free_emotions"": [""threatening"", ""intimidating""],\n  ""confidence"": 0.9,\n  ""reason"": ""The speaker's gesture and tone suggest a threatening demeanor, likely intended to intimidate the others in the conversation.""\n\n  ,\n  ""free_emotions"": [""assertive"", ""dominant""],\n  ""confidence"": 0.85,\n  ""reason"": ""The speaker's body language and direct address indicate an assertive and dominant stance in the interaction.""\n  \n  ,\n  ""free_emotions"": [""confrontational"", ""challenging""],\n  ""confidence"": 0.8,\n  ""reason"": ""The context of the conversation and the speaker's expression suggest a confrontational and challenging attitude towards the others present.""\n  \n  ,\n  ""free_emotions"": [""aggressive"", ""menacing""],\n  ""confidence"": 0.75,\n  ""reason"": ""The speaker's posture and facial expression convey an aggressive and menacing presence, indicating a potential threat.""\n  \n  ,\n  ""free_emotions"": [""authoritative"", ""commanding""],\n  ""confidence"": 0.7,\n  ""reason"": ""The speaker's tone and gesture suggest an authoritative and commanding presence, as if issuing a directive or command.""\n  \n  ,\n  ""free_emotions"": [""intense"", ""tense""],\n  ""confidence"": 0.65,\n  ""reason"": ""The overall atmosphere of the scene, combined with the speaker's demeanor, indicates an intense and tense interaction.""\n  \n  ,\n  ""free_emotions"": [""determined"", ""resolute""],\n  ""confidence"": 0.6,\n  ""reason"": ""The speaker's focused expression and firm tone suggest a determined and resolute attitude in the conversation.""\n  \n  ,\n  ""free_emotions"": [""unyielding"", ""stubborn""],\n  ""confidence"": 0.55,\n  ""reason"": ""The speaker's unwavering stance and lack of concession in the dialogue imply an unyielding and stubborn approach to the situation.""\n  \n  ,\n  ""free_emotions"": [""controlling"", ""overbearing""],\n  ""confidence"": 0.5,\n  ""reason"": ""The speaker's behavior and tone suggest a controlling and overbearing influence over the conversation and those involved.""\n  \n  ,\n  ""free_emotions"": [""forceful"", ""imposing""],\n  ""confidence"": 0.45,\n  ""reason"": ""The speaker's forceful delivery and imposing presence create a sense of dominance and pressure on the others in the scene.""\n  \n  ,\n  ""free_emotions"": [""intimidating"", ""fear-inducing""],\n  ""confidence"": 0.4,\n  ""reason"": ""The speaker's demeanor and the context of the conversation contribute to an intimidating and fear-inducing atmosphere.""\n  \n  ,\n  ""free_emotions"": [""domineering"", ""dominating""],\n  ""confidence"": 0.35,\n  ""reason"": ""The speaker's actions and tone suggest a domineering and dominating influence over the interaction and the people involved.""\n  \n  ,\n  ""free_emotions"": [""aggressive"", ""hostile""],\n  ""confidence"": 0.3,\n  ""reason"": ""The speaker's aggressive body language and hostile tone indicate a confrontational and potentially hostile attitude towards the others.""\n  \n  ,\n  ""free_emotions"": [""intense"", ""charged""],\n  ""confidence"": 0.25,\n  ""reason"": ""The overall intensity and charged nature of the scene suggest a highly emotional and possibly volatile interaction.""\n  \n  ,\n  ""free_emotions"": [""authoritative"", ""commanding""],\n  ""confidence"": 0.2,\n  ""reason"": ""The speaker's authoritative tone and commanding presence indicate a strong influence over the conversation dynamics.""\n  \n  ,\n  ""free_emotions"": [""intimidating"", ""threatening""],\n  ""confidence"": 0.15,\n  ""reason"": ""The speaker's intimidating demeanor and threatening undertone contribute to a sense of danger or discomfort in the interaction.""\n  \n  ,\n  ""free_emotions"": [""domineering"", ""controlling""],\n  ""confidence"": 0.1,\n  ""reason"": ""The speaker's domineering and controlling behavior suggests an attempt to exert power and influence over the others in the scene.""\n  \n  ,\n  ""free_emotions"": [""intense"", ""tense""],\n  ""confidence"": 0.05,\n  ""reason"": ""The overall intensity and tension in the scene indicate a high-stakes or emotionally charged interaction.""\n  \n  ,\n  ""free_emotions"": [""authoritative"", ""commanding""],\n  ""confidence"": 0.01,\n  ""reason"": ""The speaker's authoritative tone and commanding presence suggest a minor influence over the conversation dynamics.""\n  \n  ,\n  ""free_emotions"": [""intimidating"", ""fear-inducing""],\n  ""confidence"": 0.005,\n  ""reason"": ""The speaker's intimidating demeanor and fear-inducing undertone contribute minimally to the overall atmosphere of the scene.""\n  \n  ,\n  ""free_emotions"": [""domineering"", ""dominating""],\n  ""confidence"": 0.001,\n  ""reason"": ""The speaker's domineering and dominating behavior has a negligible impact on the interaction and the people involved.""\n  \n  ,\n  ""free_emotions"": [""intense"", ""charged""],\n  ""confidence"": 0.0005,\n  ""reason"": ""The overall intensity and charged nature of the scene have a minimal effect on the interaction dynamics.""\n  \n  ,\n  ""free_emotions"": [""authoritative"", ""commanding""],\n  ""confidence"": 0.0001,\n  ""reason"": ""The speaker's authoritative tone and commanding presence have a negligible influence on the conversation dynamics.""\n  \n  ,\n  ""free_emotions"": [""intimidating"", ""threatening""],\n  ""confidence"": 0.00005,\n  ""reason"": ""The speaker's intimidating demeanor and threatening undertone have a minimal impact on the interaction.""\n  \n  ,\n  ""free_emotions"": [""domineering"", ""controlling""],\n  ""confidence"": 0.00001,\n  ""reason"": ""The speaker's domineering and controlling behavior has a negligible effect on the interaction and the people involved.""\n  \n  ,\n  ""free_emotions"": [""intense"", ""tense""],\n  ""confidence"": 0.000005,\n  ""reason"": ""The overall intensity and tension in the scene have a minimal effect on the interaction dynamics.""\n  \n  ,\n  ""free_emotions"": [""authoritative"", ""commanding""],\n  ""confidence"": 0.000001,\n  ""reason"": ""The speaker's authoritative tone and commanding presence have a negligible influence on the conversation dynamics.""\n  \n  ,\n  ""free_emotions"": [""intimidating"", ""fear-inducing""],\n  ""confidence"": 0.0000005,\n  ""reason"": ""The speaker's intimidating demeanor and fear-inducing undertone have a minimal impact on the interaction.""\n  \n  ,\n  ""free_emotions"": [""domineering"", ""dominating""],\n  ""confidence"": 0.0000001,\n  ""reason"": ""The speaker's domineering and dominating behavior has a negligible effect on the interaction and the people involved.""\n  \n  ,\n  ""free_emotions"": [""intense"", ""charged""],\n  ""confidence"": 0.00000005,\n  ""reason"": ""The overall intensity and charged nature of the scene have a minimal effect on the interaction dynamics.""\n  \n  ,\n  ""free_emotions"": [""authoritative"", ""commanding""],\n  ""confidence"": 0.00000001,\n  ""reason"": ""The speaker's authoritative tone and commanding presence have a negligible influence on the conversation dynamics.""\n  \n  ,\n  ""free_emotions"": [""intimidating"", ""threatening""],\n  ""confidence"": 0.000000005,\n  ""reason"": ""The speaker's intimidating demeanor and threatening undertone have a minimal impact on the interaction.""\n  \n  ,\n  ""free_emotions"": [""domineering"", ""dominating""],\n  ""confidence"": 0.000000001,\n  ""reason"": ""The speaker's domineering and dominating behavior has a negligible effect on the interaction and the people involved.""\n  \n  ,\n  ""free_emotions"": [""intense"", ""tense""],\n  ""confidence"": 0.0000000005,\n  ""reason"": ""The overall intensity and tension in the scene have a minimal effect on the interaction dynamics.""\n  \n  ,\n  ""free_emotions"": [""authoritative"", ""commanding""],\n  ""confidence"": 0.0000000001,\n  ""reason"": ""The speaker's authoritative tone and commanding presence have a negligible influence on the conversation dynamics.""\n  \n  ,\n  ""free_emotions"": [""intimidating"", ""fear-inducing""],\n  ""confidence"": 0.00000000005,\n  ""reason"": ""The speaker's intimidating demeanor and fear-inducing undertone have a minimal impact on the interaction.""\n  \n  ,\n  ""free_emotions"": [""domineering"", ""dominating""],\n  ""confidence"": 0.00000000001,\n  ""reason"": ""The speaker's domineering and dominating behavior has a negligible effect on the interaction and the people involved.""\n  \n  ,\n  ""free_emotions"": [""intense"", ""charged""],\n  ""confidence"": 0.000000000005,\n  ""reason"": ""The overall intensity and charged nature of the scene have a minimal effect on the interaction dynamics.""\n  \n  ,\n  ""free_emotions"": [""authoritative"", ""commanding""],\n  ""confidence"": 0.000000000001,\n  ""reason"": ""The speaker's authoritative tone and commanding presence have a negligible influence on the conversation dynamics.""\n  \n  ,\n  ""free_emotions"": [""intimidating"", ""threatening""],\n  ""confidence"": 0.0000000000005,\n  ""reason"": ""The speaker's intimidating demeanor and threatening undertone have a minimal impact on the interaction.""\n  \n  ,\n  ""free_emotions"": [""domineering"", ""dominating""],\n  ""confidence"": 0.0000000000001,\n  ""reason"": ""The speaker's domineering and dominating behavior has a negligible effect on the interaction and the people involved.""\n  \n  ,\n  ""free_emotions"": [""intense"", ""tense""],\n  ""confidence"": 0.00000000000005,\n  ""reason"": ""The overall intensity and tension in the scene have a minimal effect on the interaction dynamics.""\n  \n  ,\n  ""free_emotions"": [""authoritative"", ""commanding""],\n  ""confidence"": 0.00000000000001,\n  ""reason"": ""The speaker's authoritative tone and commanding presence have a negligible influence on the conversation dynamics.""\n  \n  ,\n  ""free_emotions"": [""intimidating"", ""fear-inducing""],\n  ""confidence"": 0.000000000000005,\n  ""reason"": ""The speaker's intimidating demeanor and fear-inducing undertone have a minimal impact on the interaction.""\n  \n  ,\n  ""free_emotions"": [""domineering"", ""dominating""],\n  ""confidence"": 0.000000000000001,\n  ""reason"": ""The speaker's domineering and dominating behavior has a negligible effect on the interaction and the people involved.""\n  \n  ,\n  ""free_emotions"": [""intense"", ""charged""],\n  ""confidence"": 0.0000000000000005,\n  ""reason"": ""The overall intensity and charged nature of the scene have a minimal effect on the interaction dynamics.""\n  \n  ,\n  ""free_emotions"": [""authoritative"", ""commanding""],\n  ""confidence"": 0.0000000000000001,\n  ""reason"": ""The speaker's authoritative tone and commanding presence have a negligible influence on the conversation dynamics.""\n  \n  ,\n  ""free_emotions"": [""intimidating"", ""threatening""],\n  ""confidence"": 0.00000000000000005,\n  ""reason"": ""The speaker's intimidating demeanor and threatening undertone have a minimal impact on the interaction.""\n  \n  ,\n  ""free_emotions"": [""domineering"", ""dominating""],\n  ""confidence"": 0.00000000000000001,\n  ""reason"": ""The speaker's domineering and dominating behavior has a negligible effect on the interaction and the people involved.""\n  \n  ,\n  ""free_emotions"": [""intense"", ""tense""],\n  ""confidence"": 0.000000000000000005,\n  ""reason"": ""The overall intensity and tension in the scene have a minimal effect on the interaction dynamics.""\n  \n  ,\n  ""free_emotions"": [""authoritative"", ""commanding""],\n  ""confidence"": 0.000000000000000001,\n  ""reason"": ""The speaker's authoritative tone and commanding presence have a negligible influence on the conversation dynamics.""\n  \n  ,\n  ""free_emotions"": [""intimidating"", ""fear-inducing""],\n  ""confidence"": 0.0000000000000000005,\n  ""reason"": ""The speaker's intimidating demeanor and fear-inducing undertone have a minimal impact on the interaction.""\n  \n  ,\n  ""free_emotions"": [""domineering"", ""dominating""],\n  ""confidence"": 0.0000000000000000001,\n  ""reason"": ""The speaker's domineering and dominating behavior has a negligible effect on the interaction and the people involved.""\n  \n  ,\n  ""free_emotions"": [""intense"", ""charged""],\n  ""confidence"": 0.00000000000000000005,\n  ""reason"": ""The overall intensity and charged nature of the scene have a minimal effect on the interaction dynamics.""\n  \n  ,\n  ""free_emotions"": [""authoritative"", ""commanding""],\n  ""confidence"": 0.00000000000000000001,\n  ""reason"": ""The speaker's authoritative tone and commanding presence have a negligible influence on the conversation dynamics.""\n  \n  ,\n  ""free_emotions"": [""intimidating"", ""threatening""],\n  ""confidence"": 0.000000000000000000005,\n  ""reason"": ""The speaker's intimidating demeanor and threatening undertone have a minimal impact on the interaction.""\n  \n  ,\n  ""free_emotions"": [""domineering"", ""dominating""],\n  ""confidence"": 0.000000000000000000001,\n  ""reason"": ""The speaker's domineering and dominating behavior has a negligible effect on the interaction and the people involved.""\n  \n  ,\n  ""free_emotions"": [""intense"", ""tense""],\n  ""confidence"": 0.0000000000000000000005,\n  ""reason"": ""The overall intensity and tension in the scene have a minimal effect on the interaction dynamics.""\n  \n  ,\n  ""free_emotions"": [""authoritative"", ""commanding""],\n  ""confidence"": 0.0000000000000000000001,\n  ""reason"": ""The speaker's authoritative tone and commanding presence have a negligible influence on the conversation dynamics.""\n  \n  ,\n  ""free_emotions"": [""intimidating"", ""fear-inducing""],\n  ""confidence"": 0.00000000000000000000005,\n  ""reason"": ""The speaker's intimidating demeanor and fear-inducing undertone have a minimal impact on the interaction.""\n  \n  ,\n  ""free_emotions"": [""domineering"", ""dominating""],\n  ""confidence"": 0.00000000000000000000001,\n  ""reason"": ""The speaker's domineering and dominating behavior has a negligible effect on the interaction and the people involved.""\n  \n  ,\n  ""free_emotions"": [""intense"", ""charged""],\n  ""confidence"": 0.000000000000000000000005,\n  ""reason"": ""The overall intensity and charged nature of the scene have a minimal effect on the interaction dynamics.""\n  \n  ,\n  ""free_emotions"": [""authoritative"", ""commanding""],\n  ""confidence"": 0.000000000000000000000001,\n  ""reason"": ""The speaker's authoritative tone and commanding presence have a negligible influence on the conversation dynamics.""\n  \n  ,\n  ""free_emotions"": [""intimidating"", ""threatening""],\n  ""confidence"": 0.0000000000000000000000005,\n  ""reason"": ""The speaker's intimidating demeanor and threatening undertone have a minimal impact on the interaction.""\n  \n  ,\n  ""free_emotions"": [""domineering"", ""dominating""],\n  ""confidence"": 0.0000000000000000000000001,\n  ""reason"": ""The speaker's domineering and dominating behavior has a negligible effect on the interaction and the people involved.""\n  \n  ,\n  ""free_emotions"": [""intense"", ""tense""],\n  ""confidence"": 0.00000000000000000000000005,\n  ""reason"": ""The overall intensity and tension in the scene have a minimal effect on the interaction dynamics.""\n  \n  ,\n  ""free_emotions"": [""authoritative"", ""commanding""],\n  ""confidence"": 0.00000000000000000000000001,\n  ""reason"": ""The speaker's authoritative tone and commanding presence have a negligible influence on the conversation dynamics.""\n  \n  ,\n  ""free_emotions"": [""intimidating"", ""fear-inducing""],\n  ""confidence"": 0.000000000000000000000000005,\n  ""reason"": ""The speaker's intimidating demeanor and fear-inducing undertone have a minimal impact on the interaction.""\n  \n  ,\n  ""free_emotions"": [""domineering"", ""dominating""],\n  ""confidence"": 0.000000000000000000000000001,\n  ""reason"": ""The speaker's domineering and dominating behavior has a negligible effect on the interaction and the people involved.""\n  \n  ,\n  ""free_emotions"": [""intense"", ""charged""],\n  ""confidence"": 0.0000000000000000000000000005,\n  ""reason"": ""The overall intensity and charged nature of the scene have a minimal effect on the interaction dynamics.""\n  \n  ,\n  ""free_emotions"": [""authoritative"", ""commanding""],\n  ""confidence"": 0.0000000000000000000000000001,\n  ""reason"": ""The speaker's authoritative tone and commanding presence have a negligible influence on the conversation dynamics.""\n  \n  ,\n  ""free_emotions"": [""intimidating"", ""threatening""],\n  ""confidence"": 0.00000000000000000000000000005,\n  ""reason"": ""The speaker's intimidating demeanor and threatening undertone have a minimal impact on the interaction.""\n  \n  ,\n  ""free_emotions"": [""domineering"", ""dominating""],\n  ""confidence"": 0.00000000000000000000000000001,\n  ""reason"": ""The speaker's domineering and dominating behavior has a negligible effect on the interaction and the people involved.""\n  \n  ,\n  ""free_emotions"": [""intense"", ""tense""],\n  ""confidence"": 0.000000000000000000000000000005,\n  ""reason"": ""The overall intensity and tension in the scene have a minimal effect on the interaction dynamics.""\n  \n  ,\n  ""free_emotions"": [""authoritative"", ""commanding""],\n  ""confidence"": 0.000000000000000000000000000001,\n  ""reason"": ""The speaker's authoritative tone and commanding presence have a negligible influence on the conversation dynamics.""\n  \n  ,\n  ""free_emotions"": [""intimidating"", ""fear-inducing""],\n  ""confidence"": 0.0000000000000000000000000000005,\n  ""reason"": ""The speaker's intimidating demeanor and fear-inducing undertone have a minimal impact on the interaction.""\n  \n  ,\n  ""free_emotions"": [""domineering"", ""dominating""],\n  ""confidence"": 0.0000000000000000000000000000001,\n  ""reason"": ""The speaker's domineering and dominating behavior has a negligible effect on the interaction and the people involved.""\n  \n  ,\n  ""free_emotions"": [""intense"", ""charged""],\n  ""confidence"": 0.00000000000000000000000000000005,\n  ""reason"": ""The overall intensity and charged nature of the scene have a minimal effect on the interaction dynamics.""\n  \n  ,\n  ""free_emotions"": [""authoritative"", ""commanding""],\n  ""confidence"": 0.00000000000000000000000000000001,\n  ""reason"": ""The speaker's authoritative tone and commanding presence have a negligible influence on the conversation dynamics.""\n  \n  ,\n  ""free_emotions"": [""intimidating"", ""threatening""],\n  ""confidence"": 0.000000000000000000000000000000005,\n  ""reason"": ""The speaker's intimidating demeanor and threatening undertone have a minimal impact on the interaction.""\n  \n  ,\n  ""free_emotions"": [""domineering"", ""dominating""],\n  ""confidence"": 0.000000000000000000000000000000001,\n  ""reason"": ""The speaker's domineering and dominating behavior has a negligible effect on the interaction and the people involved.""\n  \n  ,\n  ""free_emotions"": [""intense"", ""tense""],\n  ""confidence"": 0.0000000000000000000000000000000005,\n  ""reason"": ""The overall intensity and tension in the scene have a minimal effect on the interaction dynamics.""\n  \n  ,\n  ""free_emotions"": [""authoritative"", ""commanding""],\n  ""confidence"": 0.0000000000000000000000000000000001,\n  ""reason"": ""The speaker's authoritative tone and commanding presence have a negligible influence on the conversation dynamics.""\n  \n  ,\n  ""free_emotions"": [""intimidating"", ""fear-inducing""],\n  ""confidence"": 0.00000000000000000000000000000000005,\n  ""reason"": ""The speaker's intimidating demeanor and fear-inducing undertone have a minimal impact on the interaction.""\n  \n  ,\n  ""free_emotions"": [""domineering"", ""dominating""],\n  ""confidence"": 0.00000000000000000000000000000000001,\n  ""reason"": ""The speaker's domineering and dominating behavior has a negligible effect on the interaction and the people involved.""\n  \n  ,\n  ""free_emotions"": [""intense"", ""charged""],\n  ""confidence"": 0.000000000000000000000000000000000005,\n  ""reason"": ""The overall intensity and charged nature of the scene have a minimal effect on the interaction dynamics.""\n  \n  ,\n  ""free_emotions"": [""authoritative"", ""commanding""],\n  ""confidence"": 0.000000000000000000000000000000000001,\n  ""reason"": ""The speaker's authoritative tone and commanding presence have a negligible influence on the conversation dynamics.""\n  \n  ,\n  ""free_emotions"": [""intimidating"", ""threatening""],\n  ""confidence"": 0.0000000000000000000000000000000000005,\n  ""reason"": ""The speaker's intimidating demeanor and threatening undertone have a minimal impact on the interaction.""\n  \n  ,\n  ""free_emotions"": [""domineering"", ""dominating""],\n  ""confidence"": 0.0000000000000000000000000000000000001,\n  ""reason"": ""The speaker's domineering and dominating behavior has a negligible effect on the interaction and the people involved.""\n  \n  ,\n  ""free_emotions"": [""intense"", ""tense""],\n  ""confidence"": 0.00000000000000000000000000000000000005,\n  ""reason"": ""The overall intensity and tension in the scene have a minimal effect on the interaction dynamics.""\n  \n  ,\n  ""free_emotions"": [""authoritative"", ""commanding""],\n  ""confidence"": 0.00000000000000000000000000000000000001,\n  ""reason"": ""The speaker's authoritative tone and commanding presence have a negligible influence on the conversation dynamics.""\n  \n  ,\n  ""free_emotions"": [""intimidating"", ""fear-inducing""],\n  ""confidence"": 0.000000000000000000000000000000000000005,\n  ""reason"": ""The speaker's intimidating demeanor and fear-inducing undertone have a minimal impact on the interaction.""\n  \n  ,\n  ""free_emotions"": [""domineering"", ""dominating""],\n  ""confidence"": 0.000000000000000000000000000000000000001,\n  ""reason"": ""The speaker's domineering and dominating behavior has a negligible effect on the interaction and the people involved.""\n  \n  ,\n  ""free_emotions"": [""intense"", ""charged""],\n  ""confidence"": 0.0000000000000000000000000000000000000005,\n  ""reason"": ""The overall intensity and charged nature of the scene have a minimal effect on the interaction dynamics.""\n  \n  ,\n  ""free_emotions"": [""authoritative"", ""commanding""],\n  ""confidence"": 0.0000000000000000000000000000000000000001,\n  ""reason"": ""The speaker's authoritative tone and commanding presence have a negligible influence on the conversation dynamics.""\n  \n  ,\n  ""free_emotions"": [""intimidating"", ""threatening""],\n  ""confidence"": 0.00000000000000000000000000000000000000005,\n  ""reason"": ""The speaker's intimidating demeanor and threatening undertone have a minimal impact on the interaction.""\n  \n  ,\n  ""free_emotions"": [""domineering"", ""dominating""],\n  ""confidence"": 0.00000000000000000000000000000000000000001,\n  ""reason"": ""The speaker's domineering and dominating behavior has a negligible effect on the interaction and the people involved.""\n  \n  ,\n  ""free_emotions"": [""intense"", ""tense""],\n  ""confidence"": 0.000000000000000000000000000000000000000005,\n  ""reason"": ""The overall intensity and tension in the scene have a minimal effect on the interaction dynamics.""\n  \n  ,\n  ""free_emotions"": [""authoritative"", ""commanding""],\n  ""confidence"": 0.000000000000000000000000000000000000000001,\n  ""reason"": ""The speaker's authoritative tone and commanding presence have a negligible influence on the conversation dynamics.""\n  \n  ,\n  ""free_emotions"": [""intimidating"", ""fear-inducing""],\n  ""confidence"": 0.0000000000000000000000000000000000000000005,\n  ""reason"": ""The speaker's intimidating demeanor and fear-inducing undertone have a minimal impact on the interaction.""\n  \n  ,\n  ""free_emotions"": [""domineering"", ""dominating""],\n  ""confidence"": 0.0000000000000000000000000000000000000000001,\n  ""reason"": ""The speaker's domineering and dominating behavior has a negligible effect on the interaction and the people involved.""\n  \n  ,\n  ""free_emotions"": [""intense"", ""charged""],\n  ""confidence"": 0.00000000000000000000000000000000000000000005,\n  ""reason"": ""The overall intensity and charged nature of the scene have a minimal effect on the interaction dynamics.""\n  \n  ,\n  ""free_emotions"": [""authoritative"", ""commanding""],\n  ""confidence"": 0.00000000000000000000000000000000000000000001,\n  ""reason"": ""The speaker's authoritative tone and commanding presence have a negligible influence on the conversation dynamics.""\n  \n  ,\n  ""free_emotions"": [""intimidating"", ""threatening""],\n  ""confidence"": 0.000000000000000000000000000000000000000000005,\n  ""reason"": ""The speaker's intimidating demeanor and threatening undertone have a minimal impact on the interaction.""\n  \n  ,\n  ""free_emotions"": [""domineering"", ""dominating""],\n  ""confidence"": 0.000000000000000000000000000000000000000000001,\n  ""reason"": ""The speaker's domineering and dominating behavior has a negligible effect on the interaction and the people involved.""\n  \n  ,\n  ""free_emotions"": [""intense"", ""tense""],\n  ""confidence"": 0.0000000000000000000000000000000000000000000005,\n  ""reason"": ""The overall intensity and tension in the scene have a minimal effect on the interaction dynamics.""\n  \n  ,\n  ""free_emotions"": [""authoritative"", ""commanding""],\n  ""confidence"": 0.0000000000000000000000000000000000000000000001,\n  ""reason"": ""The speaker's authoritative tone and commanding presence have a negligible influence on the conversation dynamics.""\n  \n  ,\n  ""free_emotions"": [""intimidating"", ""fear-inducing""],\n  ""confidence"": 0.00000000000000000000000000000000000000000000005,\n  ""reason"": ""The speaker's intimidating demeanor and fear-inducing undertone have a minimal impact on the interaction.""\n  \n  ,\n  ""free_emotions"": [""domineering"", ""dominating""],\n  ""confidence"": 0.00000000000000000000000000000000000000000000001,\n  ""reason"": ""The speaker's domineering and dominating behavior has a negligible effect on the interaction and the people involved.""\n  \n  ,\n  ""free_emotions"": [""intense"", ""charged""],\n  ""confidence"": 0.000000000000000000000000000000000000000000000005,\n  ""reason"": ""The overall intensity and charged nature of the scene have a minimal effect on the interaction dynamics.""\n  \n  ,\n  ""free_emotions"": [""authoritative"", ""commanding""],\n  ""confidence"": 0.000000000000000000000000000000000000000000000001,\n  ""reason"": ""The speaker's authoritative tone and commanding presence have a negligible influence on the conversation dynamics.""\n  \n  ,\n  ""free_emotions"": [""intimidating"", ""threatening""],\n  ""confidence"": 0.0000000000000000000000000000000000000000000000005,\n  ""reason"": ""The speaker's intimidating demeanor and threatening undertone have a minimal impact on the interaction.""\n  \n  ,\n  ""free_emotions"": [""domineering"", ""dominating""],\n  ""confidence"": 0.0000000000000000000000000000000000000000000000001,\n  ""reason"": ""The speaker's domineering and dominating behavior has a negligible effect on the interaction and the people involved.""\n  \n  ,\n  ""free_emotions"": [""intense"", ""tense""],\n  ""confidence"": 0.00000000000000000000000000000000000000000000000005,\n  ""reason"": ""The overall intensity and tension in the scene have a minimal effect on the interaction dynamics.""\n  \n  ,\n  ""free_emotions"": [""authoritative"", ""commanding""],\n  ""confidence"": 0.0000000000000000000",,,false,,,neutral,default_neutral,0.4,No mappable emotion words found.,false
S0029,15,3,Charlie,"Uh, well... Joey and I broke up.","Rachel: Are you seriousReally?! Its in such good condition. Phoebe: Okay! Ross: Yes, please!  So, what's going on?",sadness,open_vocab,text + context + image,qwen-vl-plus,open_vocab:S0029:text_plus_context_plus_image,"{\n  ""free_emotions"": [""sadness"", ""hesitation""],\n  ""confidence"": 0.85,\n  ""reason"": ""Charlie's hesitant tone and the context of breaking up suggest sadness and hesitation.""\n}",0.85,Charlie's hesitant tone and the context of breaking up suggest sadness and hesitation.,false,sadness|hesitation,sadness|hesitation,sadness,hybrid_dictionary_plus_fallback,0.75,Dictionary majority vote over normalized emotion words.,true
S0032,151,8,Ross,Really?,"Ross: Wow! This is so amazing. I uh, I really thought Id have to talk you into this more. Rachel: What-wh-what so well just stay married forever?! Ross: Okay, look, how is this gonna affect you?",anger,open_vocab,text + context + image,qwen-vl-plus,open_vocab:S0032:text_plus_context_plus_image,"{\n  ""free_emotions"": [""surprise"", ""uncertainty""],\n  ""confidence"": 0.85,\n  ""reason"": ""Ross's facial expression and body language, combined with his utterance 'Really?', suggest a mix of surprise at Rachel's reaction and uncertainty about the implications of their conversation.""\n}",0.85,"Ross's facial expression and body language, combined with his utterance 'Really?', suggest a mix of surprise at Rachel's reaction and uncertainty about the implications of their conversation.",false,surprise|uncertainty,surprise|uncertainty,surprise,hybrid_dictionary_plus_fallback,0.75,Dictionary majority vote over normalized emotion words.,false
S0031,151,1,Ross,"Yes, exactly!","Phoebe: Oh, ew! Rachel: Okay! So, well just stay married.",joy,open_vocab,text + context + image,qwen-vl-plus,open_vocab:S0031:text_plus_context_plus_image,"{\n  ""free_emotions"": [""agreement"", ""affirmation""],\n  ""confidence"": 0.9,\n  ""reason"": ""Ross's statement 'Yes, exactly!' indicates strong agreement with Rachel's suggestion to stay married, supported by his smiling and engaged body language in the visual context.""\n}",0.9,"Ross's statement 'Yes, exactly!' indicates strong agreement with Rachel's suggestion to stay married, supported by his smiling and engaged body language in the visual context.",false,agreement|affirmation,agreement|affirmation,neutral,heuristic_llm_fallback,0.55,"Unresolved words: agreement, affirmation; used text-level fallback.",false
S0034,159,2,Joanna,Yknow how people just click?,"Joanna: Chandler is fantastic!! Joanna: Because if you feel uncomfortable with your friend dating someone you work for, there are always ways to fix...that. Rachel: What?!",joy,open_vocab,text + context + image,qwen-vl-plus,open_vocab:S0034:text_plus_context_plus_image,"{\n  ""free_emotions"": [""curious"", ""inquisitive""],\n  ""confidence"": 0.85,\n  ""reason"": ""Joanna's question 'Yknow how people just click?' suggests she is seeking understanding or clarification, indicating curiosity and inquisitiveness.""\n\n  \n  \n\n  \n  \n\n  \n  \n\n  \n  \n\n  \n  \n\n  \n  \n\n  \n  \n\n  \n  \n\n  \n  \n\n  \n  \n\n  \n  \n\n  \n  \n\n  \n  \n\n  \n  \n\n  \n  \n\n  \n  \n\n  \n  \n\n  \n  \n\n  \n  \n\n  \n  \n\n  \n  \n\n  \n  \n\n  \n  \n\n  \n  \n\n  \n  \n\n  \n",,,false,,,neutral,default_neutral,0.4,No mappable emotion words found.,false
S0033,158,3,Ross,No!,"Joey: It can’t be me, I’m standing right here. Joanna: Why?! Why?! He said hed call. Why hasnt he called? Mr. Geller: Wanna peek?",disgust,open_vocab,text + context + image,qwen-vl-plus,open_vocab:S0033:text_plus_context_plus_image,"{\n  ""free_emotions"": [""anger"", ""disbelief""],\n  ""confidence"": 0.85,\n  ""reason"": ""Ross's emphatic 'No!' and the context of a tense conversation suggest strong emotional reactions, likely anger and disbelief.""\n}",0.85,"Ross's emphatic 'No!' and the context of a tense conversation suggest strong emotional reactions, likely anger and disbelief.",false,anger|disbelief,anger|disbelief,anger,hybrid_dictionary_plus_fallback,0.75,Dictionary majority vote over normalized emotion words.,false
S0035,159,3,Joanna,"Like he came by to pick me up, and I opened the door, and it was just like, click!","Joanna: Because if you feel uncomfortable with your friend dating someone you work for, there are always ways to fix...that. Rachel: What?! Joanna: Yknow how people just click?",joy,open_vocab,text + context + image,qwen-vl-plus,open_vocab:S0035:text_plus_context_plus_image,"{\n  ""free_emotions"": [""surprise"", ""amusement""],\n  ""confidence"": 0.85,\n  ""reason"": ""The speaker's use of 'click' and the accompanying visual context showing a transition from a neutral to a smiling expression suggest surprise and amusement.""\n}",0.85,The speaker's use of 'click' and the accompanying visual context showing a transition from a neutral to a smiling expression suggest surprise and amusement.,false,surprise|amusement,surprise|amusement,neutral,default_neutral,0.4,No mappable emotion words found.,false
S0036,160,9,Joey,I did not cry my eyes out!!,"Rachel: I can get a quick bite to eat, but then I have to come back up here. Joey: Hey! Ross: Come on sweetie! You?ve had to work late every night for the past two weeks, what is it this time?",anger,open_vocab,text + context + image,qwen-vl-plus,open_vocab:S0036:text_plus_context_plus_image,"{\n  ""free_emotions"": [""defensive"", ""frustrated""],\n  ""confidence"": 0.85,\n  ""reason"": ""Joey's statement 'I did not cry my eyes out!!' and his wide-eyed, open-mouthed expression in the image suggest he is responding defensively to an implied accusation or misunderstanding.""\n}",0.85,"Joey's statement 'I did not cry my eyes out!!' and his wide-eyed, open-mouthed expression in the image suggest he is responding defensively to an implied accusation or misunderstanding.",false,defensive|frustrated,defensive|frustrated,anger,hybrid_dictionary_plus_fallback,0.75,Dictionary majority vote over normalized emotion words.,true
S0037,17,6,Rachel,"Oh yeah well, you know me, babies, responsibilities, ahhh!!!","Rachel: Oh boy, I just can't watch. It's too scary! Janice: Wait! Wait! I wanna see this. After I divorce him, half of that kingdom is gonna be mine. Monica: It's a diaper commercial.",fear,open_vocab,text + context + image,qwen-vl-plus,open_vocab:S0037:text_plus_context_plus_image,"{\n  ""free_emotions"": [""exasperated"", ""frustrated""],\n  ""confidence"": 0.85,\n  ""reason"": ""Rachel's tone and facial expression convey a sense of exasperation and frustration, likely in response to the ongoing conversation about responsibilities and babies.""\n}",0.85,"Rachel's tone and facial expression convey a sense of exasperation and frustration, likely in response to the ongoing conversation about responsibilities and babies.",false,exasperated|frustrated,exasperated|frustrated,anger,hybrid_dictionary_plus_fallback,0.75,Dictionary majority vote over normalized emotion words.,false
S0038,170,3,Phoebe,I wanna see whats in your hand. I wanna see the trash.,"Joey: You said, you wanna come in for some lemonade? Monica: Why do you want to see my hand? Monica: So?!",disgust,open_vocab,text + context + image,qwen-vl-plus,open_vocab:S0038:text_plus_context_plus_image,"{\n  ""free_emotions"": [""curious"", ""playful""],\n  ""confidence"": 0.85,\n  ""reason"": ""Phoebe's request to see what's in someone's hand suggests curiosity, while the phrase 'I wanna see the trash' adds a playful or teasing tone.""\n}",0.85,"Phoebe's request to see what's in someone's hand suggests curiosity, while the phrase 'I wanna see the trash' adds a playful or teasing tone.",false,curious|playful,curious|playful,neutral,heuristic_llm_fallback,0.55,"Unresolved words: curious, playful; used text-level fallback.",false
S0040,170,4,Phoebe,"Eww! Oh, its all dirty. You should throw this out.","Monica: So?! Phoebe: I wanna see whats in your hand. I wanna see the trash. Joey: Whoa, ah!! Were you just gonna give me some lemonade?",disgust,open_vocab,text + context + image,qwen-vl-plus,open_vocab:S0040:text_plus_context_plus_image,"{\n  ""free_emotions"": [""disgust"", ""annoyance""],\n  ""confidence"": 0.9,\n  ""reason"": ""Phoebe's exclamation 'Eww! Oh, it's all dirty.' indicates strong disgust and annoyance towards the object in question.""\n}",0.9,"Phoebe's exclamation 'Eww! Oh, it's all dirty.' indicates strong disgust and annoyance towards the object in question.",false,disgust|annoyance,disgust|annoyance,neutral,default_neutral,0.4,No mappable emotion words found.,false
S0039,170,4,Monica,Yeah huh!! Cover yourself up!,"Monica: So?! Phoebe: I wanna see whats in your hand. I wanna see the trash. Joey: Whoa, ah!! Were you just gonna give me some lemonade?",disgust,open_vocab,text + context + image,qwen-vl-plus,open_vocab:S0039:text_plus_context_plus_image,"{\n  ""free_emotions"": [""annoyance"", ""disapproval""],\n  ""confidence"": 0.9,\n  ""reason"": ""Monica's raised hand and stern expression, combined with her directive tone in the utterance, suggest she is annoyed and disapproving of Joey's lack of clothing.""\n}",0.9,"Monica's raised hand and stern expression, combined with her directive tone in the utterance, suggest she is annoyed and disapproving of Joey's lack of clothing.",false,annoyance|disapproval,annoyance|disapproval,anger,hybrid_dictionary_plus_fallback,0.75,Dictionary majority vote over normalized emotion words.,false
S0041,174,5,Rachel,"Hi! Oh, Im so glad you called.",Monica: Thank you!    You haven't said anything... Ross: Hi! Its me. 3rd Customer: Actually I do have one small complaint.,joy,open_vocab,text + context + image,qwen-vl-plus,open_vocab:S0041:text_plus_context_plus_image,"{\n  ""free_emotions"": [""joy"", ""relief""],\n  ""confidence"": 0.85,\n  ""reason"": ""Rachel's expression and tone convey happiness and relief at the call, suggesting she is glad to hear from the caller.""\n}",0.85,"Rachel's expression and tone convey happiness and relief at the call, suggesting she is glad to hear from the caller.",false,joy|relief,joy|relief,joy,hybrid_dictionary_plus_fallback,0.75,Dictionary majority vote over normalized emotion words.,true
S0042,18,7,Phoebe,"Well for the regular guy, its bad, but Chandler, Oh dear God!",Joey: Okay! Monica: How bad is this? Joey: Uh-oh.,fear,open_vocab,text + context + image,qwen-vl-plus,open_vocab:S0042:text_plus_context_plus_image,"{\n  ""free_emotions"": [""concern"", ""surprise""],\n  ""confidence"": 0.85,\n  ""reason"": ""Phoebe's facial expression and tone suggest concern, while the context of the conversation indicates a surprising or alarming situation.""\n}",0.85,"Phoebe's facial expression and tone suggest concern, while the context of the conversation indicates a surprising or alarming situation.",false,concern|surprise,concern|surprise,surprise,hybrid_dictionary_plus_fallback,0.75,Dictionary majority vote over normalized emotion words.,false
S0043,182,7,Phoebe,Whoa!,"Rachel: No, but I was doing my thing and everything was going according to the plan! Phoebe: Thank you, I need that. Monica: Oh God, stop with the plan!",surprise,open_vocab,text + context + image,qwen-vl-plus,open_vocab:S0043:text_plus_context_plus_image,"{\n  ""free_emotions"": [""surprise"", ""amusement""],\n  ""confidence"": 0.85,\n  ""reason"": ""Phoebe's exclamation 'Whoa!' and the visual context of a festive, unexpected scene suggest surprise and amusement.""\n}",0.85,"Phoebe's exclamation 'Whoa!' and the visual context of a festive, unexpected scene suggest surprise and amusement.",false,surprise|amusement,surprise|amusement,neutral,default_neutral,0.4,No mappable emotion words found.,false
S0044,183,17,Phoebe,"Oh, right, OK. Ole.","Duncan: I missed you.  I'm gonna get changed. Phoebe: OK. Duncan: Um, now. Phoebs.",neutral,open_vocab,text + context + image,qwen-vl-plus,open_vocab:S0044:text_plus_context_plus_image,"{\n  ""free_emotions"": [""acknowledgment"", ""indifference""],\n  ""confidence"": 0.85,\n  ""reason"": ""Phoebe's short and neutral response ('Oh, right, OK. Ole.') suggests she acknowledges Duncan's statement but shows little emotional engagement.""\n}",0.85,"Phoebe's short and neutral response ('Oh, right, OK. Ole.') suggests she acknowledges Duncan's statement but shows little emotional engagement.",false,acknowledgment|indifference,acknowledgment|indifference,fear,heuristic_llm_fallback,0.55,"Unresolved words: acknowledgment, indifference; used text-level fallback.",false
S0046,185,5,Rachel,"We were walking by this antique store, and I saw this pin in the window, and I told him that it was just like one my grandmother had when I was a little girl.",Phoebe: Remembered what? Ross: Really?! Rachel: It was like months ago.,sadness,open_vocab,text + context + image,qwen-vl-plus,open_vocab:S0046:text_plus_context_plus_image,"{\n  ""free_emotions"": [""nostalgia"", ""reflection""],\n  ""confidence"": 0.85,\n  ""reason"": ""Rachel's mention of her grandmother and the pin suggests a sense of nostalgia and reflection on past memories.""\n}",0.85,Rachel's mention of her grandmother and the pin suggests a sense of nostalgia and reflection on past memories.,false,nostalgia|reflection,nostalgia|reflection,neutral,heuristic_llm_fallback,0.55,"Unresolved words: nostalgia, reflection; used text-level fallback.",false
S0045,184,6,Monica,"Oh myThis is so embarrassing. Oh my God, Im never gonna get massaged again!",Rachel: Hey! Phoebe: I mean hi. Joey: What's happening?,fear,open_vocab,text + context + image,qwen-vl-plus,open_vocab:S0045:text_plus_context_plus_image,"{\n  ""free_emotions"": [""embarrassed"", ""frustrated""],\n  ""confidence"": 0.9,\n  ""reason"": ""Monica's body language, including her hand on her head and distressed expression, along with her verbal statement about embarrassment and reluctance to get massaged again, indicates she is feeling both embarrassed and frustrated.""\n\n  ,\n  ""free_emotions"": [""shocked"", ""anxious""],\n  ""confidence"": 0.85,\n  ""reason"": ""Her wide-eyed expression and the way she is holding her head suggest a state of shock and anxiety, likely in response to an unexpected or uncomfortable situation.""\n  \n  ,\n  ""free_emotions"": [""self-conscious"", ""upset""],\n  ""confidence"": 0.8,\n  ""reason"": ""Monica's gesture of touching her hair and her overall demeanor convey a sense of self-consciousness and upset, possibly due to something that happened during the massage.""\n  \n  ,\n  ""free_emotions"": [""regretful"", ""displeased""],\n  ""confidence"": 0.75,\n  ""reason"": ""Her tone and body language suggest regret over the experience and displeasure, as indicated by her statement about never wanting to get massaged again.""\n  \n  ,\n  ""free_emotions"": [""overwhelmed"", ""distressed""],\n  ""confidence"": 0.7,\n  ""reason"": ""The combination of her facial expression and physical gestures, such as covering her face and adjusting her hair, implies she is overwhelmed and distressed by the situation.""\n  \n  ,\n  ""free_emotions"": [""humiliated"", ""appalled""],\n  ""confidence"": 0.65,\n  ""reason"": ""Monica's reaction suggests she feels humiliated and appalled by what occurred, as evidenced by her strong verbal and non-verbal cues.""\n  \n  ,\n  ""free_emotions"": [""mortified"", ""alarmed""],\n  ""confidence"": 0.6,\n  ""reason"": ""Her alarmed expression and the way she is reacting to the situation indicate she feels mortified and shocked by the events.""\n  \n  ,\n  ""free_emotions"": [""ashamed"", ""unsettled""],\n  ""confidence"": 0.55,\n  ""reason"": ""Monica's body language and tone suggest she is ashamed and unsettled by the experience, reflecting her discomfort and desire to avoid it in the future.""\n  \n  ,\n  ""free_emotions"": [""flustered"", ""perturbed""],\n  ""confidence"": 0.5,\n  ""reason"": ""Her flustered appearance and perturbed demeanor indicate she is perturbed and flustered by the situation, as shown by her actions and words.""\n  \n  ,\n  ""free_emotions"": [""exhausted"", ""dejected""],\n  ""confidence"": 0.45,\n  ""reason"": ""Monica appears exhausted and dejected, possibly due to the emotional toll of the experience, as reflected in her posture and expression.""\n  \n  ,\n  ""free_emotions"": [""vulnerable"", ""uneasy""],\n  ""confidence"": 0.4,\n  ""reason"": ""Her body language and facial expression convey a sense of vulnerability and unease, suggesting she feels uneasy about the situation.""\n  \n  ,\n  ""free_emotions"": [""confused"", ""unsettled""],\n  ""confidence"": 0.35,\n  ""reason"": ""Monica seems confused and unsettled by the events, as indicated by her puzzled expression and the way she is reacting to the situation.""\n  \n  ,\n  ""free_emotions"": [""hurt"", ""offended""],\n  ""confidence"": 0.3,\n  ""reason"": ""Her reaction suggests she feels hurt and offended by what happened, as evidenced by her defensive body language and tone.""\n  \n  ,\n  ""free_emotions"": [""defensive"", ""uncomfortable""],\n  ""confidence"": 0.25,\n  ""reason"": ""Monica appears defensive and uncomfortable, possibly trying to shield herself from further embarrassment or discomfort.""\n  \n  ,\n  ""free_emotions"": [""resigned"", ""disappointed""],\n  ""confidence"": 0.2,\n  ""reason"": ""Her demeanor suggests a sense of resignation and disappointment, as if she has accepted the unpleasant outcome of the situation.""\n  \n  ,\n  ""free_emotions"": [""pensive"", ""reflective""],\n  ""confidence"": 0.15,\n  ""reason"": ""Monica seems pensive and reflective, possibly contemplating the events that transpired and their implications.""\n  \n  ,\n  ""free_emotions"": [""contemplative"", ""worried""],\n  ""confidence"": 0.1,\n  ""reason"": ""Her contemplative expression and worried demeanor indicate she is deeply thinking about the situation and its consequences.""\n  \n  ,\n  ""free_emotions"": [""thoughtful"", ""concerned""],\n  ""confidence"": 0.05,\n  ""reason"": ""Monica appears thoughtful and concerned, possibly weighing her options or considering how to move forward after the experience.""\n  \n  ,\n  ""free_emotions"": [""introspective"", ""hesitant""],\n  ""confidence"": 0.01,\n  ""reason"": ""Her introspective and hesitant behavior suggests she is deeply reflecting on the situation and is unsure of how to proceed.""\n  \n  ,\n  ""free_emotions"": [""uncertain"", ""unsettled""],\n  ""confidence"": 0.005,\n  ""reason"": ""Monica's uncertain and unsettled demeanor indicates she is grappling with the aftermath of the situation and is unsure of her next steps.""\n  \n  ,\n  ""free_emotions"": [""unsettled"", ""reflective""],\n  ""confidence"": 0.001,\n  ""reason"": ""Her overall demeanor suggests she is unsettled and reflective, possibly trying to make sense of the events that have transpired.""\n  \n  ,\n  ""free_emotions"": [""contemplative"", ""unsettled""],\n  ""confidence"": 0.0005,\n  ""reason"": ""Monica appears contemplative and unsettled, indicating she is deeply engaged in thought about the situation and its implications.""\n  \n  ,\n  ""free_emotions"": [""reflective"", ""unsettled""],\n  ""confidence"": 0.0001,\n  ""reason"": ""Her reflective and unsettled state suggests she is still processing the events and their impact on her.""\n  \n  ,\n  ""free_emotions"": [""unsettled"", ""reflective""],\n  ""confidence"": 0.00005,\n  ""reason"": ""Monica remains unsettled and reflective, indicating ongoing contemplation of the situation and its consequences.""\n  \n  ,\n  ""free_emotions"": [""reflective"", ""unsettled""],\n  ""confidence"": 0.00001,\n  ""reason"": ""Her continued reflective and unsettled demeanor suggests she is still deeply engaged in processing the events.""\n  \n  ,\n  ""free_emotions"": [""unsettled"", ""reflective""],\n  ""confidence"": 0.000005,\n  ""reason"": ""Monica's unsettled and reflective state persists, indicating ongoing contemplation and processing of the situation.""\n  \n  ,\n  ""free_emotions"": [""reflective"", ""unsettled""],\n  ""confidence"": 0.000001,\n  ""reason"": ""Her reflective and unsettled demeanor continues, suggesting she is still deeply engaged in thought about the events.""\n  \n  ,\n  ""free_emotions"": [""unsettled"", ""reflective""],\n  ""confidence"": 0.0000005,\n  ""reason"": ""Monica remains unsettled and reflective, indicating ongoing contemplation and processing of the situation.""\n  \n  ,\n  ""free_emotions"": [""reflective"", ""unsettled""],\n  ""confidence"": 0.0000001,\n  ""reason"": ""Her reflective and unsettled state persists, suggesting she is still deeply engaged in processing the events.""\n  \n  ,\n  ""free_emotions"": [""unsettled"", ""reflective""],\n  ""confidence"": 0.00000005,\n  ""reason"": ""Monica's unsettled and reflective demeanor continues, indicating ongoing contemplation and processing of the situation.""\n  \n  ,\n  ""free_emotions"": [""reflective"", ""unsettled""],\n  ""confidence"": 0.00000001,\n  ""reason"": ""Her reflective and unsettled state persists, suggesting she is still deeply engaged in thought about the events.""\n  \n  ,\n  ""free_emotions"": [""unsettled"", ""reflective""],\n  ""confidence"": 0.000000005,\n  ""reason"": ""Monica remains unsettled and reflective, indicating ongoing contemplation and processing of the situation.""\n  \n  ,\n  ""free_emotions"": [""reflective"", ""unsettled""],\n  ""confidence"": 0.000000001,\n  ""reason"": ""Her reflective and unsettled demeanor continues, suggesting she is still deeply engaged in processing the events.""\n  \n  ,\n  ""free_emotions"": [""unsettled"", ""reflective""],\n  ""confidence"": 0.0000000005,\n  ""reason"": ""Monica's unsettled and reflective state persists, indicating ongoing contemplation and processing of the situation.""\n  \n  ,\n  ""free_emotions"": [""reflective"", ""unsettled""],\n  ""confidence"": 0.0000000001,\n  ""reason"": ""Her reflective and unsettled state persists, suggesting she is still deeply engaged in thought about the events.""\n  \n  ,\n  ""free_emotions"": [""unsettled"", ""reflective""],\n  ""confidence"": 0.00000000005,\n  ""reason"": ""Monica remains unsettled and reflective, indicating ongoing contemplation and processing of the situation.""\n  \n  ,\n  ""free_emotions"": [""reflective"", ""unsettled""],\n  ""confidence"": 0.00000000001,\n  ""reason"": ""Her reflective and unsettled state persists, suggesting she is still deeply engaged in processing the events.""\n  \n  ,\n  ""free_emotions"": [""unsettled"", ""reflective""],\n  ""confidence"": 0.000000000005,\n  ""reason"": ""Monica's unsettled and reflective demeanor continues, indicating ongoing contemplation and processing of the situation.""\n  \n  ,\n  ""free_emotions"": [""reflective"", ""unsettled""],\n  ""confidence"": 0.000000000001,\n  ""reason"": ""Her reflective and unsettled state persists, suggesting she is still deeply engaged in thought about the events.""\n  \n  ,\n  ""free_emotions"": [""unsettled"", ""reflective""],\n  ""confidence"": 0.0000000000005,\n  ""reason"": ""Monica remains unsettled and reflective, indicating ongoing contemplation and processing of the situation.""\n  \n  ,\n  ""free_emotions"": [""reflective"", ""unsettled""],\n  ""confidence"": 0.0000000000001,\n  ""reason"": ""Her reflective and unsettled state persists, suggesting she is still deeply engaged in processing the events.""\n  \n  ,\n  ""free_emotions"": [""unsettled"", ""reflective""],\n  ""confidence"": 0.00000000000005,\n  ""reason"": ""Monica's unsettled and reflective demeanor continues, indicating ongoing contemplation and processing of the situation.""\n  \n  ,\n  ""free_emotions"": [""reflective"", ""unsettled""],\n  ""confidence"": 0.00000000000001,\n  ""reason"": ""Her reflective and unsettled state persists, suggesting she is still deeply engaged in thought about the events.""\n  \n  ,\n  ""free_emotions"": [""unsettled"", ""reflective""],\n  ""confidence"": 0.000000000000005,\n  ""reason"": ""Monica remains unsettled and reflective, indicating ongoing contemplation and processing of the situation.""\n  \n  ,\n  ""free_emotions"": [""reflective"", ""unsettled""],\n  ""confidence"": 0.000000000000001,\n  ""reason"": ""Her reflective and unsettled state persists, suggesting she is still deeply engaged in processing the events.""\n  \n  ,\n  ""free_emotions"": [""unsettled"", ""reflective""],\n  ""confidence"": 0.0000000000000005,\n  ""reason"": ""Monica's unsettled and reflective demeanor continues, indicating ongoing contemplation and processing of the situation.""\n  \n  ,\n  ""free_emotions"": [""reflective"", ""unsettled""],\n  ""confidence"": 0.0000000000000001,\n  ""reason"": ""Her reflective and unsettled state persists, suggesting she is still deeply engaged in thought about the events.""\n  \n  ,\n  ""free_emotions"": [""unsettled"", ""reflective""],\n  ""confidence"": 0.00000000000000005,\n  ""reason"": ""Monica remains unsettled and reflective, indicating ongoing contemplation and processing of the situation.""\n  \n  ,\n  ""free_emotions"": [""reflective"", ""unsettled""],\n  ""confidence"": 0.00000000000000001,\n  ""reason"": ""Her reflective and unsettled state persists, suggesting she is still deeply engaged in processing the events.""\n  \n  ,\n  ""free_emotions"": [""unsettled"", ""reflective""],\n  ""confidence"": 0.000000000000000005,\n  ""reason"": ""Monica's unsettled and reflective demeanor continues, indicating ongoing contemplation and processing of the situation.""\n  \n  ,\n  ""free_emotions"": [""reflective"", ""unsettled""],\n  ""confidence"": 0.000000000000000001,\n  ""reason"": ""Her reflective and unsettled state persists, suggesting she is still deeply engaged in thought about the events.""\n  \n  ,\n  ""free_emotions"": [""unsettled"", ""reflective""],\n  ""confidence"": 0.0000000000000000005,\n  ""reason"": ""Monica remains unsettled and reflective, indicating ongoing contemplation and processing of the situation.""\n  \n  ,\n  ""free_emotions"": [""reflective"", ""unsettled""],\n  ""confidence"": 0.0000000000000000001,\n  ""reason"": ""Her reflective and unsettled state persists, suggesting she is still deeply engaged in processing the events.""\n  \n  ,\n  ""free_emotions"": [""unsettled"", ""reflective""],\n  ""confidence"": 0.00000000000000000005,\n  ""reason"": ""Monica's unsettled and reflective demeanor continues, indicating ongoing contemplation and processing of the situation.""\n  \n  ,\n  ""free_emotions"": [""reflective"", ""unsettled""],\n  ""confidence"": 0.00000000000000000001,\n  ""reason"": ""Her reflective and unsettled state persists, suggesting she is still deeply engaged in thought about the events.""\n  \n  ,\n  ""free_emotions"": [""unsettled"", ""reflective""],\n  ""confidence"": 0.000000000000000000005,\n  ""reason"": ""Monica remains unsettled and reflective, indicating ongoing contemplation and processing of the situation.""\n  \n  ,\n  ""free_emotions"": [""reflective"", ""unsettled""],\n  ""confidence"": 0.000000000000000000001,\n  ""reason"": ""Her reflective and unsettled state persists, suggesting she is still deeply engaged in processing the events.""\n  \n  ,\n  ""free_emotions"": [""unsettled"", ""reflective""],\n  ""confidence"": 0.0000000000000000000005,\n  ""reason"": ""Monica's unsettled and reflective demeanor continues, indicating ongoing contemplation and processing of the situation.""\n  \n  ,\n  ""free_emotions"": [""reflective"", ""unsettled""],\n  ""confidence"": 0.0000000000000000000001,\n  ""reason"": ""Her reflective and unsettled state persists, suggesting she is still deeply engaged in thought about the events.""\n  \n  ,\n  ""free_emotions"": [""unsettled"", ""reflective""],\n  ""confidence"": 0.00000000000000000000005,\n  ""reason"": ""Monica remains unsettled and reflective, indicating ongoing contemplation and processing of the situation.""\n  \n  ,\n  ""free_emotions"": [""reflective"", ""unsettled""],\n  ""confidence"": 0.00000000000000000000001,\n  ""reason"": ""Her reflective and unsettled state persists, suggesting she is still deeply engaged in processing the events.""\n  \n  ,\n  ""free_emotions"": [""unsettled"", ""reflective""],\n  ""confidence"": 0.000000000000000000000005,\n  ""reason"": ""Monica's unsettled and reflective demeanor continues, indicating ongoing contemplation and processing of the situation.""\n  \n  ,\n  ""free_emotions"": [""reflective"", ""unsettled""],\n  ""confidence"": 0.000000000000000000000001,\n  ""reason"": ""Her reflective and unsettled state persists, suggesting she is still deeply engaged in thought about the events.""\n  \n  ,\n  ""free_emotions"": [""unsettled"", ""reflective""],\n  ""confidence"": 0.0000000000000000000000005,\n  ""reason"": ""Monica remains unsettled and reflective, indicating ongoing contemplation and processing of the situation.""\n  \n  ,\n  ""free_emotions"": [""reflective"", ""unsettled""],\n  ""confidence"": 0.0000000000000000000000001,\n  ""reason"": ""Her reflective and unsettled state persists, suggesting she is still deeply engaged in processing the events.""\n  \n  ,\n  ""free_emotions"": [""unsettled"", ""reflective""],\n  ""confidence"": 0.00000000000000000000000005,\n  ""reason"": ""Monica's unsettled and reflective demeanor continues, indicating ongoing contemplation and processing of the situation.""\n  \n  ,\n  ""free_emotions"": [""reflective"", ""unsettled""],\n  ""confidence"": 0.00000000000000000000000001,\n  ""reason"": ""Her reflective and unsettled state persists, suggesting she is still deeply engaged in thought about the events.""\n  \n  ,\n  ""free_emotions"": [""unsettled"", ""reflective""],\n  ""confidence"": 0.000000000000000000000000005,\n  ""reason"": ""Monica remains unsettled and reflective, indicating ongoing contemplation and processing of the situation.""\n  \n  ,\n  ""free_emotions"": [""reflective"", ""unsettled""],\n  ""confidence"": 0.000000000000000000000000001,\n  ""reason"": ""Her reflective and unsettled state persists, suggesting she is still deeply engaged in processing the events.""\n  \n  ,\n  ""free_emotions"": [""unsettled"", ""reflective""],\n  ""confidence"": 0.0000000000000000000000000005,\n  ""reason"": ""Monica's unsettled and reflective demeanor continues, indicating ongoing contemplation and processing of the situation.""\n  \n  ,\n  ""free_emotions"": [""reflective"", ""unsettled""],\n  ""confidence"": 0.0000000000000000000000000001,\n  ""reason"": ""Her reflective and unsettled state persists, suggesting she is still deeply engaged in thought about the events.""\n  \n  ,\n  ""free_emotions"": [""unsettled"", ""reflective""],\n  ""confidence"": 0.00000000000000000000000000005,\n  ""reason"": ""Monica remains unsettled and reflective, indicating ongoing contemplation and processing of the situation.""\n  \n  ,\n  ""free_emotions"": [""reflective"", ""unsettled""],\n  ""confidence"": 0.00000000000000000000000000001,\n  ""reason"": ""Her reflective and unsettled state persists, suggesting she is still deeply engaged in processing the events.""\n  \n  ,\n  ""free_emotions"": [""unsettled"", ""reflective""],\n  ""confidence"": 0.000000000000000000000000000005,\n  ""reason"": ""Monica's unsettled and reflective demeanor continues, indicating ongoing contemplation and processing of the situation.""\n  \n  ,\n  ""free_emotions"": [""reflective"", ""unsettled""],\n  ""confidence"": 0.000000000000000000000000000001,\n  ""reason"": ""Her reflective and unsettled state persists, suggesting she is still deeply engaged in thought about the events.""\n  \n  ,\n  ""free_emotions"": [""unsettled"", ""reflective""],\n  ""confidence"": 0.0000000000000000000000000000005,\n  ""reason"": ""Monica remains unsettled and reflective, indicating ongoing contemplation and processing of the situation.""\n  \n  ,\n  ""free_emotions"": [""reflective"", ""unsettled""],\n  ""confidence"": 0.0000000000000000000000000000001,\n  ""reason"": ""Her reflective and unsettled state persists, suggesting she is still deeply engaged in processing the events.""\n  \n  ,\n  ""free_emotions"": [""unsettled"", ""reflective""],\n  ""confidence"": 0.00000000000000000000000000000005,\n  ""reason"": ""Monica's unsettled and reflective demeanor continues, indicating ongoing contemplation and processing of the situation.""\n  \n  ,\n  ""free_emotions"": [""reflective"", ""unsettled""],\n  ""confidence"": 0.00000000000000000000000000000001,\n  ""reason"": ""Her reflective and unsettled state persists, suggesting she is still deeply engaged in thought about the events.""\n  \n  ,\n  ""free_emotions"": [""unsettled"", ""reflective""],\n  ""confidence"": 0.000000000000000000000000000000005,\n  ""reason"": ""Monica remains unsettled and reflective, indicating ongoing contemplation and processing of the situation.""\n  \n  ,\n  ""free_emotions"": [""reflective"", ""unsettled""],\n  ""confidence"": 0.000000000000000000000000000000001,\n  ""reason"": ""Her reflective and unsettled state persists, suggesting she is still deeply engaged in processing the events.""\n  \n  ,\n  ""free_emotions"": [""unsettled"", ""reflective""],\n  ""confidence"": 0.0000000000000000000000000000000005,\n  ""reason"": ""Monica's unsettled and reflective demeanor continues, indicating ongoing contemplation and processing of the situation.""\n  \n  ,\n  ""free_emotions"": [""reflective"", ""unsettled""],\n  ""confidence"": 0.0000000000000000000000000000000001,\n  ""reason"": ""Her reflective and unsettled state persists, suggesting she is still deeply engaged in thought about the events.""\n  \n  ,\n  ""free_emotions"": [""unsettled"", ""reflective""],\n  ""confidence"": 0.00000000000000000000000000000000005,\n  ""reason"": ""Monica remains unsettled and reflective, indicating ongoing contemplation and processing of the situation.""\n  \n  ,\n  ""free_emotions"": [""reflective"", ""unsettled""],\n  ""confidence"": 0.00000000000000000000000000000000001,\n  ""reason"": ""Her reflective and unsettled state persists, suggesting she is still deeply engaged in processing the events.""\n  \n  ,\n  ""free_emotions"": [""unsettled"", ""reflective""],\n  ""confidence"": 0.000000000000000000000000000000000005,\n  ""reason"": ""Monica's unsettled and reflective demeanor continues, indicating ongoing contemplation and processing of the situation.""\n  \n  ,\n  ""free_emotions"": [""reflective"", ""unsettled""],\n  ""confidence"": 0.000000000000000000000000000000000001,\n  ""reason"": ""Her reflective and unsettled state persists, suggesting she is still deeply engaged in thought about the events.""\n  \n  ,\n  ""free_emotions"": [""unsettled"", ""reflective""],\n  ""confidence"": 0.0000000000000000000000000000000000005,\n  ""reason"": ""Monica remains unsettled and reflective, indicating ongoing contemplation and processing of the situation.""\n  \n  ,\n  ""free_emotions"": [""reflective"", ""unsettled""],\n  ""confidence"": 0.0000000000000000000000000000000000001,\n  ""reason"": ""Her reflective and unsettled state persists, suggesting she is still deeply engaged in processing the events.""\n  \n  ,\n  ""free_emotions"": [""unsettled"", ""reflective""],\n  ""confidence"": 0.00000000000000000000000000000000000005,\n  ""reason"": ""Monica's unsettled and reflective demeanor continues, indicating ongoing contemplation and processing of the situation.""\n  \n  ,\n  ""free_emotions"": [""reflective"", ""unsettled""],\n  ""confidence"": 0.00000000000000000000000000000000000001,\n  ""reason"": ""Her reflective and unsettled state persists, suggesting she is still deeply engaged in thought about the events.""\n  \n  ,\n  ""free_emotions"": [""unsettled"", ""reflective""],\n  ""confidence"": 0.000000000000000000000000000000000000005,\n  ""reason"": ""Monica remains unsettled and reflective, indicating ongoing contemplation and processing of the situation.""\n  \n  ,\n  ""free_emotions"": [""reflective"", ""unsettled""],\n  ""confidence"": 0.000000000000000000000000000000000000001,\n  ""reason"": ""Her reflective and unsettled state persists, suggesting she is still deeply engaged in processing the events.""\n  \n  ,\n  ""free_emotions"": [""unsettled"", ""reflective""],\n  ""confidence"": 0.0000000000000000000000000000000000000005,\n  ""reason"": ""Monica's unsettled and reflective demeanor continues, indicating ongoing contemplation and processing of the situation.""\n  \n  ,\n  ""free_emotions"": [""reflective"", ""unsettled""],\n  ""confidence"": 0.0000000000000000000000000000000000000001,\n  ""reason"": ""Her reflective and unsettled state persists, suggesting she is still deeply engaged in thought about the events.""\n  \n  ,\n  ""free_emotions"": [""unsettled"", ""reflective""],\n  ""confidence"": 0.00000000000000000000000000000000000000005,\n  ""reason"": ""Monica remains unsettled and reflective, indicating ongoing contemplation and processing of the situation.""\n  \n  ,\n  ""free_emotions"": [""reflective"", ""unsettled""],\n  ""confidence"": 0.00000000000000000000000000000000000000001,\n  ""reason"": ""Her reflective and unsettled state persists, suggesting she is still deeply engaged in processing the events.""\n  \n  ,\n  ""free_emotions"": [""unsettled"", ""reflective""],\n  ""confidence"": 0.000000000000000000000000000000000000000005,\n  ""reason"": ""Monica's unsettled and reflective demeanor continues, indicating ongoing contemplation and processing of the situation.""\n  \n  ,\n  ""free_emotions"": [""reflective"", ""unsettled""],\n  ""confidence"": 0.000000000000000000000000000000000000000001,\n  ""reason"": ""Her reflective and unsettled state persists, suggesting she is still deeply engaged in thought about the events.""\n  \n  ,\n  ""free_emotions"": [""unsettled"", ""reflective""],\n  ""confidence"": 0.0000000000000000000000000000000000000000005,\n  ""reason"": ""Monica remains unsettled and reflective, indicating ongoing contemplation and processing of the situation.""\n  \n  ,\n  ""free_emotions"": [""reflective"", ""unsettled""],\n  ""confidence"": 0.0000000000000000000000000000000000000000001,\n  ""reason"": ""Her reflective and unsettled state persists, suggesting she is still deeply engaged in processing the events.""\n  \n  ,\n  ""free_emotions"": [""unsettled"", ""reflective""],\n  ""confidence"": 0.00000000000000000000000000000000000000000005,\n  ""reason"": ""Monica's unsettled and reflective demeanor continues, indicating ongoing contemplation and processing of the situation.""\n  \n  ,\n  ""free_emotions"": [""reflective"", ""unsettled""],\n  ""confidence"": 0.00000000000000000000000000000000000000000001,\n  ""reason"": ""Her reflective and unsettled state persists, suggesting she is still deeply engaged in thought about the events.""\n  \n  ,\n  ""free_emotions"": [""unsettled"", ""reflective""],\n  ""confidence"": 0.000000000000000000000000000000000000000000005,\n  ""reason"": ""Monica remains unsettled and reflective, indicating ongoing contemplation and processing of the situation.""\n  \n  ,\n  ""free_emotions"": [""reflective"", ""unsettled""],\n  ""confidence"": 0.000000000000000000000000000000000000000000001,\n  ""reason"": ""Her reflective and unsettled state persists, suggesting she is still deeply engaged in processing the events.""\n  \n  ,\n  ""free_emotions"": [""unsettled"", ""reflective""],\n  ""confidence"": 0.0000000000000000000000000000000000000000000005,\n  ""reason"": ""Monica's unsettled and reflective demeanor continues, indicating ongoing contemplation and processing of the situation.""\n  \n  ,\n  ""free_emotions"": [""reflective"", ""unsettled""],\n  ""confidence"": 0.0000000000000000000000000000000000000000000001,\n  ""reason"": ""Her reflective and unsettled state persists, suggesting she is still deeply engaged in thought about the events.""\n  \n  ,\n  ""free_emotions"": [""unsettled"", ""reflective""],\n  ""confidence"": 0.00000000000000000000000000000000000000000000005,\n  ""reason"": ""Monica remains unsettled and reflective, indicating ongoing contemplation and processing of the situation.""\n  \n  ,\n  ""free_emotions"": [""reflective"", ""unsettled""],\n  ""confidence"": 0.00000000000000000000000000000000000000000000001,\n  ""reason"": ""Her reflective and unsettled state persists, suggesting she is still deeply engaged in processing the events.""\n  \n  ,\n  ""free_emotions"": [""unsettled"", ""reflective""],\n  ""confidence"": 0.000000000000000000000000000000000000000000000005,\n  ""reason"": ""Monica's unsettled and reflective demeanor continues, indicating ongoing contemplation and processing of the situation.""\n  \n  ,\n  ""free_emotions"": [""reflective"", ""unsettled""],\n  ""confidence"": 0.000000000000000000000000000000000000000000000001,\n  ""reason"": ""Her reflective and unsettled state persists, suggesting she is still deeply engaged in thought about the events.""\n  \n  ,\n  ""free_emotions"": [""unsettled"", ""reflective""],\n  ""confidence"": 0.0000000000000000000000000000000000000000000000005,\n  ""reason"": ""Monica remains unsettled and reflective, indicating ongoing contemplation and processing of the situation.""\n  \n  ,\n  ""free_emotions"": [""",,,false,,,neutral,default_neutral,0.4,No mappable emotion words found.,false
S0047,185,12,Chandler,F-hah.... flennin....,"Monica: I can't believe he did this. Chandler: Come on, Ross? Remember back in college, when he fell in love with Carol and bought her that ridiculously expensive crystal duck? Rachel: What did you just say?",fear,open_vocab,text + context + image,qwen-vl-plus,open_vocab:S0047:text_plus_context_plus_image,"{\n  ""free_emotions"": [""amused"", ""mocking""],\n  ""confidence"": 0.85,\n  ""reason"": ""Chandler's exaggerated expression and tone suggest he is humorously recounting a story, likely mocking Ross's past actions.""\n}",0.85,"Chandler's exaggerated expression and tone suggest he is humorously recounting a story, likely mocking Ross's past actions.",false,amused|mocking,amused|mocking,joy,hybrid_dictionary_plus_fallback,0.75,Dictionary majority vote over normalized emotion words.,false
S0048,186,0,Gary,I really like waking up with you.,,joy,open_vocab,text + context + image,qwen-vl-plus,open_vocab:S0048:text_plus_context_plus_image,"{\n  ""free_emotions"": [""affection"", ""happiness""],\n  ""confidence"": 0.9,\n  ""reason"": ""The speaker's statement expresses fondness, and the visual context shows a warm, intimate moment between two people, indicating positive emotions.""\n}",0.9,"The speaker's statement expresses fondness, and the visual context shows a warm, intimate moment between two people, indicating positive emotions.",false,affection|happiness,affection|happiness,neutral,heuristic_llm_fallback,0.55,"Unresolved words: affection, happiness; used text-level fallback.",false
S0050,190,3,Chandler,Okay.,"Phoebe: You guys make a Chandler: Thats a mailman! Thats Joey: Yeah, we look great together.",neutral,open_vocab,text + context + image,qwen-vl-plus,open_vocab:S0050:text_plus_context_plus_image,"{\n  ""free_emotions"": [""indifferent"", ""unimpressed""],\n  ""confidence"": 0.85,\n  ""reason"": ""Chandler's short utterance 'Okay' and neutral facial expression suggest a lack of strong emotion, possibly indicating indifference or mild disinterest in the conversation.""\n}",0.85,"Chandler's short utterance 'Okay' and neutral facial expression suggest a lack of strong emotion, possibly indicating indifference or mild disinterest in the conversation.",false,indifferent|unimpressed,indifferent|unimpressed,neutral,hybrid_dictionary_plus_fallback,0.75,Dictionary majority vote over normalized emotion words.,true
S0049,19,13,Susan,Who am I?,Ross: Where does that leave me? Susan: You get to be the baby's father. Susan: Everyone knows who you are.,anger,open_vocab,text + context + image,qwen-vl-plus,open_vocab:S0049:text_plus_context_plus_image,"{\n  ""free_emotions"": [""confusion"", ""uncertainty""],\n  ""confidence"": 0.85,\n  ""reason"": ""Susan's question 'Who am I?' and her expressive gesture suggest she is experiencing confusion and uncertainty about her identity or role.""\n}",0.85,Susan's question 'Who am I?' and her expressive gesture suggest she is experiencing confusion and uncertainty about her identity or role.,false,confusion|uncertainty,confusion|uncertainty,neutral,heuristic_llm_fallback,0.55,"Unresolved words: confusion, uncertainty; used text-level fallback.",false
S0051,195,6,Ross,Isabella Rosselini.,"Ross: Thank you. Monica: Of course not. Isabella: Um, coffee to go, please.",neutral,open_vocab,text + context + image,qwen-vl-plus,open_vocab:S0051:text_plus_context_plus_image,"{\n  ""free_emotions"": [""neutral"", ""casual""],\n  ""confidence"": 0.85,\n  ""reason"": ""Ross's statement 'Isabella Rosselini' appears neutral and casual, fitting the relaxed setting of Central Perk with no strong emotional cues present.""\n}",0.85,"Ross's statement 'Isabella Rosselini' appears neutral and casual, fitting the relaxed setting of Central Perk with no strong emotional cues present.",false,neutral|casual,neutral|casual,neutral,dictionary,0.8500000000000001,Dictionary majority vote over normalized emotion words.,true
S0052,195,11,Rachel,"Oh-oh, you lie.","Monica: Why? Cause otherwise youd go for it? Chandler: Oh well you're the best. You come here to me. Ross: Yeah, maybe.",disgust,open_vocab,text + context + image,qwen-vl-plus,open_vocab:S0052:text_plus_context_plus_image,"{\n  ""free_emotions"": [""suspicious"", ""accusatory""],\n  ""confidence"": 0.85,\n  ""reason"": ""Rachel's tone and facial expression suggest she is questioning someone's honesty, indicating suspicion and accusation.""\n}",0.85,"Rachel's tone and facial expression suggest she is questioning someone's honesty, indicating suspicion and accusation.",false,suspicious|accusatory,suspicious|accusatory,neutral,heuristic_llm_fallback,0.55,"Unresolved words: suspicious, accusatory; used text-level fallback.",false
S0053,2,1,Estelle,Well! Well! Well! Joey Tribbiani! So you came back huh? They,"Joey: Hey Estelle, listen Ross: Okay. Chandler: Hey, Mon.",surprise,open_vocab,text + context + image,qwen-vl-plus,open_vocab:S0053:text_plus_context_plus_image,"{\n  ""free_emotions"": [""surprise"", ""skepticism""],\n  ""confidence"": 0.85,\n  ""reason"": ""Estelle's repeated 'Well!' and direct address to Joey suggest surprise at his return, while her facial expression and tone imply a skeptical or questioning attitude.""\n}",0.85,"Estelle's repeated 'Well!' and direct address to Joey suggest surprise at his return, while her facial expression and tone imply a skeptical or questioning attitude.",false,surprise|skepticism,surprise|skepticism,surprise,hybrid_dictionary_plus_fallback,0.75,Dictionary majority vote over normalized emotion words.,true
S0054,20,2,Phoebe,"Yay!! Oh so, youre not, youre not mad at us anymore?","Monica: Hi, how are you doing Kelly? Joey: It looks like a women's purse. Joey: Oh, unbelievable! We had the best time!",joy,open_vocab,text + context + image,qwen-vl-plus,open_vocab:S0054:text_plus_context_plus_image,"{\n  ""free_emotions"": [""relief"", ""joy""],\n  ""confidence"": 0.85,\n  ""reason"": ""Phoebe's exclamation 'Yay!!' and the question about not being mad anymore suggest relief and joy, likely stemming from a resolution of tension or conflict.""\n\n  	}",0.85,"Phoebe's exclamation 'Yay!!' and the question about not being mad anymore suggest relief and joy, likely stemming from a resolution of tension or conflict.",false,relief|joy,relief|joy,joy,hybrid_dictionary_plus_fallback,0.75,Dictionary majority vote over normalized emotion words.,true
S0056,200,1,Joey,No! He blew us off!,"Joey: I dont get it! Ross: Hey! So uh, was he excited about the tickets?",anger,open_vocab,text + context + image,qwen-vl-plus,open_vocab:S0056:text_plus_context_plus_image,"{\n  ""free_emotions"": [""frustration"", ""disappointment""],\n  ""confidence"": 0.9,\n  ""reason"": ""Joey's emphatic 'No!' and the context of being 'blown off' suggest strong feelings of frustration and disappointment.""\n}",0.9,Joey's emphatic 'No!' and the context of being 'blown off' suggest strong feelings of frustration and disappointment.,false,frustration|disappointment,frustration|disappointment,sadness,hybrid_dictionary_plus_fallback,0.75,Dictionary majority vote over normalized emotion words.,false
S0055,20,4,Rachel,"Oh, y'know Joey, you are sick!","Monica: It's my new perfume. Why don't you come closer where you can Joey: See look, Joey: No!",disgust,open_vocab,text + context + image,qwen-vl-plus,open_vocab:S0055:text_plus_context_plus_image,"{\n  ""free_emotions"": [""disgust"", ""annoyance""],\n  ""confidence"": 0.85,\n  ""reason"": ""Rachel's statement 'you are sick!' and her facial expression suggest she is reacting with disgust or annoyance, likely in response to Joey's behavior or smell.""\n}",0.85,"Rachel's statement 'you are sick!' and her facial expression suggest she is reacting with disgust or annoyance, likely in response to Joey's behavior or smell.",false,disgust|annoyance,disgust|annoyance,neutral,default_neutral,0.4,No mappable emotion words found.,false
S0058,201,4,Ross,"So, Im sorry I just dont think we should go away together yet.","Elizabeth: Oh good. Joey: I got in there myself once. Ross: Look, I  Look, Im having a great time with you and I just dont want us to move to fast or put to much pressure on us.",sadness,open_vocab,text + context + image,qwen-vl-plus,open_vocab:S0058:text_plus_context_plus_image,"{\n  ""free_emotions"": [""apologetic"", ""cautious""],\n  ""confidence"": 0.85,\n  ""reason"": ""Ross's tone and body language in the image suggest he is expressing regret ('I'm sorry') while also being careful not to rush into a decision, as indicated by his statement about not wanting to move too fast.""\n}",0.85,"Ross's tone and body language in the image suggest he is expressing regret ('I'm sorry') while also being careful not to rush into a decision, as indicated by his statement about not wanting to move too fast.",false,apologetic|cautious,apologetic|cautious,joy,heuristic_llm_fallback,0.55,"Unresolved words: apologetic, cautious; used text-level fallback.",false
S0057,201,3,Ross,"Look, I  Look, Im having a great time with you and I just dont want us to move to fast or put to much pressure on us.","Ross: Yeah, it kinda grows on you.  Actually, I wanted to finish talking to you about uh, spring vacation. Joey: Oh yeah! Elizabeth: Oh good.",fear,open_vocab,text + context + image,qwen-vl-plus,open_vocab:S0057:text_plus_context_plus_image,"{\n  ""free_emotions"": [""cautious"", ""honest"", ""thoughtful""],\n  ""confidence"": 0.85,\n  ""reason"": ""Ross expresses a desire to enjoy the moment without rushing, indicating caution and thoughtfulness in his approach to the relationship.""\n}",0.85,"Ross expresses a desire to enjoy the moment without rushing, indicating caution and thoughtfulness in his approach to the relationship.",false,cautious|honest|thoughtful,cautious|honest|thoughtful,joy,heuristic_llm_fallback,0.55,"Unresolved words: cautious, honest, thoughtful; used text-level fallback.",false
S0060,206,7,Ross,"I got it! Hey, you get to sleep with her, I get the cramps.","Carol: Ow, ow, ow, ow, leg cramp, leg cramp, leg cramp. Ross: I got it. Susan: I got it.",anger,open_vocab,text + context + image,qwen-vl-plus,open_vocab:S0060:text_plus_context_plus_image,"{\n  ""free_emotions"": [""playful"", ""teasing""],\n  ""confidence"": 0.9,\n  ""reason"": ""Ross's tone and body language suggest he is engaging in a light-hearted, teasing manner, likely responding to Carol's leg cramp with humor.""\n}",0.9,"Ross's tone and body language suggest he is engaging in a light-hearted, teasing manner, likely responding to Carol's leg cramp with humor.",false,playful|teasing,playful|teasing,neutral,heuristic_llm_fallback,0.55,"Unresolved words: playful, teasing; used text-level fallback.",false
S0059,205,3,Monica,Oh my God. You guys! You gotta come see this! There's some creep out there with a telescope!,"Rachel: So, um, will you bring the truck? Ross: I don't know, you don't wanna mess with corn nuts. They're craaazy. Fireman No. 3: I'll even let you ring the bell.",fear,open_vocab,text + context + image,qwen-vl-plus,open_vocab:S0059:text_plus_context_plus_image,"{\n  ""free_emotions"": [""surprise"", ""alarm""],\n  ""confidence"": 0.85,\n  ""reason"": ""Monica's exclamation 'Oh my God' and urgent tone suggest surprise and alarm, likely due to seeing something unexpected or potentially threatening through the window.""\n}",0.85,"Monica's exclamation 'Oh my God' and urgent tone suggest surprise and alarm, likely due to seeing something unexpected or potentially threatening through the window.",false,surprise|alarm,surprise|alarm,surprise,hybrid_dictionary_plus_fallback,0.75,Dictionary majority vote over normalized emotion words.,false
S0062,212,6,Janice,"On no! No! Its not good-bye, Im not leaving until you get on that plane.","Phoebe: Was it not pain-free? Chandler: Well, were really not that close.  Okay, so I guess this is uh, good-bye then. Monica: No. It was painful. Oh my God , they should call it Pain-zine, now with a little wax.",sadness,open_vocab,text + context + image,qwen-vl-plus,open_vocab:S0062:text_plus_context_plus_image,"{\n  ""free_emotions"": [""desperation"", ""pleading""],\n  ""confidence"": 0.9,\n  ""reason"": ""Janice's tone and facial expression convey urgency and a strong desire to prevent Chandler from leaving, indicating desperation and pleading.""\n}",0.9,"Janice's tone and facial expression convey urgency and a strong desire to prevent Chandler from leaving, indicating desperation and pleading.",false,desperation|pleading,desperation|pleading,surprise,heuristic_llm_fallback,0.55,"Unresolved words: desperation, pleading; used text-level fallback.",false
S0061,211,6,Mrs. Geller,You dont know how that happened?! Your dog thought my diaphragm was a chew toy!,"Joey: Whoa-whoa-whoa-whoa, I-IHey! I did The Dry Cleaner: Thats my wife!!! Get out! Mr. Geller: Well, Id gotten Judy pregnant. I still dont know how that happened.",disgust,open_vocab,text + context + image,qwen-vl-plus,open_vocab:S0061:text_plus_context_plus_image,"{\n  ""free_emotions"": [""frustration"", ""anger""],\n  ""confidence"": 0.85,\n  ""reason"": ""Mrs. Geller's facial expression and tone suggest frustration and anger, likely due to the unexpected damage caused by her dog.""\n}",0.85,"Mrs. Geller's facial expression and tone suggest frustration and anger, likely due to the unexpected damage caused by her dog.",false,frustration|anger,frustration|anger,anger,hybrid_dictionary_plus_fallback,0.75,Dictionary majority vote over normalized emotion words.,false
S0064,217,1,Ross,Why are we in bed together?,Rachel: Ohhh! Joey: Whatever.,surprise,open_vocab,text + context + image,qwen-vl-plus,open_vocab:S0064:text_plus_context_plus_image,"{\n  ""free_emotions"": [""confusion"", ""surprise""],\n  ""confidence"": 0.85,\n  ""reason"": ""Ross's facial expression and the question 'Why are we in bed together?' indicate he is confused and surprised by the situation.""\n}",0.85,Ross's facial expression and the question 'Why are we in bed together?' indicate he is confused and surprised by the situation.,false,confusion|surprise,confusion|surprise,surprise,hybrid_dictionary_plus_fallback,0.75,Dictionary majority vote over normalized emotion words.,true
S0063,215,7,David,I-I do though.,"Phoebe: Thats good. I got to admit, I thought it was something else. David: Yeah, I Well I really actually wanted to say umm, that, but um, I figured I probably shouldnt because yknow, Ihave to leave. Phoebe: Youre right! Youre right. Dont say it.",sadness,open_vocab,text + context + image,qwen-vl-plus,open_vocab:S0063:text_plus_context_plus_image,"{\n  ""free_emotions"": [""hesitant"", ""apologetic""],\n  ""confidence"": 0.85,\n  ""reason"": ""David's stammering ('I-I do though') and the context of him reconsidering what he wanted to say indicate hesitation and a sense of apology.""\n}",0.85,David's stammering ('I-I do though') and the context of him reconsidering what he wanted to say indicate hesitation and a sense of apology.,false,hesitant|apologetic,hesitant|apologetic,neutral,heuristic_llm_fallback,0.55,"Unresolved words: hesitant, apologetic; used text-level fallback.",false
S0065,219,4,Joey,"And it came out, ""Squatternut buash?""","Joey: Hey, I wasn't the only one who looked like an idiot. Joey: All right? Joey: Remember when Ross tried to say, ""Butternut squash?""",joy,open_vocab,text + context + image,qwen-vl-plus,open_vocab:S0065:text_plus_context_plus_image,"{\n  ""free_emotions"": [""amused"", ""playful""],\n  ""confidence"": 0.9,\n  ""reason"": ""Joey's expression and gesture suggest he is humorously recalling a past event, likely finding it amusing and engaging in playful banter.""\n}",0.9,"Joey's expression and gesture suggest he is humorously recalling a past event, likely finding it amusing and engaging in playful banter.",false,amused|playful,amused|playful,joy,hybrid_dictionary_plus_fallback,0.75,Dictionary majority vote over normalized emotion words.,true
S0066,22,9,Monica,Chandler that's crazy!,"Monica: Why, exactly? Ross: My first time with Carol was... Chandler: Because of the weekend, we had a fight.",surprise,open_vocab,text + context + image,qwen-vl-plus,open_vocab:S0066:text_plus_context_plus_image,"{\n  ""free_emotions"": [""surprise"", ""amusement""],\n  ""confidence"": 0.85,\n  ""reason"": ""Monica's wide eyes and open-mouthed expression suggest surprise, while her smile indicates amusement at Chandler's comment.""\n}",0.85,"Monica's wide eyes and open-mouthed expression suggest surprise, while her smile indicates amusement at Chandler's comment.",false,surprise|amusement,surprise|amusement,neutral,default_neutral,0.4,No mappable emotion words found.,false
S0068,226,18,Rachel,"Yeah, yeah, you go talk to your friend. You tell him, ""Nice try.""","Tom: I'm sorry? Rachel: No, it's all right, you can just drop the act Tommy. Tom: I'm gonna go talk to uh, a friend.",disgust,open_vocab,text + context + image,qwen-vl-plus,open_vocab:S0068:text_plus_context_plus_image,"{\n  ""free_emotions"": [""skepticism"", ""disapproval""],\n  ""confidence"": 0.85,\n  ""reason"": ""Rachel's facial expression and tone suggest she is skeptical of Tom's actions and disapproves of his attempt to deceive her.""\n  ,\n  ""reason"": ""Rachel's facial expression and tone suggest she is skeptical of Tom's actions and disapproves of his attempt to deceive her.""\n  ,\n  ""reason"": ""Rachel's facial expression and tone suggest she is skeptical of Tom's actions and disapproves of his attempt to deceive her.""\n  ,\n  ""reason"": ""Rachel's facial expression and tone suggest she is skeptical of Tom's actions and disapproves of his attempt to deceive her.""\n  ,\n  ""reason"": ""Rachel's facial expression and tone suggest she is skeptical of Tom's actions and disapproves of his attempt to deceive her.""\n  ,\n  ""reason"": ""Rachel's facial expression and tone suggest she is skeptical of Tom's actions and disapproves of his attempt",,,false,,,neutral,default_neutral,0.4,No mappable emotion words found.,false
S0067,222,5,Rachel,I got my hair coloured!,"Doug: Hi. So good news, the divorce is final. I signed the papers this A.M. Rachel: Ive been waiting for this for months! Chandler: I didnt know you and Carol were getting divorced, Im sorry.",joy,open_vocab,text + context + image,qwen-vl-plus,open_vocab:S0067:text_plus_context_plus_image,"{\n  ""free_emotions"": [""excited"", ""happy""],\n  ""confidence"": 0.9,\n  ""reason"": ""Rachel's wide smile and animated hand gestures convey excitement and happiness, likely in response to sharing her new hair color.""\n}",0.9,"Rachel's wide smile and animated hand gestures convey excitement and happiness, likely in response to sharing her new hair color.",false,excited|happy,excited|happy,joy,dictionary,0.8500000000000001,Dictionary majority vote over normalized emotion words.,true
S0070,23,2,Ross,"My marriage, I think my marriage is um, is kinda over.","Phoebe: Oh, its already closed, Chris gave me the keys to lock up-what is wrong? Danny: So you like the short hair better. Chandler: Okay! You dont think I thought of that?",sadness,open_vocab,text + context + image,qwen-vl-plus,open_vocab:S0070:text_plus_context_plus_image,"{\n  ""free_emotions"": [""sadness"", ""concern""],\n  ""confidence"": 0.85,\n  ""reason"": ""Ross's statement about his marriage being 'kinda over' indicates emotional distress and concern, supported by his somber facial expression in the visual frames.""\n}",0.85,"Ross's statement about his marriage being 'kinda over' indicates emotional distress and concern, supported by his somber facial expression in the visual frames.",false,sadness|concern,sadness|concern,sadness,hybrid_dictionary_plus_fallback,0.75,Dictionary majority vote over normalized emotion words.,true
S0069,228,1,Joey,"Look, Pheebs, I just, I wanna apologize for, for saying that your method was stupid and-and maybe ask you to be my teacher again.","Gunther: Remind me to review with you which pot is decaf and which is regular. Phoebe: No, I can't talk to you! I don't have a fancy ad in the Yellow Pages!",sadness,open_vocab,text + context + image,qwen-vl-plus,open_vocab:S0069:text_plus_context_plus_image,"{\n  ""free_emotions"": [""apologetic"", ""hopeful""],\n  ""confidence"": 0.85,\n  ""reason"": ""Joey's tone and body language suggest he is sincerely apologizing and expressing hope to reconcile with Phoebe.""\n}",0.85,Joey's tone and body language suggest he is sincerely apologizing and expressing hope to reconcile with Phoebe.,false,apologetic|hopeful,apologetic|hopeful,anger,heuristic_llm_fallback,0.55,"Unresolved words: apologetic, hopeful; used text-level fallback.",false
S0072,232,7,Monica,I might've said that.  Why is that funny?,"Monica: Ok, hypothetically, why won't I be married when I'm 40? Chandler: Really?! That's what you heard?  You said that? Chandler: No, no, no.",neutral,open_vocab,text + context + image,qwen-vl-plus,open_vocab:S0072:text_plus_context_plus_image,"{\n  ""free_emotions"": [""confusion"", ""curiosity""],\n  ""confidence"": 0.85,\n  ""reason"": ""Monica's facial expression and tone suggest she is puzzled by Chandler's reaction, indicating both confusion about his response and curiosity about why he finds it amusing.""\n}",0.85,"Monica's facial expression and tone suggest she is puzzled by Chandler's reaction, indicating both confusion about his response and curiosity about why he finds it amusing.",false,confusion|curiosity,confusion|curiosity,neutral,heuristic_llm_fallback,0.55,"Unresolved words: confusion, curiosity; used text-level fallback.",true
S0071,231,1,Chandler,"See, yes.","Chandler: I know. Ross: Okay, thats a fire. Oh yeah. Oh yeah.",neutral,open_vocab,text + context + image,qwen-vl-plus,open_vocab:S0071:text_plus_context_plus_image,"{\n  ""free_emotions"": [""acknowledgment"", ""casualness""],\n  ""confidence"": 0.85,\n  ""reason"": ""Chandler's short utterance 'See, yes.' suggests a brief acknowledgment of something previously mentioned, likely in response to Ross's comment about the fire. The tone appears casual and nonchalant.""\n\n  \n  \n\n  \n  \n\n  \n  \n\n  \n  \n\n  \n  \n\n  \n  \n\n  \n  \n\n  \n  \n\n  \n  \n\n  \n  \n\n  \n  \n\n  \n  \n\n  \n  \n\n  \n  \n\n  \n  \n\n  \n  \n\n  \n  \n\n  \n  \n\n  \n  \n\n  \n  \n\n  \n  \n\n  \n  \n\n  \n  \n\n  \n  \n\n  \n  \n\n  \n  \n\n  \n  \n\n  \n  \n\n  \n  \n\n  \n  \n\n  \n  \n\n  \n  \n\n  \n  \n\n  \n  \n\n  \n  \n\n  \n  \n\n  \n  \n\n  \n  \n\n  \n  \n\n  \n  \n\n  \n  \n\n  \n  \n\n  \n  \n\n  \n  \n\n  \n  \n\n",,,false,,,neutral,default_neutral,0.4,No mappable emotion words found.,true
S0074,234,6,Chandler,Stop making candy!,"Monica: Its unbelievable! I-I cant believe that sign didnt work! Tommy: You were gonna spill hot coffee all over me, huh?!! Chandler: Yknow what would work?",anger,open_vocab,text + context + image,qwen-vl-plus,open_vocab:S0074:text_plus_context_plus_image,"{\n  ""free_emotions"": [""annoyed"", ""frustrated""],\n  ""confidence"": 0.85,\n  ""reason"": ""Chandler's facial expression and tone suggest irritation, likely due to the ongoing situation involving candy and previous events.""\n}",0.85,"Chandler's facial expression and tone suggest irritation, likely due to the ongoing situation involving candy and previous events.",false,annoyed|frustrated,annoyed|frustrated,anger,dictionary,0.8500000000000001,Dictionary majority vote over normalized emotion words.,true
S0073,233,6,Phoebe,"We did have fun, didn't we?","Rachel: It wouldn't have mattered anyway, Phoebe, you and I are, are gonna live together, we're roommates; that's the deal. Phoebe: Yes, but I wanted you to want to live with me, but okay, if you're having so much fun over here Rachel: Oh, it's so much more fun with you.",joy,open_vocab,text + context + image,qwen-vl-plus,open_vocab:S0073:text_plus_context_plus_image,"{\n  ""free_emotions"": [""affection"", ""contentment""],\n  ""confidence"": 0.85,\n  ""reason"": ""Phoebe's warm smile and relaxed body language, combined with her reflective tone about shared experiences, suggest feelings of affection and contentment.""\n}",0.85,"Phoebe's warm smile and relaxed body language, combined with her reflective tone about shared experiences, suggest feelings of affection and contentment.",false,affection|contentment,affection|contentment,neutral,heuristic_llm_fallback,0.55,"Unresolved words: affection, contentment; used text-level fallback.",false
S0075,234,9,Monica,"Umm, going to the beach. When it stays light real late.",Tommy: Huh? Rachel: Whats your favourite thing about summertime? Chandler: You mean they like you.,neutral,open_vocab,text + context + image,qwen-vl-plus,open_vocab:S0075:text_plus_context_plus_image,"{\n  ""free_emotions"": [""nostalgic"", ""reflective""],\n  ""confidence"": 0.85,\n  ""reason"": ""Monica's mention of the beach and late light suggests a reflective mood, possibly evoking nostalgia for summer experiences.""\n}",0.85,"Monica's mention of the beach and late light suggests a reflective mood, possibly evoking nostalgia for summer experiences.",false,nostalgic|reflective,nostalgic|reflective,neutral,heuristic_llm_fallback,0.55,"Unresolved words: nostalgic, reflective; used text-level fallback.",true
S0076,235,4,Monica,What? We could do it!,"Rachel: Uh, wait, so you guys are telling me you actually did the routine from eighth grade? Monica: Yeah. But of course we had to update it a little bit.  Hey, by the way, great thinking about catching me! Rachel: Cos I was gonna say theres no way you couldve done the end the way you guys did it back then!",surprise,open_vocab,text + context + image,qwen-vl-plus,open_vocab:S0076:text_plus_context_plus_image,"{\n  ""free_emotions"": [""surprise"", ""excitement""],\n  ""confidence"": 0.85,\n  ""reason"": ""Monica's exclamation 'What? We could do it!' indicates surprise and excitement, likely in response to Rachel's comment about their past performance.""\n}",0.85,"Monica's exclamation 'What? We could do it!' indicates surprise and excitement, likely in response to Rachel's comment about their past performance.",false,surprise|excitement,surprise|excitement,neutral,default_neutral,0.4,No mappable emotion words found.,false
S0077,237,5,Chandler,"Eight and a half hours of aptitude tests, intelligence tests, personality tests... and what do I learn?","Monica: And y'know what, I get excited about stupid stuff, like when I my Rachel: My God! What happened to you? Julio: Whoa, whoa, whoa.",disgust,open_vocab,text + context + image,qwen-vl-plus,open_vocab:S0077:text_plus_context_plus_image,"{\n  ""free_emotions"": [""frustration"", ""exhaustion""],\n  ""confidence"": 0.85,\n  ""reason"": ""Chandler's expression and body language, combined with his mention of extensive testing, suggest he is feeling frustrated and exhausted from the experience.""\n}",0.85,"Chandler's expression and body language, combined with his mention of extensive testing, suggest he is feeling frustrated and exhausted from the experience.",false,frustration|exhaustion,frustration|exhaustion,neutral,heuristic_llm_fallback,0.55,"Unresolved words: frustration, exhaustion; used text-level fallback.",false
S0078,241,13,Joey,"Why would you ruin it, who was that hurtin'?","Joey: Oh, ain't that nice? The three of you trying on slutty lingerie together. Woman: Really?! Rachel: That's not what we're gonna do!",disgust,open_vocab,text + context + image,qwen-vl-plus,open_vocab:S0078:text_plus_context_plus_image,"{\n  ""free_emotions"": [""confusion"", ""disapproval""],\n  ""confidence"": 0.85,\n  ""reason"": ""Joey's facial expression and tone suggest he is confused by the situation and disapproving of the idea being discussed.""\n}",0.85,Joey's facial expression and tone suggest he is confused by the situation and disapproving of the idea being discussed.,false,confusion|disapproval,confusion|disapproval,neutral,heuristic_llm_fallback,0.55,"Unresolved words: confusion, disapproval; used text-level fallback.",false
S0079,244,6,Chandler,"Well lets see, there was the guy with the ferrets, thats plural.","Rachel: What did, what did he say? Phoebe: Why, nobody good? Ross: Basically he told me to get over myself and just do it, ya know.",disgust,open_vocab,text + context + image,qwen-vl-plus,open_vocab:S0079:text_plus_context_plus_image,"{\n  ""free_emotions"": [""thoughtful"", ""reflective""],\n  ""confidence"": 0.85,\n  ""reason"": ""Chandler appears to be recalling a specific memory, indicated by his focused expression and the context of mentioning 'the guy with the ferrets,' suggesting a reflective tone.""\n}",0.85,"Chandler appears to be recalling a specific memory, indicated by his focused expression and the context of mentioning 'the guy with the ferrets,' suggesting a reflective tone.",false,thoughtful|reflective,thoughtful|reflective,neutral,heuristic_llm_fallback,0.55,"Unresolved words: thoughtful, reflective; used text-level fallback.",false
S0080,250,0,Leslie,"Well, I y'know, I was just, umm, I was just thinking and hoping, that umm, maybe youd want to get back together?",,fear,open_vocab,text + context + image,qwen-vl-plus,open_vocab:S0080:text_plus_context_plus_image,"{\n  ""free_emotions"": [""hopeful"", ""nervous""],\n  ""confidence"": 0.75,\n  ""reason"": ""The speaker expresses a desire to reconnect, indicating hopefulness, while the hesitant tone and filler words suggest nervousness.""\n}",0.75,"The speaker expresses a desire to reconnect, indicating hopefulness, while the hesitant tone and filler words suggest nervousness.",false,hopeful|nervous,hopeful|nervous,fear,hybrid_dictionary_plus_fallback,0.75,Dictionary majority vote over normalized emotion words.,true
S0081,252,7,Ross,"Well I, I don't know. Why?","Ross: No-no, he's, he's very docile. Ross: Does it?! Dr. Baldhara: Even if he were... cornered?",neutral,open_vocab,text + context + image,qwen-vl-plus,open_vocab:S0081:text_plus_context_plus_image,"{\n  ""free_emotions"": [""confusion"", ""uncertainty""],\n  ""confidence"": 0.85,\n  ""reason"": ""Ross's facial expression and body language, combined with his hesitant tone and the question 'Why?', suggest he is feeling confused and uncertain about the situation.""\n}",0.85,"Ross's facial expression and body language, combined with his hesitant tone and the question 'Why?', suggest he is feeling confused and uncertain about the situation.",false,confusion|uncertainty,confusion|uncertainty,neutral,heuristic_llm_fallback,0.55,"Unresolved words: confusion, uncertainty; used text-level fallback.",true
S0082,254,3,Ross,What are you doing? We're going to a hospital.,"Monica: No, no! Give it to me! Ross: Yeah, save it for the cab, okay. Phoebe: You can't have it.",surprise,open_vocab,text + context + image,qwen-vl-plus,open_vocab:S0082:text_plus_context_plus_image,"{\n  ""free_emotions"": [""curious"", ""urgent""],\n  ""confidence"": 0.85,\n  ""reason"": ""Ross's question 'What are you doing?' indicates curiosity, while the context of going to a hospital suggests urgency.""\n}",0.85,"Ross's question 'What are you doing?' indicates curiosity, while the context of going to a hospital suggests urgency.",false,curious|urgent,curious|urgent,neutral,heuristic_llm_fallback,0.55,"Unresolved words: curious, urgent; used text-level fallback.",false
S0083,256,5,Ross,"Because with seahorses its the male, they carry the babies.","Rachel: You. Like you havent done enough. Ross: Look, I-I know how miserable you are, I wish there was something I can do. Ross: I mean I wish I were a seahorse.",neutral,open_vocab,text + context + image,qwen-vl-plus,open_vocab:S0083:text_plus_context_plus_image,"{\n  ""free_emotions"": [""reflective"", ""explanatory""],\n  ""confidence"": 0.85,\n  ""reason"": ""Ross is explaining a concept about seahorses, indicating a reflective and explanatory tone.""\n}",0.85,"Ross is explaining a concept about seahorses, indicating a reflective and explanatory tone.",false,reflective|explanatory,reflective|explanatory,neutral,heuristic_llm_fallback,0.55,"Unresolved words: reflective, explanatory; used text-level fallback.",true
S0084,257,2,Rachel,I cant watch!,"Joey: All right, I know! I know. Yeah, itll be okay. Chandler: You know it? Rachel: Oh my God.Whats he gonna do now?",fear,open_vocab,text + context + image,qwen-vl-plus,open_vocab:S0084:text_plus_context_plus_image,"{\n  ""free_emotions"": [""distressed"", ""shocked""],\n  ""confidence"": 0.9,\n  ""reason"": ""Rachel's body language and facial expression convey distress and shock, likely in response to the situation being discussed in the conversation context.""\n}",0.9,"Rachel's body language and facial expression convey distress and shock, likely in response to the situation being discussed in the conversation context.",false,distressed|shocked,distressed|shocked,surprise,hybrid_dictionary_plus_fallback,0.75,Dictionary majority vote over normalized emotion words.,false
S0085,257,4,Rachel,"Seriously, how can you watch this?","Rachel: I cant watch! Chandler: Oh, sure, they love us over there. Rachel: Oh.",sadness,open_vocab,text + context + image,qwen-vl-plus,open_vocab:S0085:text_plus_context_plus_image,"{\n  ""free_emotions"": [""disgust"", ""frustration""],\n  ""confidence"": 0.85,\n  ""reason"": ""Rachel's expression and body language in the image show signs of discomfort and distress, likely due to something she is watching or discussing. Her hand on her face and wide eyes suggest a strong negative reaction.""\n}",0.85,"Rachel's expression and body language in the image show signs of discomfort and distress, likely due to something she is watching or discussing. Her hand on her face and wide eyes suggest a strong negative reaction.",false,disgust|frustration,disgust|frustration,disgust,hybrid_dictionary_plus_fallback,0.75,Dictionary majority vote over normalized emotion words.,false
S0086,260,3,Phoebe,"Yeah, she clamed she had to go out of town suddenly.","Phoebe: She cancelled! My namesake cancelled on me! Rachel: Even when I found outumm, all right, well let's just say I found something out something about someone and let's just say she's gonna keep it. Joey: What?!",sadness,open_vocab,text + context + image,qwen-vl-plus,open_vocab:S0086:text_plus_context_plus_image,"{\n  ""free_emotions"": [""disappointment"", ""frustration""],\n  ""confidence"": 0.85,\n  ""reason"": ""Phoebe expresses that her namesake cancelled on her, indicating she feels let down and frustrated by the unexpected change in plans.""\n}",0.85,"Phoebe expresses that her namesake cancelled on her, indicating she feels let down and frustrated by the unexpected change in plans.",false,disappointment|frustration,disappointment|frustration,sadness,hybrid_dictionary_plus_fallback,0.75,Dictionary majority vote over normalized emotion words.,true
S0088,265,0,Ross,"But we haven't seen each other since then. Well I land in China, guess who's in charge of the dig.",,surprise,open_vocab,text + context + image,qwen-vl-plus,open_vocab:S0088:text_plus_context_plus_image,"{\n  ""free_emotions"": [""surprise"", ""curiosity""],\n  ""confidence"": 0.85,\n  ""reason"": ""Ross's wide eyes and open hand gesture suggest surprise, while his tone implies curiosity about the unexpected situation.""\n}",0.85,"Ross's wide eyes and open hand gesture suggest surprise, while his tone implies curiosity about the unexpected situation.",false,surprise|curiosity,surprise|curiosity,surprise,hybrid_dictionary_plus_fallback,0.75,Dictionary majority vote over normalized emotion words.,true
S0087,263,1,Monica,"Really?  My God, hes really cute.",Ross: Hi. Phoebe: Oh my God! That guy at the counter is totally checking you out!,surprise,open_vocab,text + context + image,qwen-vl-plus,open_vocab:S0087:text_plus_context_plus_image,"{\n  ""free_emotions"": [""surprise"", ""admiration""],\n  ""confidence"": 0.85,\n  ""reason"": ""Monica's expression and tone suggest surprise at the situation, combined with admiration for the person being described.""\n}",0.85,"Monica's expression and tone suggest surprise at the situation, combined with admiration for the person being described.",false,surprise|admiration,surprise|admiration,surprise,hybrid_dictionary_plus_fallback,0.75,Dictionary majority vote over normalized emotion words.,true
S0089,267,9,Director,Have fun.,"Director: Aw come on Joey, it's easy. Director: Y'know, it's hand, hand, head, head,  up, pas de bouree, pas de bouree, big turn here, grand sissone, sissone, sissone, slide back, step, step, step, and jazz hands! Joey: It's ah, step-ity, step and jazz hands.",neutral,open_vocab,text + context + image,qwen-vl-plus,open_vocab:S0089:text_plus_context_plus_image,"{\n  ""free_emotions"": [""encouraging"", ""supportive""],\n  ""confidence"": 0.9,\n  ""reason"": ""The director's tone and body language in the image suggest they are encouraging and supportive, likely aiming to motivate Joey during the dance instruction.""\n}",0.9,"The director's tone and body language in the image suggest they are encouraging and supportive, likely aiming to motivate Joey during the dance instruction.",false,encouraging|supportive,encouraging|supportive,neutral,heuristic_llm_fallback,0.55,"Unresolved words: encouraging, supportive; used text-level fallback.",true
S0090,27,6,Monica,"Phoebe, come on, you have to tell us.","Chandler: Why not? Phoebe: I cant say because hes famous. Rachel: Oh my God, who is it?!",anger,open_vocab,text + context + image,qwen-vl-plus,open_vocab:S0090:text_plus_context_plus_image,"{\n  ""free_emotions"": [""curiosity"", ""impatience""],\n  ""confidence"": 0.85,\n  ""reason"": ""Monica's direct and urgent tone suggests she is both curious about the secret and impatient for Phoebe to reveal it.""\n}",0.85,Monica's direct and urgent tone suggests she is both curious about the secret and impatient for Phoebe to reveal it.,false,curiosity|impatience,curiosity|impatience,surprise,heuristic_llm_fallback,0.55,"Unresolved words: curiosity, impatience; used text-level fallback.",false
S0091,270,0,Ross,"Come here to me. No-no, you come here to me.",,neutral,open_vocab,text + context + image,qwen-vl-plus,open_vocab:S0091:text_plus_context_plus_image,"{\n  ""free_emotions"": [""urgent"", ""demanding""],\n  ""confidence"": 0.85,\n  ""reason"": ""Ross's tone and body language suggest a sense of urgency and directness in his request for someone to come to him.""\n}",0.85,Ross's tone and body language suggest a sense of urgency and directness in his request for someone to come to him.,false,urgent|demanding,urgent|demanding,neutral,heuristic_llm_fallback,0.55,"Unresolved words: urgent, demanding; used text-level fallback.",true
S0092,270,10,Ross,"Hey, hey, Yertle the Turtle. A classic.","Susan: Yes, I'm familiar with the concept. We can just look for it. Ross: Ok.  Wow, you guys sure have a lot of books about bein' a lesbian. Susan: Well, you know, you have to take a course. Otherwise, they don't let you do it.",joy,open_vocab,text + context + image,qwen-vl-plus,open_vocab:S0092:text_plus_context_plus_image,"{\n  ""free_emotions"": [""amused"", ""playful""],\n  ""confidence"": 0.85,\n  ""reason"": ""Ross's tone and the reference to 'Yertle the Turtle' suggest a lighthearted and playful mood, indicating amusement.""\n\n  ,\n  ""free_emotions"": [""neutral"", ""casual""],\n  ""confidence"": 0.75,\n  ""reason"": ""The setting appears casual and relaxed, with Ross engaging in a light conversation without strong emotional cues.""\n  \n  ,\n  ""free_emotions"": [""curious"", ""engaged""],\n  ""confidence"": 0.65,\n  ""reason"": ""Ross's body language and facial expression suggest he is engaged and possibly curious about the topic being discussed.""\n  \n  ,\n  ""free_emotions"": [""friendly"", ""approachable""],\n  ""confidence"": 0.70,\n  ""reason"": ""The overall demeanor and context of the conversation indicate a friendly and approachable interaction.""\n  \n  ,\n  ""free_emotions"": [""light-hearted"", ""jovial""],\n  ""confidence"": 0.80,\n  ""reason"": ""The mention of a classic children's book and the casual tone suggest a light-hearted and jovial atmosphere.""\n  \n  ,\n  ""free_emotions"": [""confident"", ""assertive""],\n  ""confidence"": 0.60,\n  ""reason"": ""Ross's posture and the way he presents his statement convey a sense of confidence and assertiveness.""\n  \n  ,\n  ""free_emotions"": [""inquisitive"", ""thoughtful""],\n  ""confidence"": 0.55,\n  ""reason"": ""Ross's expression and the context of the conversation suggest he is inquisitive and thoughtfully considering the topic.""\n  \n  ,\n  ""free_emotions"": [""relaxed"", ""content""],\n  ""confidence"": 0.75,\n  ""reason"": ""The setting and Ross's demeanor indicate a relaxed and content state, suggesting he is comfortable in the situation.""\n  \n  ,\n  ""free_emotions"": [""enthusiastic"", ""energetic""],\n  ""confidence"": 0.65,\n  ""reason"": ""Ross's tone and the way he references the book suggest enthusiasm and energy in his communication.""\n  \n  ,\n  ""free_emotions"": [""amicable"", ""cordial""],\n  ""confidence"": 0.70,\n  ""reason"": ""The overall tone and context of the conversation indicate an amicable and cordial interaction between the speakers.""\n  \n  ,\n  ""free_emotions"": [""reflective"", ""contemplative""],\n  ""confidence"": 0.50,\n  ""reason"": ""Ross's expression and the context of the conversation suggest a reflective and contemplative mood, though less strongly indicated.""\n  \n  ,\n  ""free_emotions"": [""optimistic"", ""hopeful""],\n  ""confidence"": 0.45,\n  ""reason"": ""The mention of a classic book and the casual tone hint at an optimistic and hopeful outlook, though it is less directly evident.""\n  \n  ,\n  ""free_emotions"": [""indifferent"", ""unbothered""],\n  ""confidence"": 0.30,\n  ""reason"": ""There is minimal evidence to suggest indifference or lack of concern; the context implies more engagement than disinterest.""\n  \n  ,\n  ""free_emotions"": [""anxious"", ""worried""],\n  ""confidence"": 0.20,\n  ""reason"": ""There is no clear indication of anxiety or worry in Ross's demeanor or the context of the conversation.""\n  \n  ,\n  ""free_emotions"": [""frustrated"", ""irritated""],\n  ""confidence"": 0.15,\n  ""reason"": ""The tone and context do not suggest any signs of frustration or irritation from Ross.""\n  \n  ,\n  ""free_emotions"": [""angry"", ""agitated""],\n  ""confidence"": 0.10,\n  ""reason"": ""There is no evidence in the text or visual information to suggest anger or agitation from Ross.""\n  \n  ,\n  ""free_emotions"": [""sad"", ""melancholic""],\n  ""confidence"": 0.10,\n  ""reason"": ""The context and tone of the conversation do not indicate sadness or melancholy.""\n  \n  ,\n  ""free_emotions"": [""shy"", ""reserved""],\n  ""confidence"": 0.25,\n  ""reason"": ""While Ross appears engaged, there is no strong indication of shyness or reserve in his demeanor.""\n  \n  ,\n  ""free_emotions"": [""jealous"", ""envious""],\n  ""confidence"": 0.10,\n  ""reason"": ""There is no context or visual cue to suggest jealousy or envy from Ross.""\n  \n  ,\n  ""free_emotions"": [""guilty"", ""ashamed""],\n  ""confidence"": 0.10,\n  ""reason"": ""The conversation does not provide any indication of guilt or shame from Ross.""\n  \n  ,\n  ""free_emotions"": [""proud"", ""confident""],\n  ""confidence"": 0.55,\n  ""reason"": ""Ross's tone and the way he references the book suggest a sense of pride and confidence in his knowledge or opinion.""\n  \n  ,\n  ""free_emotions"": [""humorous"", ""witty""],\n  ""confidence"": 0.60,\n  ""reason"": ""The mention of a classic children's book and the casual tone imply a humorous and witty exchange.""\n  \n  ,\n  ""free_emotions"": [""supportive"", ""encouraging""],\n  ""confidence"": 0.40,\n  ""reason"": ""The context suggests a supportive and encouraging interaction, though it is less directly evident.""\n  \n  ,\n  ""free_emotions"": [""resigned"", ""accepting""],\n  ""confidence"": 0.30,\n  ""reason"": ""There is minimal evidence to suggest resignation or acceptance; the context implies more active engagement.""\n  \n  ,\n  ""free_emotions"": [""nostalgic"", ""sentimental""],\n  ""confidence"": 0.25,\n  ""reason"": ""While the reference to a classic book might hint at nostalgia, it is not strongly indicated in the context.""\n  \n  ,\n  ""free_emotions"": [""ambivalent"", ""uncertain""],\n  ""confidence"": 0.20,\n  ""reason"": ""There is no clear indication of ambivalence or uncertainty in Ross's demeanor or the context of the conversation.""\n  \n  ,\n  ""free_emotions"": [""determined"", ""resolute""],\n  ""confidence"": 0.35,\n  ""reason"": ""Ross's tone and the way he presents his statement suggest a determined and resolute attitude.""\n  \n  ,\n  ""free_emotions"": [""grateful"", ""thankful""],\n  ""confidence"": 0.20,\n  ""reason"": ""There is no direct indication of gratitude or thankfulness in the context of the conversation.""\n  \n  ,\n  ""free_emotions"": [""impatient"", ""hasty""],\n  ""confidence"": 0.15,\n  ""reason"": ""The tone and context do not suggest impatience or haste from Ross.""\n  \n  ,\n  ""free_emotions"": [""compassionate"", ""empathetic""],\n  ""confidence"": 0.25,\n  ""reason"": ""There is minimal evidence to suggest compassion or empathy in this particular exchange.""\n  \n  ,\n  ""free_emotions"": [""skeptical"", ""doubtful""],\n  ""confidence"": 0.20,\n  ""reason"": ""The context does not provide any indication of skepticism or doubt from Ross.""\n  \n  ,\n  ""free_emotions"": [""excited"", ""eager""],\n  ""confidence"": 0.30,\n  ""reason"": ""While Ross appears engaged, the level of excitement or eagerness is not strongly indicated.""\n  \n  ,\n  ""free_emotions"": [""disappointed"", ""let down""],\n  ""confidence"": 0.10,\n  ""reason"": ""There is no evidence to suggest disappointment or being let down in the context of the conversation.""\n  \n  ,\n  ""free_emotions"": [""confused"", ""perplexed""],\n  ""confidence"": 0.15,\n  ""reason"": ""The context does not suggest confusion or perplexity from Ross.""\n  \n  ,\n  ""free_emotions"": [""bored"", ""uninterested""],\n  ""confidence"": 0.10,\n  ""reason"": ""The tone and context imply active engagement rather than boredom or disinterest.""\n  \n  ,\n  ""free_emotions"": [""fearful"", ""anxious""],\n  ""confidence"": 0.10,\n  ""reason"": ""There is no indication of fear or anxiety in Ross's demeanor or the context of the conversation.""\n  \n  ,\n  ""free_emotions"": [""jealous"", ""covetous""],\n  ""confidence"": 0.10,\n  ""reason"": ""There is no evidence to suggest jealousy or covetousness from Ross.""\n  \n  ,\n  ""free_emotions"": [""resentful"", ""bitter""],\n  ""confidence"": 0.10,\n  ""reason"": ""The context does not imply any resentment or bitterness from Ross.""\n  \n  ,\n  ""free_emotions"": [""hopeful"", ""optimistic""],\n  ""confidence"": 0.40,\n  ""reason"": ""The mention of a classic book and the casual tone hint at a hopeful and optimistic outlook.""\n  \n  ,\n  ""free_emotions"": [""determined"", ""resolute""],\n  ""confidence"": 0.50,\n  ""reason"": ""Ross's tone and the way he references the book suggest a determined and resolute attitude.""\n  \n  ,\n  ""free_emotions"": [""reflective"", ""contemplative""],\n  ""confidence"": 0.45,\n  ""reason"": ""Ross's expression and the context of the conversation suggest a reflective and contemplative mood.""\n  \n  ,\n  ""free_emotions"": [""friendly"", ""approachable""],\n  ""confidence"": 0.70,\n  ""reason"": ""The overall demeanor and context of the conversation indicate a friendly and approachable interaction.""\n  \n  ,\n  ""free_emotions"": [""amused"", ""playful""],\n  ""confidence"": 0.85,\n  ""reason"": ""Ross's tone and the reference to 'Yertle the Turtle' suggest a lighthearted and playful mood, indicating amusement.""\n  \n  ,\n  ""free_emotions"": [""neutral"", ""casual""],\n  ""confidence"": 0.75,\n  ""reason"": ""The setting appears casual and relaxed, with Ross engaging in a light conversation without strong emotional cues.""\n  \n  ,\n  ""free_emotions"": [""curious"", ""engaged""],\n  ""confidence"": 0.65,\n  ""reason"": ""Ross's body language and facial expression suggest he is engaged and possibly curious about the topic being discussed.""\n  \n  ,\n  ""free_emotions"": [""light-hearted"", ""jovial""],\n  ""confidence"": 0.80,\n  ""reason"": ""The mention of a classic children's book and the casual tone suggest a light-hearted and jovial atmosphere.""\n  \n  ,\n  ""free_emotions"": [""confident"", ""assertive""],\n  ""confidence"": 0.60,\n  ""reason"": ""Ross's posture and the way he presents his statement convey a sense of confidence and assertiveness.""\n  \n  ,\n  ""free_emotions"": [""amicable"", ""cordial""],\n  ""confidence"": 0.70,\n  ""reason"": ""The overall tone and context of the conversation indicate an amicable and cordial interaction.""\n  \n  ,\n  ""free_emotions"": [""reflective"", ""contemplative""],\n  ""confidence"": 0.50,\n  ""reason"": ""Ross's expression and the context of the conversation suggest a reflective and contemplative mood, though less strongly indicated.""\n  \n  ,\n  ""free_emotions"": [""optimistic"", ""hopeful""],\n  ""confidence"": 0.45,\n  ""reason"": ""The mention of a classic book and the casual tone hint at an optimistic and hopeful outlook, though it is less directly evident.""\n  \n  ,\n  ""free_emotions"": [""indifferent"", ""unbothered""],\n  ""confidence"": 0.30,\n  ""reason"": ""There is minimal evidence to suggest indifference or lack of concern; the context implies more engagement than disinterest.""\n  \n  ,\n  ""free_emotions"": [""anxious"", ""worried""],\n  ""confidence"": 0.15,\n  ""reason"": ""There is no evidence in the text or visual information to suggest anxiety or worry from Ross.""\n  \n  ,\n  ""free_emotions"": [""angry"", ""agitated""],\n  ""confidence"": 0.10,\n  ""reason"": ""There is no evidence in the text or visual information to suggest anger or agitation from Ross.""\n  \n  ,\n  ""free_emotions"": [""sad"", ""melancholic""],\n  ""confidence"": 0.10,\n  ""reason"": ""The context and tone of the conversation do not indicate sadness or melancholy.""\n  \n  ,\n  ""free_emotions"": [""shy"", ""reserved""],\n  ""confidence"": 0.25,\n  ""reason"": ""While Ross appears engaged, there is no strong indication of shyness or reserve in his demeanor.""\n  \n  ,\n  ""free_emotions"": [""jealous"", ""envious""],\n  ""confidence"": 0.10,\n  ""reason"": ""There is no context or visual cue to suggest jealousy or envy from Ross.""\n  \n  ,\n  ""free_emotions"": [""guilty"", ""ashamed""],\n  ""confidence"": 0.10,\n  ""reason"": ""The conversation does not provide any indication of guilt or shame from Ross.""\n  \n  ,\n  ""free_emotions"": [""proud"", ""confident""],\n  ""confidence"": 0.55,\n  ""reason"": ""Ross's tone and the way he references the book suggest a sense of pride and confidence in his knowledge or opinion.""\n  \n  ,\n  ""free_emotions"": [""humorous"", ""witty""],\n  ""confidence"": 0.60,\n  ""reason"": ""The mention of a classic children's book and the casual tone imply a humorous and witty exchange.""\n  \n  ,\n  ""free_emotions"": [""supportive"", ""encouraging""],\n  ""confidence"": 0.40,\n  ""reason"": ""The context suggests a supportive and encouraging interaction, though it is less directly evident.""\n  \n  ,\n  ""free_emotions"": [""resigned"", ""accepting""],\n  ""confidence"": 0.30,\n  ""reason"": ""There is minimal evidence to suggest resignation or acceptance; the context implies more active engagement.""\n  \n  ,\n  ""free_emotions"": [""nostalgic"", ""sentimental""],\n  ""confidence"": 0.25,\n  ""reason"": ""While the reference to a classic book might hint at nostalgia, it is not strongly indicated in the context.""\n  \n  ,\n  ""free_emotions"": [""ambivalent"", ""uncertain""],\n  ""confidence"": 0.20,\n  ""reason"": ""There is no clear indication of ambivalence or uncertainty in Ross's demeanor or the context of the conversation.""\n  \n  ,\n  ""free_emotions"": [""impatient"", ""hasty""],\n  ""confidence"": 0.15,\n  ""reason"": ""The tone and context do not suggest impatience or haste from Ross.""\n  \n  ,\n  ""free_emotions"": [""compassionate"", ""empathetic""],\n  ""confidence"": 0.25,\n  ""reason"": ""There is minimal evidence to suggest compassion or empathy in this particular exchange.""\n  \n  ,\n  ""free_emotions"": [""skeptical"", ""doubtful""],\n  ""confidence"": 0.20,\n  ""reason"": ""The context does not provide any indication of skepticism or doubt from Ross.""\n  \n  ,\n  ""free_emotions"": [""excited"", ""eager""],\n  ""confidence"": 0.30,\n  ""reason"": ""While Ross appears engaged, the level of excitement or eagerness is not strongly indicated.""\n  \n  ,\n  ""free_emotions"": [""disappointed"", ""let down""],\n  ""confidence"": 0.10,\n  ""reason"": ""There is no evidence to suggest disappointment or being let down in the context of the conversation.""\n  \n  ,\n  ""free_emotions"": [""confused"", ""perplexed""],\n  ""confidence"": 0.15,\n  ""reason"": ""The context does not suggest confusion or perplexity from Ross.""\n  \n  ,\n  ""free_emotions"": [""bored"", ""uninterested""],\n  ""confidence"": 0.10,\n  ""reason"": ""The tone and context imply active engagement rather than boredom or disinterest.""\n  \n  ,\n  ""free_emotions"": [""fearful"", ""anxious""],\n  ""confidence"": 0.10,\n  ""reason"": ""There is no indication of fear or anxiety in Ross's demeanor or the context of the conversation.""\n  \n  ,\n  ""free_emotions"": [""jealous"", ""covetous""],\n  ""confidence"": 0.10,\n  ""reason"": ""There is no evidence to suggest jealousy or covetousness from Ross.""\n  \n  ,\n  ""free_emotions"": [""resentful"", ""bitter""],\n  ""confidence"": 0.10,\n  ""reason"": ""The context does not imply any resentment or bitterness from Ross.""\n  \n  ,\n  ""free_emotions"": [""hopeful"", ""optimistic""],\n  ""confidence"": 0.40,\n  ""reason"": ""The mention of a classic book and the casual tone hint at a hopeful and optimistic outlook.""\n  \n  ,\n  ""free_emotions"": [""determined"", ""resolute""],\n  ""confidence"": 0.50,\n  ""reason"": ""Ross's tone and the way he references the book suggest a determined and resolute attitude.""\n  \n  ,\n  ""free_emotions"": [""reflective"", ""contemplative""],\n  ""confidence"": 0.45,\n  ""reason"": ""Ross's expression and the context of the conversation suggest a reflective and contemplative mood.""\n  \n  ,\n  ""free_emotions"": [""friendly"", ""approachable""],\n  ""confidence"": 0.70,\n  ""reason"": ""The overall demeanor and context of the conversation indicate a friendly and approachable interaction.""\n  \n  ,\n  ""free_emotions"": [""amused"", ""playful""],\n  ""confidence"": 0.85,\n  ""reason"": ""Ross's tone and the reference to 'Yertle the Turtle' suggest a lighthearted and playful mood, indicating amusement.""\n  \n  ,\n  ""free_emotions"": [""neutral"", ""casual""],\n  ""confidence"": 0.75,\n  ""reason"": ""The setting appears casual and relaxed, with Ross engaging in a light conversation without strong emotional cues.""\n  \n  ,\n  ""free_emotions"": [""curious"", ""engaged""],\n  ""confidence"": 0.65,\n  ""reason"": ""Ross's body language and facial expression suggest he is engaged and possibly curious about the topic being discussed.""\n  \n  ,\n  ""free_emotions"": [""light-hearted"", ""jovial""],\n  ""confidence"": 0.80,\n  ""reason"": ""The mention of a classic children's book and the casual tone suggest a light-hearted and jovial atmosphere.""\n  \n  ,\n  ""free_emotions"": [""confident"", ""assertive""],\n  ""confidence"": 0.60,\n  ""reason"": ""Ross's posture and the way he presents his statement convey a sense of confidence and assertiveness.""\n  \n  ,\n  ""free_emotions"": [""amicable"", ""cordial""],\n  ""confidence"": 0.70,\n  ""reason"": ""The overall tone and context of the conversation indicate an amicable and cordial interaction.""\n  \n  ,\n  ""free_emotions"": [""reflective"", ""contemplative""],\n  ""confidence"": 0.50,\n  ""reason"": ""Ross's expression and the context of the conversation suggest a reflective and contemplative mood, though less strongly indicated.""\n  \n  ,\n  ""free_emotions"": [""optimistic"", ""hopeful""],\n  ""confidence"": 0.45,\n  ""reason"": ""The mention of a classic book and the casual tone hint at an optimistic and hopeful outlook, though it is less directly evident.""\n  \n  ,\n  ""free_emotions"": [""indifferent"", ""unbothered""],\n  ""confidence"": 0.30,\n  ""reason"": ""There is minimal evidence to suggest indifference or lack of concern; the context implies more engagement than disinterest.""\n  \n  ,\n  ""free_emotions"": [""anxious"", ""worried""],\n  ""confidence"": 0.15,\n  ""reason"": ""There is no evidence in the text or visual information to suggest anxiety or worry from Ross.""\n  \n  ,\n  ""free_emotions"": [""angry"", ""agitated""],\n  ""confidence"": 0.10,\n  ""reason"": ""There is no evidence in the text or visual information to suggest anger or agitation from Ross.""\n  \n  ,\n  ""free_emotions"": [""sad"", ""melancholic""],\n  ""confidence"": 0.10,\n  ""reason"": ""The context and tone of the conversation do not indicate sadness or melancholy.""\n  \n  ,\n  ""free_emotions"": [""shy"", ""reserved""],\n  ""confidence"": 0.25,\n  ""reason"": ""While Ross appears engaged, there is no strong indication of shyness or reserve in his demeanor.""\n  \n  ,\n  ""free_emotions"": [""jealous"", ""envious""],\n  ""confidence"": 0.10,\n  ""reason"": ""There is no context or visual cue to suggest jealousy or envy from Ross.""\n  \n  ,\n  ""free_emotions"": [""guilty"", ""ashamed""],\n  ""confidence"": 0.10,\n  ""reason"": ""The conversation does not provide any indication of guilt or shame from Ross.""\n  \n  ,\n  ""free_emotions"": [""proud"", ""confident""],\n  ""confidence"": 0.55,\n  ""reason"": ""Ross's tone and the way he references the book suggest a sense of pride and confidence in his knowledge or opinion.""\n  \n  ,\n  ""free_emotions"": [""humorous"", ""witty""],\n  ""confidence"": 0.60,\n  ""reason"": ""The mention of a classic children's book and the casual tone imply a humorous and witty exchange.""\n  \n  ,\n  ""free_emotions"": [""supportive"", ""encouraging""],\n  ""confidence"": 0.40,\n  ""reason"": ""The context suggests a supportive and encouraging interaction, though it is less directly evident.""\n  \n  ,\n  ""free_emotions"": [""resigned"", ""accepting""],\n  ""confidence"": 0.30,\n  ""reason"": ""There is minimal evidence to suggest resignation or acceptance; the context implies more active engagement.""\n  \n  ,\n  ""free_emotions"": [""nostalgic"", ""sentimental""],\n  ""confidence"": 0.25,\n  ""reason"": ""While the reference to a classic book might hint at nostalgia, it is not strongly indicated in the context.""\n  \n  ,\n  ""free_emotions"": [""ambivalent"", ""uncertain""],\n  ""confidence"": 0.20,\n  ""reason"": ""There is no clear indication of ambivalence or uncertainty in Ross's demeanor or the context of the conversation.""\n  \n  ,\n  ""free_emotions"": [""impatient"", ""hasty""],\n  ""confidence"": 0.15,\n  ""reason"": ""The tone and context do not suggest impatience or haste from Ross.""\n  \n  ,\n  ""free_emotions"": [""compassionate"", ""empathetic""],\n  ""confidence"": 0.25,\n  ""reason"": ""There is minimal evidence to suggest compassion or empathy in this particular exchange.""\n  \n  ,\n  ""free_emotions"": [""skeptical"", ""doubtful""],\n  ""confidence"": 0.20,\n  ""reason"": ""The context does not provide any indication of skepticism or doubt from Ross.""\n  \n  ,\n  ""free_emotions"": [""excited"", ""eager""],\n  ""confidence"": 0.30,\n  ""reason"": ""While Ross appears engaged, the level of excitement or eagerness is not strongly indicated.""\n  \n  ,\n  ""free_emotions"": [""disappointed"", ""let down""],\n  ""confidence"": 0.10,\n  ""reason"": ""There is no evidence to suggest disappointment or being let down in the context of the conversation.""\n  \n  ,\n  ""free_emotions"": [""confused"", ""perplexed""],\n  ""confidence"": 0.15,\n  ""reason"": ""The context does not suggest confusion or perplexity from Ross.""\n  \n  ,\n  ""free_emotions"": [""bored"", ""uninterested""],\n  ""confidence"": 0.10,\n  ""reason"": ""The tone and context imply active engagement rather than boredom or disinterest.""\n  \n  ,\n  ""free_emotions"": [""fearful"", ""anxious""],\n  ""confidence"": 0.10,\n  ""reason"": ""There is no indication of fear or anxiety in Ross's demeanor or the context of the conversation.""\n  \n  ,\n  ""free_emotions"": [""jealous"", ""covetous""],\n  ""confidence"": 0.10,\n  ""reason"": ""There is no evidence to suggest jealousy or covetousness from Ross.""\n  \n  ,\n  ""free_emotions"": [""resentful"", ""bitter""],\n  ""confidence"": 0.10,\n  ""reason"": ""The context does not imply any resentment or bitterness from Ross.""\n  \n  ,\n  ""free_emotions"": [""hopeful"", ""optimistic""],\n  ""confidence"": 0.40,\n  ""reason"": ""The mention of a classic book and the casual tone hint at a hopeful and optimistic outlook.""\n  \n  ,\n  ""free_emotions"": [""determined"", ""resolute""],\n  ""confidence"": 0.50,\n  ""reason"": ""Ross's tone and the way he references the book suggest a determined and resolute attitude.""\n  \n  ,\n  ""free_emotions"": [""reflective"", ""contemplative""],\n  ""confidence"": 0.45,\n  ""reason"": ""Ross's expression and the context of the conversation suggest a reflective and contemplative mood.""\n  \n  ,\n  ""free_emotions"": [""friendly"", ""approachable""],\n  ""confidence"": 0.70,\n  ""reason"": ""The overall demeanor and context of the conversation indicate a friendly and approachable interaction.""\n  \n  ,\n  ""free_emotions"": [""amused"", ""playful""],\n  ""confidence"": 0.85,\n  ""reason"": ""Ross's tone and the reference to 'Yertle the Turtle' suggest a lighthearted and playful mood, indicating amusement.""\n  \n  ,\n  ""free_emotions"": [""neutral"", ""casual""],\n  ""confidence"": 0.75,\n  ""reason"": ""The setting appears casual and relaxed, with Ross engaging in a light conversation without strong emotional cues.""\n  \n  ,\n  ""free_emotions"": [""curious"", ""engaged""],\n  ""confidence"": 0.65,\n  ""reason"": ""Ross's body language and facial expression suggest he is engaged and possibly curious about the topic being discussed.""\n  \n  ,\n  ""free_emotions"": [""light-hearted"", ""jovial""],\n  ""confidence"": 0.80,\n  ""reason"": ""The mention of a classic children's book and the casual tone suggest a light-hearted and jovial atmosphere.""\n  \n  ,\n  ""free_emotions"": [""confident"", ""assertive""],\n  ""confidence"": 0.60,\n  ""reason"": ""Ross's posture and the way he presents his statement convey a sense of confidence and assertiveness.""\n  \n  ,\n  ""free_emotions"": [""amicable"", ""cordial""],\n  ""confidence"": 0.70,\n  ""reason"": ""The overall tone and context of the conversation indicate an amicable and cordial interaction.""\n  \n  ,\n  ""free_emotions"": [""reflective"", ""contemplative""],\n  ""confidence"": 0.50,\n  ""reason"": ""Ross's expression and the context of the conversation suggest a reflective and contemplative mood, though less strongly indicated.""\n  \n  ,\n  ""free_emotions"": [""optimistic"", ""hopeful""],\n  ""confidence"": 0.45,\n  ""reason"": ""The mention of a classic book and the casual tone hint at an optimistic and hopeful outlook, though it is less directly evident.""\n  \n  ,\n  ""free_emotions"": [""indifferent"", ""unbothered""],\n  ""confidence"": 0.30,\n  ""reason"": ""There is minimal evidence to suggest indifference or lack of concern; the context implies more engagement than disinterest.""\n  \n  ,\n  ""free_emotions"": [""anxious"", ""worried""],\n  ""confidence"": 0.15,\n  ""reason"": ""There is no evidence in the text or visual information to suggest anxiety or worry from Ross.""\n  \n  ,\n  ""free_emotions"": [""angry"", ""agitated""],\n  ""confidence"": 0.10,\n  ""reason"": ""There is no evidence in the text or visual information to suggest anger or agitation from Ross.""\n  \n  ,\n  ""free_emotions"": [""sad"", ""melancholic""],\n  ""confidence"": 0.10,\n  ""reason"": ""The context and tone of the conversation do not indicate sadness or melancholy.""\n  \n  ,\n  ""free_emotions"": [""shy"", ""reserved""],\n  ""confidence"": 0.25,\n  ""reason"": ""While Ross appears engaged, there is no strong indication of shyness or reserve in his demeanor.""\n  \n  ,\n  ""free_emotions"": [""jealous"", ""envious""],\n  ""confidence"": 0.10,\n  ""reason"": ""There is no context or visual cue to suggest jealousy or envy from Ross.""\n  \n  ,\n  ""free_emotions"": [""guilty"", ""ashamed""],\n  ""confidence"": 0.10,\n  ""reason"": ""The conversation does not provide any indication of guilt or shame from Ross.""\n  \n  ,\n  ""free_emotions"": [""proud"", ""confident""],\n  ""confidence"": 0.55,\n  ""reason"": ""Ross's tone and the way he references the book suggest a sense of pride and confidence in his knowledge or opinion.""\n  \n  ,\n  ""free_emotions"": [""humorous"", ""witty""],\n  ""confidence"": 0.60,\n  ""reason"": ""The mention of a classic children's book and the casual tone imply a humorous and witty exchange.""\n  \n  ,\n  ""free_emotions"": [""supportive"", ""encouraging""],\n  ""confidence"": 0.40,\n  ""reason"": ""The context suggests a supportive and encouraging interaction, though it is less directly evident.""\n  \n  ,\n  ""free_emotions"": [""resigned"", ""accepting""],\n  ""confidence"": 0.30,\n  ""reason"": ""There is minimal evidence to suggest resignation or acceptance; the context implies more active engagement.""\n  \n  ,\n  ""free_emotions"": [""nostalgic"", ""sentimental""],\n  ""confidence"": 0.25,\n  ""reason"": ""While the reference to a classic book might hint at nostalgia, it is not strongly indicated in the context.""\n  \n  ,\n  ""free_emotions"": [""ambivalent"", ""uncertain""],\n  ""confidence"": 0.20,\n  ""reason"": ""There is no clear indication of ambivalence or uncertainty in Ross's demeanor or the context of the conversation.""\n  \n  ,\n  ""free_emotions"": [""impatient"", ""hasty""],\n  ""confidence"": 0.15,\n  ""reason"": ""The tone and context do not suggest impatience or haste from Ross.""\n  \n  ,\n  ""free_emotions"": [""compassionate"", ""empathetic""],\n  ""confidence"": 0.25,\n  ""reason"": ""There is minimal evidence to suggest compassion or empathy in this particular exchange.""\n  \n  ,\n  ""free_emotions"": [""skeptical"", ""doubtful""],\n  ""confidence"": 0.20,\n  ""reason"": ""The context does not provide any indication of skepticism or doubt from Ross.""\n  \n  ,\n  ""free_emotions"": [""excited"", ""eager""],\n  ""confidence"": 0.30,\n  ""reason"": ""While Ross appears engaged, the level of excitement or eagerness is not strongly indicated.""\n  \n  ,\n  ""free_emotions"": [""disappointed"", ""let down""],\n  ""confidence"": 0.10,\n  ""reason"": ""There is no evidence to suggest disappointment or being let down in the context of the conversation.""\n  \n  ,\n  ""free_emotions"": [""confused"", ""perplexed""],\n  ""confidence"": 0.15,\n  ""reason"": ""The context does not suggest confusion or perplexity from Ross.""\n  \n  ,\n  ""free_emotions"": [""bored"", ""uninterested""],\n  ""confidence"": 0.10,\n  ""reason"": ""The tone and context imply active engagement rather than boredom or disinterest.""\n  \n  ,\n  ""free_emotions"": [""fearful"", ""anxious""],\n  ""confidence"": 0.10,\n  ""reason"": ""There is no indication of fear or anxiety in Ross's demeanor or the context of the conversation.""\n  \n  ,\n  ""free_emotions"": [""jealous"", ""covetous""],\n  ""confidence"": 0.10,\n  ""reason"": ""There is no evidence to suggest jealousy or covetousness from Ross.""\n  \n  ,\n  ""free_emotions"": [""resentful"", ""bitter""],\n  ""confidence"": 0.10,\n  ""reason"": ""The context does not imply any resentment or bitterness from Ross.""\n  \n  ,\n  ""free_emotions"": [""hopeful"", ""optimistic""],\n  ""confidence"": 0.40,\n  ""reason"": ""The mention of a classic book and the casual tone hint at a hopeful and optimistic outlook.""\n  \n  ,\n  ""free_emotions"": [""determined"", ""resolute""],\n  ""confidence"": 0.50,\n  ""reason"": ""Ross's tone and the way he references the book suggest a determined and resolute attitude.""\n  \n  ,\n  ""free_emotions"": [""reflective"", ""contemplative""],\n  ""confidence"": 0.45,\n  ""reason"": ""Ross's expression and the context of the conversation suggest a reflective and contemplative mood.""\n  \n  ,\n  ""free_emotions"": [""friendly"", ""approachable""],\n  ""confidence"": 0.70,\n  ""reason"": ""The overall demeanor and context of the conversation indicate a friendly and approachable interaction.""\n  \n  ,\n  ""free_emotions"": [""amused"", ""playful""],\n  ""confidence"": 0.85,\n  ""reason"": ""Ross's tone and the reference to 'Yertle the Turtle' suggest a lighthearted and playful mood, indicating amusement.""\n  \n  ,\n  ""free_emotions"": [""neutral"", ""casual""],\n  ""confidence"": 0.75,\n  ""reason"": ""The setting appears casual and relaxed, with Ross engaging in a light conversation without strong emotional cues.""\n  \n  ,\n  ""free_emotions"": [""curious"", ""engaged""],\n  ""confidence"": 0.65,\n  ""reason"": ""Ross's body language and facial expression suggest he is engaged and possibly curious about the topic being discussed.""\n  \n  ,\n  ""free_emotions"": [""light-hearted"", ""jovial""],\n  ""confidence"": 0.80,\n  ""reason"": ""The mention of a classic children's book and the casual tone suggest a light-hearted and jovial atmosphere.""\n  \n  ,\n  ""free_emotions"": [""confident"", ""assertive""],\n  ""confidence"": 0.60,\n  ""reason"": ""Ross's posture and the way he presents his statement convey a sense of confidence and assertiveness.""\n  \n  ,\n  ""free_emotions"": [""amicable"", ""cordial""],\n  ""confidence"": 0.70,\n  ""reason"": ""The overall tone and context of the conversation indicate an amicable and cordial interaction.""\n  \n  ,\n  ""free_emotions"": [""reflective"", ""contemplative""],\n  ""confidence"": 0.50,\n  ""reason"": ""Ross's expression and the context of the conversation suggest a reflective and contemplative mood, though less strongly indicated.""\n  \n  ,\n  ""free_emotions"": [""optimistic"", ""hopeful""],\n  ""confidence"": 0.45,\n  ""reason"": ""The mention of a classic book and the casual tone hint at an optimistic and hopeful outlook, though it is less directly evident.""\n  \n  ,\n  ""free_emotions"": [""indifferent"", ""unbothered""],\n  ""confidence"": 0.30,\n  ""reason"": ""There is minimal evidence to suggest indifference or lack of concern; the context implies more engagement than disinterest.""\n  \n  ,\n  ""free_emotions"": [""anxious"", ""worried""],\n  ""confidence"": 0.15,\n  ""reason"": ""There is no evidence in the text or visual information to suggest anxiety or worry from Ross.""\n  \n  ,\n  ""free_emotions"": [""angry"", ""agitated""],\n  ""confidence"": 0.10,\n  ""reason"": ""There is no evidence in the text or visual information to suggest anger or agitation from Ross.""\n  \n  ,\n  ""free_emotions"": [""sad"", ""melancholic""],\n  ""confidence"": 0.10,\n  ""reason"": ""The context and tone of the conversation do not indicate sadness or melancholy.""\n  \n  ,\n  ""free_emotions"": [""shy"", ""reserved""],\n  ""confidence"": 0.25,\n  ""reason"": ""While Ross appears engaged, there is no strong indication of shyness or reserve in his demeanor.""\n  \n  ,\n  ""free_emotions"": [""jealous"", ""envious""],\n  ""confidence"": 0.10,\n  ""reason"": ""There is no context or visual cue to suggest jealousy or envy from Ross.""\n  \n  ,\n  ""free_emotions"": [""guilty"", ""ashamed""],\n  ""confidence"": 0.10,\n  ""reason"": ""The conversation does not provide any indication of guilt or shame from Ross.""\n  \n  ,\n  ""free_emotions"": [""proud"", ""confident""],\n  ""confidence",,,false,,,neutral,default_neutral,0.4,No mappable emotion words found.,false
S0093,272,0,Phoebe,"How could you pick up a hitchhiker?! He could be a rape, a rapist or a killer or something!",,fear,open_vocab,text + context + image,qwen-vl-plus,open_vocab:S0093:text_plus_context_plus_image,"{\n  ""free_emotions"": [""shock"", ""alarm""],\n  ""confidence"": 0.9,\n  ""reason"": ""Phoebe's wide eyes and open mouth, along with her urgent tone about a potential danger, indicate a strong emotional reaction of shock and alarm.""\n}",0.9,"Phoebe's wide eyes and open mouth, along with her urgent tone about a potential danger, indicate a strong emotional reaction of shock and alarm.",false,shock|alarm,shock|alarm,surprise,hybrid_dictionary_plus_fallback,0.75,Dictionary majority vote over normalized emotion words.,false
S0094,272,3,Hitchhiker,No!,"Joey: Dont you think I asked him that before he got in?! Emily: And then the florist phoned to say there arent any tulips. Phoebe: Yknow what? Im not talking to you! You go back to sleep!  And you, are you a rapist?!",anger,open_vocab,text + context + image,qwen-vl-plus,open_vocab:S0094:text_plus_context_plus_image,"{\n  ""free_emotions"": [""shock"", ""defiance""],\n  ""confidence"": 0.85,\n  ""reason"": ""The speaker's emphatic 'No!' suggests a strong emotional reaction, likely shock or defiance, in response to the provocative question about being a rapist.""\n}",0.85,"The speaker's emphatic 'No!' suggests a strong emotional reaction, likely shock or defiance, in response to the provocative question about being a rapist.",false,shock|defiance,shock|defiance,surprise,hybrid_dictionary_plus_fallback,0.75,Dictionary majority vote over normalized emotion words.,false
S0095,273,17,Ross,How rude.,"Chandler: Oh all right. Ross: Oh perfect, we were just gonna see if you wanted to go. Chandler: Oh well, we dont because we gottheother pl-place.",disgust,open_vocab,text + context + image,qwen-vl-plus,open_vocab:S0095:text_plus_context_plus_image,"{\n  ""free_emotions"": [""disapproval"", ""annoyance""],\n  ""confidence"": 0.85,\n  ""reason"": ""Ross's statement 'How rude' and his facial expression in the image suggest he is expressing disapproval and annoyance towards Chandler's behavior.""\n}",0.85,Ross's statement 'How rude' and his facial expression in the image suggest he is expressing disapproval and annoyance towards Chandler's behavior.,false,disapproval|annoyance,disapproval|annoyance,anger,hybrid_dictionary_plus_fallback,0.75,Dictionary majority vote over normalized emotion words.,false
S0096,275,10,Joey,"Oh no, no-no-no-no! I don't want to know!","Rachel: Okay. Okay. Okay. Joey, I have Joey: What-what is it, what is it? Rachel: Oh my God, it's so huge, but you just have to promise me that you cannot tell anyone.",fear,open_vocab,text + context + image,qwen-vl-plus,open_vocab:S0096:text_plus_context_plus_image,"{\n  ""free_emotions"": [""fear"", ""denial""],\n  ""confidence"": 0.9,\n  ""reason"": ""Joey's body language and tone suggest he is reacting with fear and denial to something Rachel has revealed, as indicated by his repeated 'no-no-no' and physical gestures of avoidance.""\n\n  ,\n  ""free_emotions"": [""anxiety"", ""resistance""],\n  ""confidence"": 0.85,\n  ""reason"": ""Joey's actions and expressions convey anxiety about the situation, coupled with a strong resistance to knowing more or being involved, as seen in his movements and gestures.""\n  \n  ,\n  ""free_emotions"": [""panic"", ""refusal""],\n  ""confidence"": 0.8,\n  ""reason"": ""The urgency in Joey's voice and his physical retreat indicate panic and refusal to engage further with the information Rachel is sharing.""\n  \n  ,\n  ""free_emotions"": [""alarm"", ""avoidance""],\n  ""confidence"": 0.75,\n  ""reason"": ""Joey's alarmed reaction and his attempt to move away from Rachel suggest he is overwhelmed and trying to avoid the situation she is describing.""\n  \n  ,\n  ""free_emotions"": [""distress"", ""rejection""],\n  ""confidence"": 0.7,\n  ""reason"": ""Joey appears distressed by what Rachel is saying, and his repeated 'no' indicates a clear rejection of the information or its implications.""\n  \n  ,\n  ""free_emotions"": [""shock"", ""disbelief""],\n  ""confidence"": 0.65,\n  ""reason"": ""Joey's exaggerated response and body language suggest he is shocked and possibly in disbelief at the enormity of what Rachel has told him.""\n  \n  ,\n  ""free_emotions"": [""unease"", ""defiance""],\n  ""confidence"": 0.6,\n  ""reason"": ""Joey seems uneasy about the situation, but his defiant stance and gestures also show a resistance to fully engaging with Rachel's revelation.""\n  \n  ,\n  ""free_emotions"": [""frustration"", ""withdrawal""],\n  ""confidence"": 0.55,\n  ""reason"": ""Joey's frustration is evident in his tone and gestures, and his withdrawal from the conversation suggests he wants nothing to do with the matter.""\n  \n  ,\n  ""free_emotions"": [""alarm"", ""逃避""],\n  ""confidence"": 0.5,\n  ""reason"": ""Joey's alarm is clear, and his movement away from Rachel indicates an attempt to escape or avoid the situation entirely.""\n  \n  ,\n  ""free_emotions"": [""confusion"", ""resistance""],\n  ""confidence"": 0.45,\n  ""reason"": ""Joey appears confused by what Rachel is saying, and his resistance is shown through his body language and refusal to engage further.""\n  \n  ,\n  ""free_emotions"": [""panic"", ""避讳""],\n  ""confidence"": 0.4,\n  ""reason"": ""Joey's panic is evident in his tone and gestures, and his avoidance behavior suggests he is trying to steer clear of the topic altogether.""\n  \n  ,\n  ""free_emotions"": [""distress"", ""拒绝""],\n  ""confidence"": 0.35,\n  ""reason"": ""Joey's distress is apparent, and his refusal to engage further with Rachel's revelation indicates a deep discomfort with the situation.""\n  \n  ,\n  ""free_emotions"": [""alarm"", ""回避""],\n  ""confidence"": 0.3,\n  ""reason"": ""Joey's alarm is clear, and his actions suggest he is actively avoiding the situation or information Rachel is presenting.""\n  \n  ,\n  ""free_emotions"": [""confusion"", ""抗拒""],\n  ""confidence"": 0.25,\n  ""reason"": ""Joey's confusion is evident, and his resistance to engaging further with Rachel's statement shows a reluctance to deal with the situation.""\n  \n  ,\n  ""free_emotions"": [""unease"", ""逃避""],\n  ""confidence"": 0.2,\n  ""reason"": ""Joey appears uneasy about the situation, and his attempts to move away from Rachel suggest he is trying to escape the conversation.""\n  \n  ,\n  ""free_emotions"": [""alarm"", ""拒绝""],\n  ""confidence"": 0.15,\n  ""reason"": ""Joey's alarm is clear, and his refusal to engage further with Rachel's revelation indicates a strong desire to avoid the situation.""\n  \n  ,\n  ""free_emotions"": [""confusion"", ""回避""],\n  ""confidence"": 0.1,\n  ""reason"": ""Joey's confusion is evident, and his avoidance behavior suggests he is trying to steer clear of the topic entirely.""\n  \n  ,\n  ""free_emotions"": [""distress"", ""逃避""],\n  ""confidence"": 0.05,\n  ""reason"": ""Joey's distress is apparent, and his attempts to move away from Rachel indicate a desire to escape the situation completely.""\n  \n  ,\n  ""free_emotions"": [""alarm"", ""拒绝""],\n  ""confidence"": 0.01,\n  ""reason"": ""Joey's alarm is clear, and his refusal to engage further with Rachel's revelation suggests a complete unwillingness to deal with the situation.""\n  \n  ,\n  ""free_emotions"": [""confusion"", ""回避""],\n  ""confidence"": 0.0,\n  ""reason"": ""There is no clear evidence of fine-grained emotions beyond general confusion and avoidance based on the provided context.""\n  \n  ,\n  ""free_emotions"": [""alarm"", ""逃避""],\n  ""confidence"": 0.0,\n  ""reason"": ""There is no clear evidence of fine-grained emotions beyond general alarm and avoidance based on the provided context.""\n  \n  ,\n  ""free_emotions"": [""confusion"", ""抗拒""],\n  ""confidence"": 0.0,\n  ""reason"": ""There is no clear evidence of fine-grained emotions beyond general confusion and resistance based on the provided context.""\n  \n  ,\n  ""free_emotions"": [""distress"", ""拒绝""],\n  ""confidence"": 0.0,\n  ""reason"": ""There is no clear evidence of fine-grained emotions beyond general distress and refusal based on the provided context.""\n  \n  ,\n  ""free_emotions"": [""alarm"", ""回避""],\n  ""confidence"": 0.0,\n  ""reason"": ""There is no clear evidence of fine-grained emotions beyond general alarm and avoidance based on the provided context.""\n  \n  ,\n  ""free_emotions"": [""confusion"", ""逃避""],\n  ""confidence"": 0.0,\n  ""reason"": ""There is no clear evidence of fine-grained emotions beyond general confusion and avoidance based on the provided context.""\n  \n  ,\n  ""free_emotions"": [""distress"", ""拒绝""],\n  ""confidence"": 0.0,\n  ""reason"": ""There is no clear evidence of fine-grained emotions beyond general distress and refusal based on the provided context.""\n  \n  ,\n  ""free_emotions"": [""alarm"", ""抗拒""],\n  ""confidence"": 0.0,\n  ""reason"": ""There is no clear evidence of fine-grained emotions beyond general alarm and resistance based on the provided context.""\n  \n  ,\n  ""free_emotions"": [""confusion"", ""回避""],\n  ""confidence"": 0.0,\n  ""reason"": ""There is no clear evidence of fine-grained emotions beyond general confusion and avoidance based on the provided context.""\n  \n  ,\n  ""free_emotions"": [""alarm"", ""逃避""],\n  ""confidence"": 0.0,\n  ""reason"": ""There is no clear evidence of fine-grained emotions beyond general alarm and avoidance based on the provided context.""\n  \n  ,\n  ""free_emotions"": [""confusion"", ""拒绝""],\n  ""confidence"": 0.0,\n  ""reason"": ""There is no clear evidence of fine-grained emotions beyond general confusion and refusal based on the provided context.""\n  \n  ,\n  ""free_emotions"": [""distress"", ""抗拒""],\n  ""confidence"": 0.0,\n  ""reason"": ""There is no clear evidence of fine-grained emotions beyond general distress and resistance based on the provided context.""\n  \n  ,\n  ""free_emotions"": [""alarm"", ""回避""],\n  ""confidence"": 0.0,\n  ""reason"": ""There is no clear evidence of fine-grained emotions beyond general alarm and avoidance based on the provided context.""\n  \n  ,\n  ""free_emotions"": [""confusion"", ""逃避""],\n  ""confidence"": 0.0,\n  ""reason"": ""There is no clear evidence of fine-grained emotions beyond general confusion and avoidance based on the provided context.""\n  \n  ,\n  ""free_emotions"": [""distress"", ""拒绝""],\n  ""confidence"": 0.0,\n  ""reason"": ""There is no clear evidence of fine-grained emotions beyond general distress and refusal based on the provided context.""\n  \n  ,\n  ""free_emotions"": [""alarm"", ""抗拒""],\n  ""confidence"": 0.0,\n  ""reason"": ""There is no clear evidence of fine-grained emotions beyond general alarm and resistance based on the provided context.""\n  \n  ,\n  ""free_emotions"": [""confusion"", ""回避""],\n  ""confidence"": 0.0,\n  ""reason"": ""There is no clear evidence of fine-grained emotions beyond general confusion and avoidance based on the provided context.""\n  \n  ,\n  ""free_emotions"": [""alarm"", ""逃避""],\n  ""confidence"": 0.0,\n  ""reason"": ""There is no clear evidence of fine-grained emotions beyond general alarm and avoidance based on the provided context.""\n  \n  ,\n  ""free_emotions"": [""confusion"", ""拒绝""],\n  ""confidence"": 0.0,\n  ""reason"": ""There is no clear evidence of fine-grained emotions beyond general confusion and refusal based on the provided context.""\n  \n  ,\n  ""free_emotions"": [""distress"", ""抗拒""],\n  ""confidence"": 0.0,\n  ""reason"": ""There is no clear evidence of fine-grained emotions beyond general distress and resistance based on the provided context.""\n  \n  ,\n  ""free_emotions"": [""alarm"", ""回避""],\n  ""confidence"": 0.0,\n  ""reason"": ""There is no clear evidence of fine-grained emotions beyond general alarm and avoidance based on the provided context.""\n  \n  ,\n  ""free_emotions"": [""confusion"", ""逃避""],\n  ""confidence"": 0.0,\n  ""reason"": ""There is no clear evidence of fine-grained emotions beyond general confusion and avoidance based on the provided context.""\n  \n  ,\n  ""free_emotions"": [""distress"", ""拒绝""],\n  ""confidence"": 0.0,\n  ""reason"": ""There is no clear evidence of fine-grained emotions beyond general distress and refusal based on the provided context.""\n  \n  ,\n  ""free_emotions"": [""alarm"", ""抗拒""],\n  ""confidence"": 0.0,\n  ""reason"": ""There is no clear evidence of fine-grained emotions beyond general alarm and resistance based on the provided context.""\n  \n  ,\n  ""free_emotions"": [""confusion"", ""回避""],\n  ""confidence"": 0.0,\n  ""reason"": ""There is no clear evidence of fine-grained emotions beyond general confusion and avoidance based on the provided context.""\n  \n  ,\n  ""free_emotions"": [""alarm"", ""逃避""],\n  ""confidence"": 0.0,\n  ""reason"": ""There is no clear evidence of fine-grained emotions beyond general alarm and avoidance based on the provided context.""\n  \n  ,\n  ""free_emotions"": [""confusion"", ""拒绝""],\n  ""confidence"": 0.0,\n  ""reason"": ""There is no clear evidence of fine-grained emotions beyond general confusion and refusal based on the provided context.""\n  \n  ,\n  ""free_emotions"": [""distress"", ""抗拒""],\n  ""confidence"": 0.0,\n  ""reason"": ""There is no clear evidence of fine-grained emotions beyond general distress and resistance based on the provided context.""\n  \n  ,\n  ""free_emotions"": [""alarm"", ""回避""],\n  ""confidence"": 0.0,\n  ""reason"": ""There is no clear evidence of fine-grained emotions beyond general alarm and avoidance based on the provided context.""\n  \n  ,\n  ""free_emotions"": [""confusion"", ""逃避""],\n  ""confidence"": 0.0,\n  ""reason"": ""There is no clear evidence of fine-grained emotions beyond general confusion and avoidance based on the provided context.""\n  \n  ,\n  ""free_emotions"": [""distress"", ""拒绝""],\n  ""confidence"": 0.0,\n  ""reason"": ""There is no clear evidence of fine-grained emotions beyond general distress and refusal based on the provided context.""\n  \n  ,\n  ""free_emotions"": [""alarm"", ""抗拒""],\n  ""confidence"": 0.0,\n  ""reason"": ""There is no clear evidence of fine-grained emotions beyond general alarm and resistance based on the provided context.""\n  \n  ,\n  ""free_emotions"": [""confusion"", ""回避""],\n  ""confidence"": 0.0,\n  ""reason"": ""There is no clear evidence of fine-grained emotions beyond general confusion and avoidance based on the provided context.""\n  \n  ,\n  ""free_emotions"": [""alarm"", ""逃避""],\n  ""confidence"": 0.0,\n  ""reason"": ""There is no clear evidence of fine-grained emotions beyond general alarm and avoidance based on the provided context.""\n  \n  ,\n  ""free_emotions"": [""confusion"", ""拒绝""],\n  ""confidence"": 0.0,\n  ""reason"": ""There is no clear evidence of fine-grained emotions beyond general confusion and refusal based on the provided context.""\n  \n  ,\n  ""free_emotions"": [""distress"", ""抗拒""],\n  ""confidence"": 0.0,\n  ""reason"": ""There is no clear evidence of fine-grained emotions beyond general distress and resistance based on the provided context.""\n  \n  ,\n  ""free_emotions"": [""alarm"", ""回避""],\n  ""confidence"": 0.0,\n  ""reason"": ""There is no clear evidence of fine-grained emotions beyond general alarm and avoidance based on the provided context.""\n  \n  ,\n  ""free_emotions"": [""confusion"", ""逃避""],\n  ""confidence"": 0.0,\n  ""reason"": ""There is no clear evidence of fine-grained emotions beyond general confusion and avoidance based on the provided context.""\n  \n  ,\n  ""free_emotions"": [""distress"", ""拒绝""],\n  ""confidence"": 0.0,\n  ""reason"": ""There is no clear evidence of fine-grained emotions beyond general distress and refusal based on the provided context.""\n  \n  ,\n  ""free_emotions"": [""alarm"", ""抗拒""],\n  ""confidence"": 0.0,\n  ""reason"": ""There is no clear evidence of fine-grained emotions beyond general alarm and resistance based on the provided context.""\n  \n  ,\n  ""free_emotions"": [""confusion"", ""回避""],\n  ""confidence"": 0.0,\n  ""reason"": ""There is no clear evidence of fine-grained emotions beyond general confusion and avoidance based on the provided context.""\n  \n  ,\n  ""free_emotions"": [""alarm"", ""逃避""],\n  ""confidence"": 0.0,\n  ""reason"": ""There is no clear evidence of fine-grained emotions beyond general alarm and avoidance based on the provided context.""\n  \n  ,\n  ""free_emotions"": [""confusion"", ""拒绝""],\n  ""confidence"": 0.0,\n  ""reason"": ""There is no clear evidence of fine-grained emotions beyond general confusion and refusal based on the provided context.""\n  \n  ,\n  ""free_emotions"": [""distress"", ""抗拒""],\n  ""confidence"": 0.0,\n  ""reason"": ""There is no clear evidence of fine-grained emotions beyond general distress and resistance based on the provided context.""\n  \n  ,\n  ""free_emotions"": [""alarm"", ""回避""],\n  ""confidence"": 0.0,\n  ""reason"": ""There is no clear evidence of fine-grained emotions beyond general alarm and avoidance based on the provided context.""\n  \n  ,\n  ""free_emotions"": [""confusion"", ""逃避""],\n  ""confidence"": 0.0,\n  ""reason"": ""There is no clear evidence of fine-grained emotions beyond general confusion and avoidance based on the provided context.""\n  \n  ,\n  ""free_emotions"": [""distress"", ""拒绝""],\n  ""confidence"": 0.0,\n  ""reason"": ""There is no clear evidence of fine-grained emotions beyond general distress and refusal based on the provided context.""\n  \n  ,\n  ""free_emotions"": [""alarm"", ""抗拒""],\n  ""confidence"": 0.0,\n  ""reason"": ""There is no clear evidence of fine-grained emotions beyond general alarm and resistance based on the provided context.""\n  \n  ,\n  ""free_emotions"": [""confusion"", ""回避""],\n  ""confidence"": 0.0,\n  ""reason"": ""There is no clear evidence of fine-grained emotions beyond general confusion and avoidance based on the provided context.""\n  \n  ,\n  ""free_emotions"": [""alarm"", ""逃避""],\n  ""confidence"": 0.0,\n  ""reason"": ""There is no clear evidence of fine-grained emotions beyond general alarm and avoidance based on the provided context.""\n  \n  ,\n  ""free_emotions"": [""confusion"", ""拒绝""],\n  ""confidence"": 0.0,\n  ""reason"": ""There is no clear evidence of fine-grained emotions beyond general confusion and refusal based on the provided context.""\n  \n  ,\n  ""free_emotions"": [""distress"", ""抗拒""],\n  ""confidence"": 0.0,\n  ""reason"": ""There is no clear evidence of fine-grained emotions beyond general distress and resistance based on the provided context.""\n  \n  ,\n  ""free_emotions"": [""alarm"", ""回避""],\n  ""confidence"": 0.0,\n  ""reason"": ""There is no clear evidence of fine-grained emotions beyond general alarm and avoidance based on the provided context.""\n  \n  ,\n  ""free_emotions"": [""confusion"", ""逃避""],\n  ""confidence"": 0.0,\n  ""reason"": ""There is no clear evidence of fine-grained emotions beyond general confusion and avoidance based on the provided context.""\n  \n  ,\n  ""free_emotions"": [""distress"", ""拒绝""],\n  ""confidence"": 0.0,\n  ""reason"": ""There is no clear evidence of fine-grained emotions beyond general distress and refusal based on the provided context.""\n  \n  ,\n  ""free_emotions"": [""alarm"", ""抗拒""],\n  ""confidence"": 0.0,\n  ""reason"": ""There is no clear evidence of fine-grained emotions beyond general alarm and resistance based on the provided context.""\n  \n  ,\n  ""free_emotions"": [""confusion"", ""回避""],\n  ""confidence"": 0.0,\n  ""reason"": ""There is no clear evidence of fine-grained emotions beyond general confusion and avoidance based on the provided context.""\n  \n  ,\n  ""free_emotions"": [""alarm"", ""逃避""],\n  ""confidence"": 0.0,\n  ""reason"": ""There is no clear evidence of fine-grained emotions beyond general alarm and avoidance based on the provided context.""\n  \n  ,\n  ""free_emotions"": [""confusion"", ""拒绝""],\n  ""confidence"": 0.0,\n  ""reason"": ""There is no clear evidence of fine-grained emotions beyond general confusion and refusal based on the provided context.""\n  \n  ,\n  ""free_emotions"": [""distress"", ""抗拒""],\n  ""confidence"": 0.0,\n  ""reason"": ""There is no clear evidence of fine-grained emotions beyond general distress and resistance based on the provided context.""\n  \n  ,\n  ""free_emotions"": [""alarm"", ""回避""],\n  ""confidence"": 0.0,\n  ""reason"": ""There is no clear evidence of fine-grained emotions beyond general alarm and avoidance based on the provided context.""\n  \n  ,\n  ""free_emotions"": [""confusion"", ""逃避""],\n  ""confidence"": 0.0,\n  ""reason"": ""There is no clear evidence of fine-grained emotions beyond general confusion and avoidance based on the provided context.""\n  \n  ,\n  ""free_emotions"": [""distress"", ""拒绝""],\n  ""confidence"": 0.0,\n  ""reason"": ""There is no clear evidence of fine-grained emotions beyond general distress and refusal based on the provided context.""\n  \n  ,\n  ""free_emotions"": [""alarm"", ""抗拒""],\n  ""confidence"": 0.0,\n  ""reason"": ""There is no clear evidence of fine-grained emotions beyond general alarm and resistance based on the provided context.""\n  \n  ,\n  ""free_emotions"": [""confusion"", ""回避""],\n  ""confidence"": 0.0,\n  ""reason"": ""There is no clear evidence of fine-grained emotions beyond general confusion and avoidance based on the provided context.""\n  \n  ,\n  ""free_emotions"": [""alarm"", ""逃避""],\n  ""confidence"": 0.0,\n  ""reason"": ""There is no clear evidence of fine-grained emotions beyond general alarm and avoidance based on the provided context.""\n  \n  ,\n  ""free_emotions"": [""confusion"", ""拒绝""],\n  ""confidence"": 0.0,\n  ""reason"": ""There is no clear evidence of fine-grained emotions beyond general confusion and refusal based on the provided context.""\n  \n  ,\n  ""free_emotions"": [""distress"", ""抗拒""],\n  ""confidence"": 0.0,\n  ""reason"": ""There is no clear evidence of fine-grained emotions beyond general distress and resistance based on the provided context.""\n  \n  ,\n  ""free_emotions"": [""alarm"", ""回避""],\n  ""confidence"": 0.0,\n  ""reason"": ""There is no clear evidence of fine-grained emotions beyond general alarm and avoidance based on the provided context.""\n  \n  ,\n  ""free_emotions"": [""confusion"", ""逃避""],\n  ""confidence"": 0.0,\n  ""reason"": ""There is no clear evidence of fine-grained emotions beyond general confusion and avoidance based on the provided context.""\n  \n  ,\n  ""free_emotions"": [""distress"", ""拒绝""],\n  ""confidence"": 0.0,\n  ""reason"": ""There is no clear evidence of fine-grained emotions beyond general distress and refusal based on the provided context.""\n  \n  ,\n  ""free_emotions"": [""alarm"", ""抗拒""],\n  ""confidence"": 0.0,\n  ""reason"": ""There is no clear evidence of fine-grained emotions beyond general alarm and resistance based on the provided context.""\n  \n  ,\n  ""free_emotions"": [""confusion"", ""回避""],\n  ""confidence"": 0.0,\n  ""reason"": ""There is no clear evidence of fine-grained emotions beyond general confusion and avoidance based on the provided context.""\n  \n  ,\n  ""free_emotions"": [""alarm"", ""逃避""],\n  ""confidence"": 0.0,\n  ""reason"": ""There is no clear evidence of fine-grained emotions beyond general alarm and avoidance based on the provided context.""\n  \n  ,\n  ""free_emotions"": [""confusion"", ""拒绝""],\n  ""confidence"": 0.0,\n  ""reason"": ""There is no clear evidence of fine-grained emotions beyond general confusion and refusal based on the provided context.""\n  \n  ,\n  ""free_emotions"": [""distress"", ""抗拒""],\n  ""confidence"": 0.0,\n  ""reason"": ""There is no clear evidence of fine-grained emotions beyond general distress and resistance based on the provided context.""\n  \n  ,\n  ""free_emotions"": [""alarm"", ""回避""],\n  ""confidence"": 0.0,\n  ""reason"": ""There is no clear evidence of fine-grained emotions beyond general alarm and avoidance based on the provided context.""\n  \n  ,\n  ""free_emotions"": [""confusion"", ""逃避""],\n  ""confidence"": 0.0,\n  ""reason"": ""There is no clear evidence of fine-grained emotions beyond general confusion and avoidance based on the provided context.""\n  \n  ,\n  ""free_emotions"": [""distress"", ""拒绝""],\n  ""confidence"": 0.0,\n  ""reason"": ""There is no clear evidence of fine-grained emotions beyond general distress and refusal based on the provided context.""\n  \n  ,\n  ""free_emotions"": [""alarm"", ""抗拒""],\n  ""confidence"": 0.0,\n  ""reason"": ""There is no clear evidence of fine-grained emotions beyond general alarm and resistance based on the provided context.""\n  \n  ,\n  ""free_emotions"": [""confusion"", ""回避""],\n  ""confidence"": 0.0,\n  ""reason"": ""There is no clear evidence of fine-grained emotions beyond general confusion and avoidance based on the provided context.""\n  \n  ,\n  ""free_emotions"": [""alarm"", ""逃避""],\n  ""confidence"": 0.0,\n  ""reason"": ""There is no clear evidence of fine-grained emotions beyond general alarm and avoidance based on the provided context.""\n  \n  ,\n  ""free_emotions"": [""confusion"", ""拒绝""],\n  ""confidence"": 0.0,\n  ""reason"": ""There is no clear evidence of fine-grained emotions beyond general confusion and refusal based on the provided context.""\n  \n  ,\n  ""free_emotions"": [""distress"", ""抗拒""],\n  ""confidence"": 0.0,\n  ""reason"": ""There is no clear evidence of fine-grained emotions beyond general distress and resistance based on the provided context.""\n  \n  ,\n  ""free_emotions"": [""alarm"", ""回避""],\n  ""confidence"": 0.0,\n  ""reason"": ""There is no clear evidence of fine-grained emotions beyond general alarm and avoidance based on the provided context.""\n  \n  ,\n  ""free_emotions"": [""confusion"", ""逃避""],\n  ""confidence"": 0.0,\n  ""reason"": ""There is no clear evidence of fine-grained emotions beyond general confusion and avoidance based on the provided context.""\n  \n  ,\n  ""free_emotions"": [""distress"", ""拒绝""],\n  ""confidence"": 0.0,\n  ""reason"": ""There is no clear evidence of fine-grained emotions beyond general distress and refusal based on the provided context.""\n  \n  ,\n  ""free_emotions"": [""alarm"", ""抗拒""],\n  ""confidence"": 0.0,\n  ""reason"": ""There is no clear evidence of fine-grained emotions beyond general alarm and resistance based on the provided context.""\n  \n  ,\n  ""free_emotions"": [""confusion"", ""回避""],\n  ""confidence"": 0.0,\n  ""reason"": ""There is no clear evidence of fine-grained emotions beyond general confusion and avoidance based on the provided context.""\n  \n  ,\n  ""free_emotions"": [""alarm"", ""逃避""],\n  ""confidence"": 0.0,\n  ""reason"": ""There is no clear evidence of fine-grained emotions beyond general alarm and avoidance based on the provided context.""\n  \n  ,\n  ""free_emotions"": [""confusion"", ""拒绝""],\n  ""confidence"": 0.0,\n  ""reason"": ""There is no clear evidence of fine-grained emotions beyond general confusion and refusal based on the provided context.""\n  \n  ,\n  ""free_emotions"": [""distress"", ""抗拒""],\n  ""confidence"": 0.0,\n  ""reason"": ""There is no clear evidence of fine-grained emotions beyond general distress and resistance based on the provided context.""\n  \n  ,\n  ""free_emotions"": [""alarm"", ""回避""],\n  ""confidence"": 0.0,\n  ""reason"": ""There is no clear evidence of fine-grained emotions beyond general alarm and avoidance based on the provided context.""\n  \n  ,\n  ""free_emotions"": [""confusion"", ""逃避""],\n  ""confidence"": 0.0,\n  ""reason"": ""There is no clear evidence of fine-grained emotions beyond general confusion and avoidance based on the provided context.""\n  \n  ,\n  ""free_emotions"": [""distress"", ""拒绝""],\n  ""confidence"": 0.0,\n  ""reason"": ""There is no clear evidence of fine-grained emotions beyond general distress and refusal based on the provided context.""\n  \n  ,\n  ""free_emotions"": [""alarm"", ""抗拒""],\n  ""confidence"": 0.0,\n  ""reason"": ""There is no clear evidence of fine-grained emotions beyond general alarm and resistance based on the provided context.""\n  \n  ,\n  ""free_emotions"": [""confusion"", ""回避""],\n  ""confidence"": 0.0,\n  ""reason"": ""There is no clear evidence of fine-grained emotions beyond general confusion and avoidance based on the provided context.""\n  \n  ,\n  ""free_emotions"": [""alarm"", ""逃避""],\n  ""confidence"": 0.0,\n  ""reason"": ""There is no clear evidence of fine-grained emotions beyond general alarm and avoidance based on the provided context.""\n  \n  ,\n  ""free_emotions"": [""confusion"", ""拒绝""],\n  ""confidence"": 0.0,\n  ""reason"": ""There is no clear evidence of fine-grained emotions beyond general confusion and refusal based on the provided context.""\n  \n  ,\n  ""free_emotions"": [""distress"", ""抗拒""],\n  ""confidence"": 0.0,\n  ""reason"": ""There is no clear evidence of fine-grained emotions beyond general distress and resistance based on the provided context.""\n  \n  ,\n  ""free_emotions"": [""alarm"", ""回避""],\n  ""confidence"": 0.0,\n  ""reason"": ""There is no clear evidence of fine-grained emotions beyond general alarm and avoidance based on the provided context.""\n  \n  ,\n  ""free_emotions"": [""confusion"", ""逃避""],\n  ""confidence"": 0.0,\n  ""reason"": ""There is no clear evidence of fine-grained emotions beyond general confusion and avoidance based on the provided context.""\n  \n  ,\n  ""free_emotions"": [""distress"", ""拒绝""],\n  ""confidence"": 0.0,\n  ""reason"": ""There is no clear evidence of fine-grained emotions beyond general distress and refusal based on the provided context.""\n  \n  ,\n  ""free_emotions"": [""alarm"", ""抗拒""],\n  ""confidence"": 0.0,\n  ""reason"": ""There is no clear evidence of fine-grained emotions beyond general alarm and resistance based on the provided context.""\n  \n  ,\n  ""free_emotions"": [""confusion"", ""回避""],\n  ""confidence"": 0.0,\n  ""reason"": ""There is no clear evidence of fine-grained emotions beyond general confusion and avoidance based on the provided context.""\n  \n  ,\n  ""free_emotions"": [""alarm"", ""逃避""],\n  ""confidence"": 0.0,\n  ""reason"": ""There is no clear evidence of fine-grained emotions beyond general alarm and avoidance based on the provided context.""\n  \n  ,\n  ""free_emotions"": [""confusion"", ""拒绝""],\n  ""confidence"": 0.0,\n  ""reason"": ""There is no clear evidence of fine-grained emotions beyond general confusion and refusal based on the provided context.""\n  \n  ,\n  ""free_emotions"": [""distress"", ""抗拒""],\n  ""confidence"": 0.0,\n  ""reason"": ""There is no clear evidence of fine-grained emotions beyond general distress and resistance based on the provided context.""\n  \n  ,\n  ""free_emotions"": [""alarm"", ""回避""],\n  ""confidence"": 0.0,\n  ""reason"": ""There is no clear evidence of fine-grained emotions beyond general alarm and avoidance based on the provided context.""\n  \n  ,\n  ""free_emotions"": [""confusion"", ""逃避""],\n  ""confidence"": 0.0,\n  ""reason"": ""There is no clear evidence of fine-grained emotions beyond general confusion and avoidance based on the provided context.""\n  \n  ,\n  ""free_emotions"": [""distress"", ""拒绝""],\n  ""confidence"": 0.0,\n  ""reason"": ""There is no clear evidence of fine-grained emotions beyond general distress and refusal based on the provided context.""\n  \n  ,\n  ""free_emotions"": [""alarm"", ""抗拒""],\n  ""confidence"": 0.0,\n  ""reason"": ""There is no clear evidence of fine-grained emotions beyond general alarm and resistance based on the provided context.""\n  \n  ,\n  ""free_emotions"": [""confusion"", ""回避""],\n  ""confidence"": 0.0,\n  ""reason"": ""There is no clear evidence of fine-grained emotions beyond general confusion and avoidance based on the provided context.""\n  \n  ,\n  ""free_emotions"": [""alarm"", ""逃避""],\n  ""confidence"": 0.0,\n  ""reason"": ""There is no clear evidence of fine-grained emotions beyond general alarm and avoidance based on the provided context.""\n  \n  ,\n  ""free_emotions"": [""confusion"", ""拒绝""],\n  ""confidence"": 0.0,\n  ""reason"": ""There is no clear evidence of fine-grained emotions beyond general confusion and refusal based on the provided context.""\n  \n  ,\n  ""free_emotions"": [""distress"", ""抗拒""],\n  ""confidence"": 0.0,\n  ""reason"": ""There is no clear evidence of fine-grained emotions beyond general distress and resistance based on the provided context.""\n  \n  ,\n  ""free_emotions"": [""alarm"", ""回避""],\n  ""confidence"": 0.0,\n  ""reason"": ""There is no clear evidence of fine-grained emotions beyond general alarm and avoidance based on the provided context.""\n  \n  ,\n  ""free_emotions"": [""confusion"", ""逃避""],\n  ""confidence"": 0.0,\n  ""reason"": ""There is no clear evidence of fine-grained emotions beyond general confusion and avoidance based on the provided context.""\n  \n  ,\n  ""free_emotions"": [""distress"", ""拒绝""],\n  ""confidence"": 0.0,\n  ""reason"": ""There is no clear evidence of fine-grained emotions beyond general distress and refusal based on the provided context.""\n  \n  ,\n  ""free_emotions"": [""alarm"", ""抗拒""],\n  ""confidence"": 0.0,\n  ""reason"": ""There is no clear evidence of fine-grained emotions beyond general alarm and resistance based on the provided context.""\n  \n  ,\n  ""free_emotions"": [""confusion"", ""回避""],\n  ""confidence"": 0.0,\n  ""reason"": ""There is no clear evidence of fine-grained emotions beyond general confusion and avoidance based on the provided context.""\n  \n  ,\n  ""free_emotions"": [""alarm"", ""逃避""],\n  ""confidence"": 0.0,\n  ""reason"": ""There is no clear evidence of fine-grained emotions beyond general alarm and avoidance based on the provided context.""\n  \n  ,\n  ""free_emotions"": [""confusion"", ""拒绝""],\n  ""confidence"": 0.0,\n  ""reason"": ""There is no clear evidence of fine-grained emotions beyond general confusion and refusal based on the provided context.""\n  \n  ,\n  ""free_emotions"": [""distress"", ""抗拒""],\n  ""confidence"": 0.0,\n  ""reason"": ""There is no clear evidence of fine-grained emotions beyond general distress and resistance based on the provided context.""\n  \n  ,\n  ""free_emotions"": [""alarm"", ""回避""],\n  ""confidence"": 0.0,\n  ""reason"": ""There is no clear evidence of fine-grained emotions beyond general alarm and avoidance based on the provided context.""\n  \n  ,\n  ""free_emotions"": [""confusion"", ""逃避""],\n  ""confidence"": 0.0,\n  ""reason"": ""There is no clear evidence of fine-grained emotions beyond general confusion and avoidance based on the provided context.""\n  \n  ,\n  ""free_emotions"": [""distress"", ""拒绝""],\n  ""confidence"": 0.0,\n  ""reason"": ""There is no clear evidence of fine-grained emotions beyond general distress and refusal based on the provided context.""\n  \n  ,\n  ""free_emotions"": [""alarm"", ""抗拒""],\n  ""confidence"": 0.0,\n  ""reason"": ""There is no clear evidence of fine-grained emotions beyond general alarm and resistance based on the provided context.""\n  \n  ,\n  ""free_emotions"": [""confusion"", ""回避""],\n  ""confidence"": 0.0,\n  ""reason"": ""There is no clear evidence of fine-grained emotions beyond general confusion and avoidance based on the provided context.""\n  \n  ,\n  ""free_emotions"": [""alarm"", ""逃避""],\n  ""confidence"": 0.0,\n  ""reason"": ""There is no clear evidence of fine-grained emotions beyond general alarm and avoidance based on the provided context.""\n  \n  ,\n  ""free_emotions"": [""confusion"", ""拒绝""],\n  ""confidence"": 0.0,\n  ""reason"": ""There is no clear evidence of fine-grained emotions beyond general confusion and refusal based on the provided context.""\n  \n  ,\n  ""free_emotions"": [""distress"", ""抗拒""],\n  ""confidence"": 0.0,\n  ""reason"": ""There is no clear evidence of fine-grained emotions beyond general distress and resistance based on the provided context.""\n  \n  ,\n  ""free_emotions"": [""alarm"", ""回避""],\n  ""confidence"": 0.0,\n  ""reason"": ""There is no clear evidence of fine-grained emotions beyond general alarm and avoidance based on the provided context.""\n  \n  ,\n  ""free_emotions"": [""confusion"", ""逃避""],\n  ""confidence"": 0.0,\n  ""reason"": ""There is no clear evidence of fine-grained emotions beyond general confusion and avoidance based on the provided context.""\n  \n  ,\n  ""free_emotions"": [""distress"", ""拒绝""],\n  ""confidence"": 0.0,\n  ""reason"": ""There is no clear evidence of fine-grained emotions beyond general distress and refusal based on the provided context.""\n  \n  ,\n  ""free_emotions"": [""alarm"", ""抗拒""],\n  ""confidence"": 0.0,\n  ""reason"": ""There is no clear evidence of fine-grained emotions beyond general alarm and resistance based on the provided context.""\n  \n  ,\n  ""free_emotions"": [""confusion"", ""回避""],\n  ""confidence"": 0.0,\n  ""reason"": ""There is no clear evidence of fine-grained emotions beyond general confusion and avoidance based on the provided context.""\n  \n  ,\n  ""free_emotions"": [""alarm"", ""逃避""],\n  ""confidence"": 0.0,\n  ""reason"": ""There is no clear evidence of fine-grained emotions beyond general alarm and avoidance based on the provided context.""\n  \n  ,\n  ""free_emotions"": [""confusion"", ""拒绝""],\n  ""confidence"": 0.0,\n  ""reason"": ""There is no clear evidence of fine-grained emotions beyond general confusion and refusal based on the provided context.""\n  \n  ,\n  ""free_emotions"": [""distress"", ""抗拒""],\n  ""confidence"": 0.0,\n  ""reason"": ""There is no clear evidence of fine-grained emotions beyond general distress and resistance based on the provided context.""\n  \n  ,\n  ""free_emotions"": [""alarm"", ""回避""],\n  """,,,false,,,neutral,default_neutral,0.4,No mappable emotion words found.,false
S0097,275,14,Joey,And you're not supposed to be gossiping!!,"Rachel: Yes! Yes! Yes, you do want to know! This is unbelievable! Joey: I don't care, Rach! Look, I am tired of being the guy who knows all the secrets but can't tell anyone! Rachel: What? What secrets? You know secrets? What are they?",disgust,open_vocab,text + context + image,qwen-vl-plus,open_vocab:S0097:text_plus_context_plus_image,"{\n  ""free_emotions"": [""frustration"", ""anger""],\n  ""confidence"": 0.9,\n  ""reason"": ""Joey's raised hand, intense facial expression, and the context of him being upset about secrets suggest strong frustration and anger.""\n\n  ,\n  ""free_emotions"": [""defensiveness""],\n  ""confidence"": 0.85,\n  ""reason"": ""His body language and tone indicate he feels attacked or misunderstood, leading to a defensive reaction.""\n  \n  ,\n  ""free_emotions"": [""exhaustion""],\n  ""confidence"": 0.7,\n  ""reason"": ""The conversation context reveals Joey is tired of keeping secrets, which aligns with his visibly weary and frustrated demeanor.""\n  \n  ,\n  ""free_emotions"": [""urgency""],\n  ""confidence"": 0.6,\n  ""reason"": ""Joey's animated gestures and emphatic tone suggest he is trying to convey something important or time-sensitive.""\n  \n  ,\n  ""free_emotions"": [""disappointment""],\n  ""confidence"": 0.55,\n  ""reason"": ""His facial expression and tone imply he feels let down by Rachel's behavior or lack of understanding.""\n  \n  ,\n  ""free_emotions"": [""assertiveness""],\n  ""confidence"": 0.5,\n  ""reason"": ""Joey's direct gesture and firm tone indicate he is asserting himself in the conversation.""\n  \n  ,\n  ""free_emotions"": [""confusion""],\n  ""confidence"": 0.4,\n  ""reason"": ""Rachel's questioning about secrets may have left Joey feeling slightly confused about her intentions.""\n  \n  ,\n  ""free_emotions"": [""impatience""],\n  ""confidence"": 0.35,\n  ""reason"": ""Joey's animated gestures and tone suggest he is growing impatient with Rachel's behavior.""\n  \n  ,\n  ""free_emotions"": [""determination""],\n  ""confidence"": 0.3,\n  ""reason"": ""Despite his frustration, Joey appears determined to make his point clear to Rachel.""\n  \n  ,\n  ""free_emotions"": [""vulnerability""],\n  ""confidence"": 0.25,\n  ""reason"": ""Underneath his anger, there may be an underlying sense of vulnerability from being the keeper of secrets.""\n  \n  ,\n  ""free_emotions"": [""resignation""],\n  ""confidence"": 0.2,\n  ""reason"": ""Joey's expression hints at a possible resignation about the situation, as if he knows it won't change.""\n  \n  ,\n  ""free_emotions"": [""intensity""],\n  ""confidence"": 0.15,\n  ""reason"": ""The overall energy and focus in Joey's demeanor reflect a high level of emotional intensity.""\n  \n  ,\n  ""free_emotions"": [""tension""],\n  ""confidence"": 0.1,\n  ""reason"": ""The interaction between Joey and Rachel creates a palpable sense of tension in the scene.""\n  \n  ,\n  ""free_emotions"": [""resolve""],\n  ""confidence"": 0.05,\n  ""reason"": ""Joey's stance and expression suggest a quiet resolve to stand his ground in the conversation.""\n  \n  ,\n  ""free_emotions"": [""anxiety""],\n  ""confidence"": 0.01,\n  ""reason"": ""There may be a subtle undercurrent of anxiety in Joey's demeanor, though it is not the dominant emotion.""\n  \n  ,\n  ""free_emotions"": [""indifference""],\n  ""confidence"": 0.0,\n  ""reason"": ""There is no evidence in the visual or contextual cues to suggest Joey is indifferent.""\n  \n  ,\n  ""free_emotions"": [""joy""],\n  ""confidence"": 0.0,\n  ""reason"": ""Joey's expression and tone clearly do not convey joy or happiness.""\n  \n  ,\n  ""free_emotions"": [""sadness""],\n  ""confidence"": 0.0,\n  ""reason"": ""There are no indicators of sadness in Joey's demeanor or the context provided.""\n  \n  ,\n  ""free_emotions"": [""shame""],\n  ""confidence"": 0.0,\n  ""reason"": ""Joey does not appear to be expressing shame or embarrassment in this moment.""\n  \n  ,\n  ""free_emotions"": [""guilt""],\n  ""confidence"": 0.0,\n  ""reason"": ""There is no indication that Joey feels guilty about the situation.""\n  \n  ,\n  ""free_emotions"": [""hope""],\n  ""confidence"": 0.0,\n  ""reason"": ""Joey's demeanor suggests he is not expressing hope or optimism.""\n  \n  ,\n  ""free_emotions"": [""excitement""],\n  ""confidence"": 0.0,\n  ""reason"": ""Joey's expression and tone do not convey excitement or enthusiasm.""\n  \n  ,\n  ""free_emotions"": [""fear""],\n  ""confidence"": 0.0,\n  ""reason"": ""There is no evidence to suggest Joey is experiencing fear in this scene.""\n  \n  ,\n  ""free_emotions"": [""love""],\n  ""confidence"": 0.0,\n  ""reason"": ""Joey's emotions are focused on frustration and anger, not love.""\n  \n  ,\n  ""free_emotions"": [""gratitude""],\n  ""confidence"": 0.0,\n  ""reason"": ""There is no indication of gratitude in Joey's demeanor or the context.""\n  \n  ,\n  ""free_emotions"": [""relief""],\n  ""confidence"": 0.0,\n  ""reason"": ""Joey does not appear to be relieved; instead, he seems frustrated and angry.""\n  \n  ,\n  ""free_emotions"": [""pity""],\n  ""confidence"": 0.0,\n  ""reason"": ""There is no evidence to suggest Joey is feeling pity for anyone in this scene.""\n  \n  ,\n  ""free_emotions"": [""envy""],\n  ""confidence"": 0.0,\n  ""reason"": ""Joey's emotions are directed outwardly in frustration, not inwardly toward envy.""\n  \n  ,\n  ""free_emotions"": [""jealousy""],\n  ""confidence"": 0.0,\n  ""reason"": ""There is no indication of jealousy in Joey's demeanor or the context provided.""\n  \n  ,\n  ""free_emotions"": [""contempt""],\n  ""confidence"": 0.0,\n  ""reason"": ""Joey's expression and tone do not convey contempt or disdain.""\n  \n  ,\n  ""free_emotions"": [""admiration""],\n  ""confidence"": 0.0,\n  ""reason"": ""Joey's emotions are not aligned with admiration or respect.""\n  \n  ,\n  ""free_emotions"": [""surprise""],\n  ""confidence"": 0.0,\n  ""reason"": ""Joey's demeanor suggests he is reacting to something expected, not surprised.""\n  \n  ,\n  ""free_emotions"": [""boredom""],\n  ""confidence"": 0.0,\n  ""reason"": ""Joey's animated gestures and tone indicate he is anything but bored.""\n  \n  ,\n  ""free_emotions"": [""curiosity""],\n  ""confidence"": 0.0,\n  ""reason"": ""Joey's focus is on frustration rather than curiosity about the situation.""\n  \n  ,\n  ""free_emotions"": [""nostalgia""],\n  ""confidence"": 0.0,\n  ""reason"": ""There is no indication of nostalgia in Joey's demeanor or the context.""\n  \n  ,\n  ""free_emotions"": [""melancholy""],\n  ""confidence"": 0.0,\n  ""reason"": ""Joey's emotions are more active and intense than melancholy.""\n  \n  ,\n  ""free_emotions"": [""humor""],\n  ""confidence"": 0.0,\n  ""reason"": ""Joey's expression and tone do not convey humor or lightheartedness.""\n  \n  ,\n  ""free_emotions"": [""awe""],\n  ""confidence"": 0.0,\n  ""reason"": ""There is no evidence to suggest Joey is experiencing awe or wonder.""\n  \n  ,\n  ""free_emotions"": [""pride""],\n  ""confidence"": 0.0,\n  ""reason"": ""Joey's demeanor does not reflect pride or self-satisfaction.""\n  \n  ,\n  ""free_emotions"": [""shock""],\n  ""confidence"": 0.0,\n  ""reason"": ""Joey's reaction is more consistent with frustration than shock.""\n  \n  ,\n  ""free_emotions"": [""anticipation""],\n  ""confidence"": 0.0,\n  ""reason"": ""Joey's emotions are reactive rather than anticipatory.""\n  \n  ,\n  ""free_emotions"": [""ambivalence""],\n  ""confidence"": 0.0,\n  ""reason"": ""Joey's emotions are clearly directed and not ambivalent.""\n  \n  ,\n  ""free_emotions"": [""resentment""],\n  ""confidence"": 0.0,\n  ""reason"": ""While there is frustration, there is no clear indication of resentment.""\n  \n  ,\n  ""free_emotions"": [""compassion""],\n  ""confidence"": 0.0,\n  ""reason"": ""Joey's demeanor does not suggest compassion or empathy.""\n  \n  ,\n  ""free_emotions"": [""irritation""],\n  ""confidence"": 0.0,\n  ""reason"": ""Joey's frustration could be interpreted as irritation, but it is more accurately described as anger.""\n  \n  ,\n  ""free_emotions"": [""exasperation""],\n  ""confidence"": 0.0,\n  ""reason"": ""Joey's tone and gestures suggest exasperation, but 'anger' is a more precise label.""\n  \n  ,\n  ""free_emotions"": [""aggression""],\n  ""confidence"": 0.0,\n  ""reason"": ""Joey's behavior is assertive but not overtly aggressive.""\n  \n  ,\n  ""free_emotions"": [""dominance""],\n  ""confidence"": 0.0,\n  ""reason"": ""Joey is expressing himself strongly, but dominance is not the primary emotion.""\n  \n  ,\n  ""free_emotions"": [""assertiveness""],\n  ""confidence"": 0.0,\n  ""reason"": ""Joey is asserting himself, but 'anger' is a more encompassing label.""\n  \n  ,\n  ""free_emotions"": [""determination""],\n  ""confidence"": 0.0,\n  ""reason"": ""Joey's resolve is present, but 'anger' is the dominant emotion.""\n  \n  ,\n  ""free_emotions"": [""urgency""],\n  ""confidence"": 0.0,\n  ""reason"": ""Joey's tone suggests urgency, but 'anger' is more accurate.""\n  \n  ,\n  ""free_emotions"": [""intensity""],\n  ""confidence"": 0.0,\n  ""reason"": ""Joey's demeanor is intense, but 'anger' captures the specific emotion better.""\n  \n  ,\n  ""free_emotions"": [""resolve""],\n  ""confidence"": 0.0,\n  ""reason"": ""Joey's stance suggests resolve, but 'anger' is the primary emotion.""\n  \n  ,\n  ""free_emotions"": [""vulnerability""],\n  ""confidence"": 0.0,\n  ""reason"": ""There may be an underlying sense of vulnerability, but 'anger' is the most prominent emotion.""\n  \n  ,\n  ""free_emotions"": [""tension""],\n  ""confidence"": 0.0,\n  ""reason"": ""Tension is present, but 'anger' is the dominant emotion.""\n  \n  ,\n  ""free_emotions"": [""impatience""],\n  ""confidence"": 0.0,\n  ""reason"": ""Joey's demeanor suggests impatience, but 'anger' is more precise.""\n  \n  ,\n  ""free_emotions"": [""assertiveness""],\n  ""confidence"": 0.0,\n  ""reason"": ""Joey is assertive, but 'anger' is the primary emotion.""\n  \n  ,\n  ""free_emotions"": [""determination""],\n  ""confidence"": 0.0,\n  ""reason"": ""Joey's resolve is present, but 'anger' is the dominant emotion.""\n  \n  ,\n  ""free_emotions"": [""urgency""],\n  ""confidence"": 0.0,\n  ""reason"": ""Joey's tone suggests urgency, but 'anger' is more accurate.""\n  \n  ,\n  ""free_emotions"": [""intensity""],\n  ""confidence"": 0.0,\n  ""reason"": ""Joey's demeanor is intense, but 'anger' captures the specific emotion better.""\n  \n  ,\n  ""free_emotions"": [""resolve""],\n  ""confidence"": 0.0,\n  ""reason"": ""Joey's stance suggests resolve, but 'anger' is the primary emotion.""\n  \n  ,\n  ""free_emotions"": [""vulnerability""],\n  ""confidence"": 0.0,\n  ""reason"": ""There may be an underlying sense of vulnerability, but 'anger' is the most prominent emotion.""\n  \n  ,\n  ""free_emotions"": [""tension""],\n  ""confidence"": 0.0,\n  ""reason"": ""Tension is present, but 'anger' is the dominant emotion.""\n  \n  ,\n  ""free_emotions"": [""impatience""],\n  ""confidence"": 0.0,\n  ""reason"": ""Joey's demeanor suggests impatience, but 'anger' is more precise.""\n  \n  ,\n  ""free_emotions"": [""assertiveness""],\n  ""confidence"": 0.0,\n  ""reason"": ""Joey is assertive, but 'anger' is the primary emotion.""\n  \n  ,\n  ""free_emotions"": [""determination""],\n  ""confidence"": 0.0,\n  ""reason"": ""Joey's resolve is present, but 'anger' is the dominant emotion.""\n  \n  ,\n  ""free_emotions"": [""urgency""],\n  ""confidence"": 0.0,\n  ""reason"": ""Joey's tone suggests urgency, but 'anger' is more accurate.""\n  \n  ,\n  ""free_emotions"": [""intensity""],\n  ""confidence"": 0.0,\n  ""reason"": ""Joey's demeanor is intense, but 'anger' captures the specific emotion better.""\n  \n  ,\n  ""free_emotions"": [""resolve""],\n  ""confidence"": 0.0,\n  ""reason"": ""Joey's stance suggests resolve, but 'anger' is the primary emotion.""\n  \n  ,\n  ""free_emotions"": [""vulnerability""],\n  ""confidence"": 0.0,\n  ""reason"": ""There may be an underlying sense of vulnerability, but 'anger' is the most prominent emotion.""\n  \n  ,\n  ""free_emotions"": [""tension""],\n  ""confidence"": 0.0,\n  ""reason"": ""Tension is present, but 'anger' is the dominant emotion.""\n  \n  ,\n  ""free_emotions"": [""impatience""],\n  ""confidence"": 0.0,\n  ""reason"": ""Joey's demeanor suggests impatience, but 'anger' is more precise.""\n  \n  ,\n  ""free_emotions"": [""assertiveness""],\n  ""confidence"": 0.0,\n  ""reason"": ""Joey is assertive, but 'anger' is the primary emotion.""\n  \n  ,\n  ""free_emotions"": [""determination""],\n  ""confidence"": 0.0,\n  ""reason"": ""Joey's resolve is present, but 'anger' is the dominant emotion.""\n  \n  ,\n  ""free_emotions"": [""urgency""],\n  ""confidence"": 0.0,\n  ""reason"": ""Joey's tone suggests urgency, but 'anger' is more accurate.""\n  \n  ,\n  ""free_emotions"": [""intensity""],\n  ""confidence"": 0.0,\n  ""reason"": ""Joey's demeanor is intense, but 'anger' captures the specific emotion better.""\n  \n  ,\n  ""free_emotions",,,false,,,neutral,default_neutral,0.4,No mappable emotion words found.,false
S0098,278,0,Chandler,Someone on the subway licked my neck! Licked my neck!!,,disgust,open_vocab,text + context + image,qwen-vl-plus,open_vocab:S0098:text_plus_context_plus_image,"{\n  ""free_emotions"": [""shock"", ""disgust""],\n  ""confidence"": 0.9,\n  ""reason"": ""The speaker's tone and the content of the utterance suggest a strong reaction of shock and disgust to an unexpected and unpleasant experience.""\n}",0.9,The speaker's tone and the content of the utterance suggest a strong reaction of shock and disgust to an unexpected and unpleasant experience.,false,shock|disgust,shock|disgust,neutral,default_neutral,0.4,No mappable emotion words found.,false
S0099,278,9,Monica,"Oh, heres a great one.","Joey: Tequila!! Chandler: I dont know what it is, I just cant take a good picture. Phoebe: That's fun.",joy,open_vocab,text + context + image,qwen-vl-plus,open_vocab:S0099:text_plus_context_plus_image,"{\n  ""free_emotions"": [""excitement"", ""anticipation""],\n  ""confidence"": 0.85,\n  ""reason"": ""Monica's tone and the context of her saying 'here's a great one' suggest she is excited and anticipates something enjoyable.""\n}",0.85,Monica's tone and the context of her saying 'here's a great one' suggest she is excited and anticipates something enjoyable.,false,excitement|anticipation,excitement|anticipation,joy,hybrid_dictionary_plus_fallback,0.75,Dictionary majority vote over normalized emotion words.,true
S0100,28,1,Phoebe,"Oh, this life! Oh okay no, Chandler's is worse.","Ross: In Man: Oh uh, up or down? Ross: Please!",sadness,open_vocab,text + context + image,qwen-vl-plus,open_vocab:S0100:text_plus_context_plus_image,"{\n  ""free_emotions"": [""frustration"", ""exasperation""],\n  ""confidence"": 0.85,\n  ""reason"": ""Phoebe's tone and the context of her statement suggest she is expressing frustration, likely about a situation involving Chandler, as indicated by her comparison to 'Chandler's' being worse.""\n}",0.85,"Phoebe's tone and the context of her statement suggest she is expressing frustration, likely about a situation involving Chandler, as indicated by her comparison to 'Chandler's' being worse.",false,frustration|exasperation,frustration|exasperation,neutral,heuristic_llm_fallback,0.55,"Unresolved words: frustration, exasperation; used text-level fallback.",false
S0102,287,6,Joey,"I know, butcome on, man, she's needy, she's vulnerable.","Joey: The only reason she's goin' out with me is because I said I could bring a friend for her friend. Chandler: Yes, I know, but her friend sounds like such a... Joey: Pathetic mess?",neutral,open_vocab,text + context + image,qwen-vl-plus,open_vocab:S0102:text_plus_context_plus_image,"{\n  ""free_emotions"": [""frustrated"", ""defensive""],\n  ""confidence"": 0.85,\n  ""reason"": ""Joey's tone and body language suggest frustration with Chandler's perspective, while his use of 'come on' indicates defensiveness about his own actions.""\n}",0.85,"Joey's tone and body language suggest frustration with Chandler's perspective, while his use of 'come on' indicates defensiveness about his own actions.",false,frustrated|defensive,frustrated|defensive,anger,hybrid_dictionary_plus_fallback,0.75,Dictionary majority vote over normalized emotion words.,false
S0101,28,2,Joey,"Man, it must be so cool remembering stuff like that! I don't have any past life memories.","Phoebe: Oh, this life! Oh okay no, Chandler's is worse. Phoebe: Oh down please.  I-I hate to be a ball buster can I just do it? Ross: Are you kidding?",joy,open_vocab,text + context + image,qwen-vl-plus,open_vocab:S0101:text_plus_context_plus_image,"{\n  ""free_emotions"": [""curiosity"", ""wistfulness""],\n  ""confidence"": 0.85,\n  ""reason"": ""Joey's expression and tone suggest he is curious about the idea of remembering past lives, while also showing a hint of wistfulness due to his lack of such memories.""\n}",0.85,"Joey's expression and tone suggest he is curious about the idea of remembering past lives, while also showing a hint of wistfulness due to his lack of such memories.",false,curiosity|wistfulness,curiosity|wistfulness,neutral,heuristic_llm_fallback,0.55,"Unresolved words: curiosity, wistfulness; used text-level fallback.",false
S0103,29,6,Chandler,"Look, we have enough, just walk away.",Monica: What?  Why? Rachel: No. Ross: There's something new in the bowl.,fear,open_vocab,text + context + image,qwen-vl-plus,open_vocab:S0103:text_plus_context_plus_image,"{\n  ""free_emotions"": [""urgent"", ""determined""],\n  ""confidence"": 0.85,\n  ""reason"": ""Chandler's body language and tone suggest urgency and resolve, likely due to the context of needing to leave quickly.""\n}",0.85,"Chandler's body language and tone suggest urgency and resolve, likely due to the context of needing to leave quickly.",false,urgent|determined,urgent|determined,neutral,heuristic_llm_fallback,0.55,"Unresolved words: urgent, determined; used text-level fallback.",false
S0104,291,0,Phoebe,"No look, I-Im sure that people know you exist!",,sadness,open_vocab,text + context + image,qwen-vl-plus,open_vocab:S0104:text_plus_context_plus_image,"{\n  ""free_emotions"": [""uncertainty"", ""hesitation""],\n  ""confidence"": 0.7,\n  ""reason"": ""Phoebe's hesitant tone and the phrase 'I-I'm sure' suggest uncertainty, possibly due to social anxiety or self-doubt in the context of being observed by others.""\n}",0.7,"Phoebe's hesitant tone and the phrase 'I-I'm sure' suggest uncertainty, possibly due to social anxiety or self-doubt in the context of being observed by others.",false,uncertainty|hesitation,uncertainty|hesitation,neutral,heuristic_llm_fallback,0.55,"Unresolved words: uncertainty, hesitation; used text-level fallback.",false
S0105,295,13,Joey,"Well, she graduated from high school!","Phoebe: ThatIts not the same thing! This is Joey: Okay, well my girl from the other night was special. She was a scientist too! Phoebe: She was?",anger,open_vocab,text + context + image,qwen-vl-plus,open_vocab:S0105:text_plus_context_plus_image,"{\n  ""free_emotions"": [""surprise"", ""interest""],\n  ""confidence"": 0.85,\n  ""reason"": ""Joey's statement about his girl being a scientist seems to elicit surprise and interest from Phoebe, as indicated by her attentive expression and the context of their conversation.""\n}",0.85,"Joey's statement about his girl being a scientist seems to elicit surprise and interest from Phoebe, as indicated by her attentive expression and the context of their conversation.",false,surprise|interest,surprise|interest,surprise,hybrid_dictionary_plus_fallback,0.75,Dictionary majority vote over normalized emotion words.,false
S0106,30,4,Paul,"So Ross, what your problem?","Phoebe: Dont worry about me, Im a robot! Im just a machine!! Janice: Oh,  I wish. No, you know he was just trying Ross's Hug and Roll thing. Ross: Of course, of course, Mr. Stevens.",anger,open_vocab,text + context + image,qwen-vl-plus,open_vocab:S0106:text_plus_context_plus_image,"{\n  ""free_emotions"": [""curious"", ""concerned""],\n  ""confidence"": 0.85,\n  ""reason"": ""Paul's tone and facial expression suggest he is inquiring about Ross's issue with a mix of curiosity and concern, as indicated by his direct gaze and slightly furrowed brow.""\n}",0.85,"Paul's tone and facial expression suggest he is inquiring about Ross's issue with a mix of curiosity and concern, as indicated by his direct gaze and slightly furrowed brow.",false,curious|concerned,curious|concerned,neutral,heuristic_llm_fallback,0.55,"Unresolved words: curious, concerned; used text-level fallback.",false
S0107,30,7,Ross,Thats funny. Umm.  Its not funny.,Ross: Eh-whExcuse me? Joey: What? Paul: Why cant you get a girlfriend your own age?,fear,open_vocab,text + context + image,qwen-vl-plus,open_vocab:S0107:text_plus_context_plus_image,"{\n  ""free_emotions"": [""confusion"", ""hesitation""],\n  ""confidence"": 0.85,\n  ""reason"": ""Ross's utterance 'That's funny. Umm... It's not funny.' indicates internal conflict and hesitation, while the visual context shows him engaged in a conversation that seems to prompt this reaction.""\n}",0.85,"Ross's utterance 'That's funny. Umm... It's not funny.' indicates internal conflict and hesitation, while the visual context shows him engaged in a conversation that seems to prompt this reaction.",false,confusion|hesitation,confusion|hesitation,neutral,heuristic_llm_fallback,0.55,"Unresolved words: confusion, hesitation; used text-level fallback.",false
S0108,306,4,Carol,"Y'know what, I want to talk to you about this so much, but we should probably do it when we could really get into it, are you free for dinner tomorrow night?","Ross: Cause you know love lasts forever, y'know. Ross: Nothing like it in this lifetime, money in the bank, so Rachel and I broke up. Carol: Oh God, Ross I am so sorry.",neutral,open_vocab,text + context + image,qwen-vl-plus,open_vocab:S0108:text_plus_context_plus_image,"{\n  ""free_emotions"": [""concern"", ""empathy""],\n  ""confidence"": 0.85,\n  ""reason"": ""Carol's expression and tone suggest she is empathizing with Ross's breakup, showing concern for his feelings.""\n}",0.85,"Carol's expression and tone suggest she is empathizing with Ross's breakup, showing concern for his feelings.",false,concern|empathy,concern|empathy,neutral,heuristic_llm_fallback,0.55,"Unresolved words: concern, empathy; used text-level fallback.",true
S0110,32,2,Dr. Long,"So, eight days late huh?","Rachel: Okay. Phoebe Sr: Take it easy--if you want, theres cookies on the counter, or, or--sangria!  I can make sangria! Phoebe: Oh yeah, I'm sure.  And all of a sudden his hands weren't the problem anymore.",surprise,open_vocab,text + context + image,qwen-vl-plus,open_vocab:S0110:text_plus_context_plus_image,"{\n  ""free_emotions"": [""curious"", ""concerned""],\n  ""confidence"": 0.85,\n  ""reason"": ""Dr. Long's tone and facial expression suggest she is inquiring with interest while also showing concern about the situation being discussed.""\n}",0.85,Dr. Long's tone and facial expression suggest she is inquiring with interest while also showing concern about the situation being discussed.,false,curious|concerned,curious|concerned,neutral,heuristic_llm_fallback,0.55,"Unresolved words: curious, concerned; used text-level fallback.",false
S0109,316,2,Chandler,"I know you cant stand to be in the same room as me, so I just thought Id try and apologize over the phone.","Joey: Hello. Chandler: Hey, its me.",sadness,open_vocab,text + context + image,qwen-vl-plus,open_vocab:S0109:text_plus_context_plus_image,"{\n  ""free_emotions"": [""apologetic"", ""resigned""],\n  ""confidence"": 0.85,\n  ""reason"": ""Chandler's tone and body language suggest he is attempting to apologize, indicating a sense of resignation about the situation.""\n}",0.85,"Chandler's tone and body language suggest he is attempting to apologize, indicating a sense of resignation about the situation.",false,apologetic|resigned,apologetic|resigned,neutral,heuristic_llm_fallback,0.55,"Unresolved words: apologetic, resigned; used text-level fallback.",false
S0112,32,13,Ross,Guys?,"Dr. Long: Okay, theres an herbal tea you can drink. Phoebe: Yeah, no, it was great. Ross: It's your moral obligation, as a friend, as a woman, I think it's a feminist issue!",anger,open_vocab,text + context + image,qwen-vl-plus,open_vocab:S0112:text_plus_context_plus_image,"{\n  ""free_emotions"": [""inquisitive"", ""persuasive""],\n  ""confidence"": 0.85,\n  ""reason"": ""Ross's tone and gesture suggest he is seeking attention or agreement, indicating an inquisitive and persuasive emotional state.""\n}",0.85,"Ross's tone and gesture suggest he is seeking attention or agreement, indicating an inquisitive and persuasive emotional state.",false,inquisitive|persuasive,inquisitive|persuasive,joy,heuristic_llm_fallback,0.55,"Unresolved words: inquisitive, persuasive; used text-level fallback.",false
S0111,32,8,Phoebe,"Oh, what? What was it?","Dr. Long: It still could last a little while longer. Phoebe Sr: Ohh, well. Y'know we were always together, in fact the had a nickname for the three of us. Ross: The actress!",surprise,open_vocab,text + context + image,qwen-vl-plus,open_vocab:S0111:text_plus_context_plus_image,"{\n  ""free_emotions"": [""confusion"", ""curiosity""],\n  ""confidence"": 0.85,\n  ""reason"": ""Phoebe's question 'Oh, what? What was it?' indicates she is seeking clarification, showing both confusion about the previous statement and curiosity about its meaning.""\n}",0.85,"Phoebe's question 'Oh, what? What was it?' indicates she is seeking clarification, showing both confusion about the previous statement and curiosity about its meaning.",false,confusion|curiosity,confusion|curiosity,neutral,heuristic_llm_fallback,0.55,"Unresolved words: confusion, curiosity; used text-level fallback.",false
S0113,321,8,Phoebe,We didnt have sex.,"Eric: Uh, the sex. Phoebe: What sex? Eric: Our sex.",surprise,open_vocab,text + context + image,qwen-vl-plus,open_vocab:S0113:text_plus_context_plus_image,"{\n  ""free_emotions"": [""playful"", ""amused""],\n  ""confidence"": 0.85,\n  ""reason"": ""Phoebe's smile and body language suggest she is reacting to Eric's comment with amusement and a playful tone.""\n}",0.85,Phoebe's smile and body language suggest she is reacting to Eric's comment with amusement and a playful tone.,false,playful|amused,playful|amused,joy,hybrid_dictionary_plus_fallback,0.75,Dictionary majority vote over normalized emotion words.,false
S0114,321,10,Phoebe,Ew! Ew! Ew! Ew! Ew! Ew!,"Eric: Our sex. Phoebe: We didnt have sex. Eric: Well if I didnt have sex with you, I had sex with someone that looked an awful lot like",disgust,open_vocab,text + context + image,qwen-vl-plus,open_vocab:S0114:text_plus_context_plus_image,"{\n  ""free_emotions"": [""disgust"", ""annoyance""],\n  ""confidence"": 0.9,\n  ""reason"": ""Phoebe's repeated 'Ew!' and her facial expression in the image convey strong feelings of disgust and annoyance.""\n}",0.9,Phoebe's repeated 'Ew!' and her facial expression in the image convey strong feelings of disgust and annoyance.,false,disgust|annoyance,disgust|annoyance,neutral,default_neutral,0.4,No mappable emotion words found.,false
S0116,328,1,Jill,Because Im not going to spend one more day with someone whose out to sabotage my every move.,"Jill: All right, Im leaving!",anger,open_vocab,text + context + image,qwen-vl-plus,open_vocab:S0116:text_plus_context_plus_image,"{\n  ""free_emotions"": [""anger"", ""determination""],\n  ""confidence"": 0.9,\n  ""reason"": ""Jill's statement expresses strong disapproval and a firm decision to leave, indicating anger and determination.""\n}",0.9,"Jill's statement expresses strong disapproval and a firm decision to leave, indicating anger and determination.",false,anger|determination,anger|determination,anger,hybrid_dictionary_plus_fallback,0.75,Dictionary majority vote over normalized emotion words.,true
S0115,327,4,Phoebe,"Oh, come on!","Ross: When did I say you were boring?! Phoebe: Oh my God, I remember now! We were playing chess! Ross: Phoebe! You and I have",joy,open_vocab,text + context + image,qwen-vl-plus,open_vocab:S0115:text_plus_context_plus_image,"{\n  ""free_emotions"": [""annoyance"", ""amusement""],\n  ""confidence"": 0.85,\n  ""reason"": ""Phoebe's exclamation 'Oh, come on!' suggests mild annoyance or frustration, while her facial expression and body language in the image convey amusement.""\n}",0.85,"Phoebe's exclamation 'Oh, come on!' suggests mild annoyance or frustration, while her facial expression and body language in the image convey amusement.",false,annoyance|amusement,annoyance|amusement,neutral,default_neutral,0.4,No mappable emotion words found.,false
S0117,332,7,Mona,"No, I mean it. There are so few genuinely nice guys out there.","Ross: Oh, thank you. Mona: That is so sweet! Joey: Yeah.",anger,open_vocab,text + context + image,qwen-vl-plus,open_vocab:S0117:text_plus_context_plus_image,"{\n  ""free_emotions"": [""appreciation"", ""sincerity""],\n  ""confidence"": 0.85,\n  ""reason"": ""Mona's statement 'No, I mean it' indicates sincerity, and her comment about 'genuinely nice guys' suggests appreciation for genuine qualities.""\n}",0.85,"Mona's statement 'No, I mean it' indicates sincerity, and her comment about 'genuinely nice guys' suggests appreciation for genuine qualities.",false,appreciation|sincerity,appreciation|sincerity,neutral,heuristic_llm_fallback,0.55,"Unresolved words: appreciation, sincerity; used text-level fallback.",false
S0118,334,2,Joey,"Listen uh, could you put Kathy on, I wanna apologize.","Joey: Yeah, it mustve fallen out a few blocks back. I just figured we hit a dog. Chandler: Okay.",sadness,open_vocab,text + context + image,qwen-vl-plus,open_vocab:S0118:text_plus_context_plus_image,"{\n  ""free_emotions"": [""apologetic"", ""urgent""],\n  ""confidence"": 0.85,\n  ""reason"": ""Joey's tone and body language suggest he is earnestly seeking to apologize, indicating both apologetic intent and a sense of urgency in connecting with Kathy.""\n}",0.85,"Joey's tone and body language suggest he is earnestly seeking to apologize, indicating both apologetic intent and a sense of urgency in connecting with Kathy.",false,apologetic|urgent,apologetic|urgent,neutral,heuristic_llm_fallback,0.55,"Unresolved words: apologetic, urgent; used text-level fallback.",false
S0120,337,5,Chandler,Score! Where are the disposable cameras?,Ross: Why not? Its built into the price of the room. Chandler: Yeah but you dont needWhat is this? Ross: Thread!,joy,open_vocab,text + context + image,qwen-vl-plus,open_vocab:S0120:text_plus_context_plus_image,"{\n  ""free_emotions"": [""excited"", ""curious""],\n  ""confidence"": 0.85,\n  ""reason"": ""Chandler's exclamation 'Score!' and his animated gesture suggest excitement, while his question about disposable cameras indicates curiosity about their location.""\n}",0.85,"Chandler's exclamation 'Score!' and his animated gesture suggest excitement, while his question about disposable cameras indicates curiosity about their location.",false,excited|curious,excited|curious,joy,hybrid_dictionary_plus_fallback,0.75,Dictionary majority vote over normalized emotion words.,true
S0119,336,10,Ross,"Mon, look at yourself. You have cookie on your neck.","Monica: No, just, just, just a couple more boxes. Monica: It-it-its no big deal, all right, Im-Im cool. Monica: You gotta help me out with a couple more boxes!",disgust,open_vocab,text + context + image,qwen-vl-plus,open_vocab:S0119:text_plus_context_plus_image,"{\n  ""free_emotions"": [""amused"", ""teasing""],\n  ""confidence"": 0.85,\n  ""reason"": ""Ross's expression and tone suggest he is playfully pointing out Monica's cookie on her neck, indicating amusement and a teasing demeanor.""\n}",0.85,"Ross's expression and tone suggest he is playfully pointing out Monica's cookie on her neck, indicating amusement and a teasing demeanor.",false,amused|teasing,amused|teasing,joy,hybrid_dictionary_plus_fallback,0.75,Dictionary majority vote over normalized emotion words.,false
S0122,342,10,Chandler,Let me think. Let me thinkOh! I dont care.,"Ross: Yknow what? Youre just upset because youre losing. Chandler: Oh come on Ross, I think were all losers here. Joey: All right. Chandler, you can either spin the wheel or pick a Google card.",anger,open_vocab,text + context + image,qwen-vl-plus,open_vocab:S0122:text_plus_context_plus_image,"{\n  ""free_emotions"": [""indifferent"", ""frustrated""],\n  ""confidence"": 0.85,\n  ""reason"": ""Chandler's dismissive tone and body language, such as the hand gesture and facial expression, suggest a lack of concern ('I don't care') combined with frustration from the ongoing situation.""\n}",0.85,"Chandler's dismissive tone and body language, such as the hand gesture and facial expression, suggest a lack of concern ('I don't care') combined with frustration from the ongoing situation.",false,indifferent|frustrated,indifferent|frustrated,neutral,default_neutral,0.4,No mappable emotion words found.,false
S0121,34,13,Monica,Yknow what? You are right?!,"Ross: Is that so? Rachel: Oh my God!! Do it!! Honey, youve waited Rachel: Yeah.",surprise,open_vocab,text + context + image,qwen-vl-plus,open_vocab:S0121:text_plus_context_plus_image,"{\n  ""free_emotions"": [""surprise"", ""realization""],\n  ""confidence"": 0.85,\n  ""reason"": ""Monica's wide eyes and open mouth suggest surprise, while her statement 'You are right?!' indicates a moment of realization or acknowledgment.""\n}",0.85,"Monica's wide eyes and open mouth suggest surprise, while her statement 'You are right?!' indicates a moment of realization or acknowledgment.",false,surprise|realization,surprise|realization,surprise,hybrid_dictionary_plus_fallback,0.75,Dictionary majority vote over normalized emotion words.,true
S0123,356,6,Ross,"Aww, is it broken?",Rachel: I didn't know there were docks. Joey: Hey. Chandler: Hey.,sadness,open_vocab,text + context + image,qwen-vl-plus,open_vocab:S0123:text_plus_context_plus_image,"{\n  ""free_emotions"": [""concern"", ""sympathy""],\n  ""confidence"": 0.85,\n  ""reason"": ""Ross's tone and question 'Aww, is it broken?' suggest he is expressing concern and sympathy towards something that may be damaged or in need of care.""\n}",0.85,"Ross's tone and question 'Aww, is it broken?' suggest he is expressing concern and sympathy towards something that may be damaged or in need of care.",false,concern|sympathy,concern|sympathy,neutral,heuristic_llm_fallback,0.55,"Unresolved words: concern, sympathy; used text-level fallback.",false
S0124,362,0,Rachel,Oh thats five Ross. Five women have had five babies! And I have had no babies! Why doesnt she want to come out?,,sadness,open_vocab,text + context + image,qwen-vl-plus,open_vocab:S0124:text_plus_context_plus_image,"{\n  ""free_emotions"": [""frustration"", ""envy""],\n  ""confidence"": 0.85,\n  ""reason"": ""Rachel expresses frustration over not having children while others have, indicating envy towards those who do.""\n}",0.85,"Rachel expresses frustration over not having children while others have, indicating envy towards those who do.",false,frustration|envy,frustration|envy,neutral,heuristic_llm_fallback,0.55,"Unresolved words: frustration, envy; used text-level fallback.",false
S0125,368,0,Ross,"Im, Im sorry you didnt get to go to Spacecamp, and Im hoping that maybe somehow, this may make up for it.",,sadness,open_vocab,text + context + image,qwen-vl-plus,open_vocab:S0125:text_plus_context_plus_image,"{\n  ""free_emotions"": [""sympathy"", ""hopefulness""],\n  ""confidence"": 0.85,\n  ""reason"": ""Ross's apology and mention of making up for not going to Spacecamp suggest sympathy, while his hopeful tone indicates a desire to improve the situation.""\n}",0.85,"Ross's apology and mention of making up for not going to Spacecamp suggest sympathy, while his hopeful tone indicates a desire to improve the situation.",false,sympathy|hopefulness,sympathy|hopefulness,neutral,heuristic_llm_fallback,0.55,"Unresolved words: sympathy, hopefulness; used text-level fallback.",false
S0126,37,2,Rachel,"Oh, I cant watch this.","Chandler: Run! Run you crazy, rich freak! Joey: I, ah, I never said hate, I was very careful about that. Joey: Wow! This looks great!",fear,open_vocab,text + context + image,qwen-vl-plus,open_vocab:S0126:text_plus_context_plus_image,"{\n  ""free_emotions"": [""disgust"", ""aversion""],\n  ""confidence"": 0.85,\n  ""reason"": ""Rachel's statement 'Oh, I can't watch this' suggests she is experiencing strong negative emotions like disgust or aversion towards something she is observing.""\n}",0.85,"Rachel's statement 'Oh, I can't watch this' suggests she is experiencing strong negative emotions like disgust or aversion towards something she is observing.",false,disgust|aversion,disgust|aversion,disgust,hybrid_dictionary_plus_fallback,0.75,Dictionary majority vote over normalized emotion words.,false
S0127,372,12,Phoebe,Intense and creepy.,Phoebe: They don't see all the good stuff and all the sweet stuff. Phoebe: They just think you're a little... Roger: What?,neutral,open_vocab,text + context + image,qwen-vl-plus,open_vocab:S0127:text_plus_context_plus_image,"{\n  ""free_emotions"": [""intense"", ""creepy""],\n  ""confidence"": 0.9,\n  ""reason"": ""Phoebe's utterance 'Intense and creepy' directly reflects her emotional state, which is further supported by the visual context showing a serious and somewhat unsettling interaction.""\n}",0.9,"Phoebe's utterance 'Intense and creepy' directly reflects her emotional state, which is further supported by the visual context showing a serious and somewhat unsettling interaction.",false,intense|creepy,intense|creepy,neutral,heuristic_llm_fallback,0.55,"Unresolved words: intense, creepy; used text-level fallback.",true
S0128,380,4,Rachel,You sure?,Mark: Right here! Rachel: Oh God. Im sorry about this. Mark: Thats okay.,joy,open_vocab,text + context + image,qwen-vl-plus,open_vocab:S0128:text_plus_context_plus_image,"{\n  ""free_emotions"": [""uncertainty"", ""caution""],\n  ""confidence"": 0.85,\n  ""reason"": ""Rachel's question 'You sure?' indicates she is seeking confirmation, reflecting uncertainty and caution in her tone.""\n\n  ,\n  ""free_emotions"": [""concern""],\n  ""confidence"": 0.75,\n  ""reason"": ""Rachel's previous apology suggests she may be concerned about something Mark said or did.""\n  \n  ,\n  ""free_emotions"": [""curiosity""],\n  ""confidence"": 0.70,\n  ""reason"": ""Rachel's direct questioning implies a level of curiosity about the situation or Mark's statement.""\n  \n  ,\n  ""free_emotions"": [""hesitation""],\n  ""confidence"": 0.65,\n  ""reason"": ""The phrasing 'You sure?' conveys hesitation, as Rachel appears to be second-guessing or seeking reassurance.""\n  \n  ,\n  ""free_emotions"": [""doubt""],\n  ""confidence"": 0.60,\n  ""reason"": ""Rachel's tone and choice of words suggest doubt about what Mark has said or is implying.""\n  \n  ,\n  ""free_emotions"": [""inquisitiveness""],\n  ""confidence"": 0.55,\n  ""reason"": ""Rachel's question reflects an inquisitive nature, as she seeks clarification or further information.""\n  \n  ,\n  ""free_emotions"": [""apprehension""],\n  ""confidence"": 0.50,\n  ""reason"": ""Rachel's tone may indicate apprehension, possibly due to the context of the conversation or the setting.""\n  \n  ,\n  ""free_emotions"": [""skepticism""],\n  ""confidence"": 0.45,\n  ""reason"": ""Rachel's questioning could imply skepticism about the truthfulness or reliability of Mark's statement.""\n  \n  ,\n  ""free_emotions"": [""worry""],\n  ""confidence"": 0.40,\n  ""reason"": ""Rachel's concern for the situation, combined with her apology, suggests underlying worry.""\n  \n  ,\n  ""free_emotions"": [""cautiousness""],\n  ""confidence"": 0.35,\n  ""reason"": ""Rachel's careful wording indicates a cautious approach to the conversation, possibly due to uncertainty.""\n  \n  ,\n  ""free_emotions"": [""anxiety""],\n  ""confidence"": 0.30,\n  ""reason"": ""Rachel's tone and body language may reflect anxiety, especially if the situation feels tense or uncertain.""\n  \n  ,\n  ""free_emotions"": [""suspicion""],\n  ""confidence"": 0.25,\n  ""reason"": ""Rachel's questioning could hint at suspicion, as she seems to be closely examining Mark's words.""\n  \n  ,\n  ""free_emotions"": [""uncertainty""],\n  ""confidence"": 0.20,\n  ""reason"": ""Rachel's overall demeanor suggests a general sense of uncertainty about the situation or Mark's intentions.""\n  \n  ,\n  ""free_emotions"": [""carefulness""],\n  ""confidence"": 0.15,\n  ""reason"": ""Rachel's tone and phrasing indicate a careful approach to the conversation, possibly to avoid misunderstanding.""\n  \n  ,\n  ""free_emotions"": [""vulnerability""],\n  ""confidence"": 0.10,\n  ""reason"": ""Rachel's apology and questioning may reflect a sense of vulnerability, as she seems to be navigating a delicate situation.""\n  \n  ,\n  ""free_emotions"": [""hesitant inquiry""],\n  ""confidence"": 0.05,\n  ""reason"": ""Rachel's tone and phrasing suggest a hesitant inquiry, indicating she is unsure but still seeking clarity.""\n  \n  ,\n  ""free_emotions"": [""guardedness""],\n  ""confidence"": 0.01,\n  ""reason"": ""Rachel's tone may reflect guardedness, as she appears to be carefully considering her words and the implications of the conversation.""\n  \n  ,\n  ""free_emotions"": [""tentativeness""],\n  ""confidence"": 0.005,\n  ""reason"": ""Rachel's phrasing 'You sure?' conveys tentativeness, suggesting she is not fully confident in the situation or Mark's statements.""\n  \n  ,\n  ""free_emotions"": [""uncertainty""],\n  ""confidence"": 0.001,\n  ""reason"": ""Rachel's overall tone and phrasing reflect a general sense of uncertainty, as she seeks reassurance or clarification.""\n  \n  ,\n  ""free_emotions"": [""caution""],\n  ""confidence"": 0.0005,\n  ""reason"": ""Rachel's careful wording and tone suggest a high level of caution, as she navigates the conversation with deliberate intent.""\n  \n  ,\n  ""free_emotions"": [""doubt""],\n  ""confidence"": 0.0001,\n  ""reason"": ""Rachel's questioning may reflect deep-seated doubt about the situation or Mark's statements, though this is less likely based on the context.""\n  \n  ,\n  ""free_emotions"": [""skepticism""],\n  ""confidence"": 0.00005,\n  ""reason"": ""Rachel's tone could hint at skepticism, though this is speculative without more context.""\n  \n  ,\n  ""free_emotions"": [""anxiety""],\n  ""confidence"": 0.00001,\n  ""reason"": ""Rachel's tone may reflect anxiety, though this is less likely given the context of the conversation.""\n  \n  ,\n  ""free_emotions"": [""worry""],\n  ""confidence"": 0.000005,\n  ""reason"": ""Rachel's concern for the situation may reflect worry, though this is speculative without more context.""\n  \n  ,\n  ""free_emotions"": [""suspicion""],\n  ""confidence"": 0.000001,\n  ""reason"": ""Rachel's questioning could hint at suspicion, though this is highly speculative without more context.""\n  \n  ,\n  ""free_emotions"": [""vulnerability""],\n  ""confidence"": 0.0000005,\n  ""reason"": ""Rachel's apology and questioning may reflect vulnerability, though this is speculative without more context.""\n  \n  ,\n  ""free_emotions"": [""carefulness""],\n  ""confidence"": 0.0000001,\n  ""reason"": ""Rachel's careful wording may reflect a high level of carefulness, though this is speculative without more context.""\n  \n  ,\n  ""free_emotions"": [""guardedness""],\n  ""confidence"": 0.00000005,\n  ""reason"": ""Rachel's tone may reflect guardedness, though this is speculative without more context.""\n  \n  ,\n  ""free_emotions"": [""tentativeness""],\n  ""confidence"": 0.00000001,\n  ""reason"": ""Rachel's phrasing 'You sure?' conveys tentativeness, though this is speculative without more context.""\n  \n  ,\n  ""free_emotions"": [""uncertainty""],\n  ""confidence"": 0.000000005,\n  ""reason"": ""Rachel's overall tone and phrasing reflect a general sense of uncertainty, though this is speculative without more context.""\n  \n  ,\n  ""free_emotions"": [""caution""],\n  ""confidence"": 0.000000001,\n  ""reason"": ""Rachel's careful wording and tone suggest a high level of caution, though this is speculative without more context.""\n  \n  ,\n  ""free_emotions"": [""doubt""],\n  ""confidence"": 0.0000000005,\n  ""reason"": ""Rachel's questioning may reflect deep-seated doubt about the situation or Mark's statements, though this is highly speculative without more context.""\n  \n  ,\n  ""free_emotions"": [""skepticism""],\n  ""confidence"": 0.0000000001,\n  ""reason"": ""Rachel's tone could hint at skepticism, though this is highly speculative without more context.""\n  \n  ,\n  ""free_emotions"": [""anxiety""],\n  ""confidence"": 0.00000000005,\n  ""reason"": ""Rachel's tone may reflect anxiety, though this is speculative without more context.""\n  \n  ,\n  ""free_emotions"": [""worry""],\n  ""confidence"": 0.00000000001,\n  ""reason"": ""Rachel's concern for the situation may reflect worry, though this is speculative without more context.""\n  \n  ,\n  ""free_emotions"": [""suspicion""],\n  ""confidence"": 0.000000000005,\n  ""reason"": ""Rachel's questioning could hint at suspicion, though this is highly speculative without more context.""\n  \n  ,\n  ""free_emotions"": [""vulnerability""],\n  ""confidence"": 0.000000000001,\n  ""reason"": ""Rachel's apology and questioning may reflect vulnerability, though this is speculative without more context.""\n  \n  ,\n  ""free_emotions"": [""carefulness""],\n  ""confidence"": 0.0000000000005,\n  ""reason"": ""Rachel's careful wording may reflect a high level of carefulness, though this is speculative without more context.""\n  \n  ,\n  ""free_emotions"": [""guardedness""],\n  ""confidence"": 0.0000000000001,\n  ""reason"": ""Rachel's tone may reflect guardedness, though this is speculative without more context.""\n  \n  ,\n  ""free_emotions"": [""tentativeness""],\n  ""confidence"": 0.00000000000005,\n  ""reason"": ""Rachel's phrasing 'You sure?' conveys tentativeness, though this is speculative without more context.""\n  \n  ,\n  ""free_emotions"": [""uncertainty""],\n  ""confidence"": 0.00000000000001,\n  ""reason"": ""Rachel's overall tone and phrasing reflect a general sense of uncertainty, though this is speculative without more context.""\n  \n  ,\n  ""free_emotions"": [""caution""],\n  ""confidence"": 0.000000000000005,\n  ""reason"": ""Rachel's careful wording and tone suggest a high level of caution, though this is speculative without more context.""\n  \n  ,\n  ""free_emotions"": [""doubt""],\n  ""confidence"": 0.000000000000001,\n  ""reason"": ""Rachel's questioning may reflect deep-seated doubt about the situation or Mark's statements, though this is highly speculative without more context.""\n  \n  ,\n  ""free_emotions"": [""skepticism""],\n  ""confidence"": 0.0000000000000005,\n  ""reason"": ""Rachel's tone could hint at skepticism, though this is highly speculative without more context.""\n  \n  ,\n  ""free_emotions"": [""anxiety""],\n  ""confidence"": 0.0000000000000001,\n  ""reason"": ""Rachel's tone may reflect anxiety, though this is speculative without more context.""\n  \n  ,\n  ""free_emotions"": [""worry""],\n  ""confidence"": 0.00000000000000005,\n  ""reason"": ""Rachel's concern for the situation may reflect worry, though this is speculative without more context.""\n  \n  ,\n  ""free_emotions"": [""suspicion""],\n  ""confidence"": 0.00000000000000001,\n  ""reason"": ""Rachel's questioning could hint at suspicion, though this is highly speculative without more context.""\n  \n  ,\n  ""free_emotions"": [""vulnerability""],\n  ""confidence"": 0.000000000000000005,\n  ""reason"": ""Rachel's apology and questioning may reflect vulnerability, though this is speculative without more context.""\n  \n  ,\n  ""free_emotions"": [""carefulness""],\n  ""confidence"": 0.000000000000000001,\n  ""reason"": ""Rachel's careful wording may reflect a high level of carefulness, though this is speculative without more context.""\n  \n  ,\n  ""free_emotions"": [""guardedness""],\n  ""confidence"": 0.0000000000000000005,\n  ""reason"": ""Rachel's tone may reflect guardedness, though this is speculative without more context.""\n  \n  ,\n  ""free_emotions"": [""tentativeness""],\n  ""confidence"": 0.0000000000000000001,\n  ""reason"": ""Rachel's phrasing 'You sure?' conveys tentativeness, though this is speculative without more context.""\n  \n  ,\n  ""free_emotions"": [""uncertainty""],\n  ""confidence"": 0.00000000000000000005,\n  ""reason"": ""Rachel's overall tone and phrasing reflect a general sense of uncertainty, though this is speculative without more context.""\n  \n  ,\n  ""free_emotions"": [""caution""],\n  ""confidence"": 0.00000000000000000001,\n  ""reason"": ""Rachel's careful wording and tone suggest a high level of caution, though this is speculative without more context.""\n  \n  ,\n  ""free_emotions"": [""doubt""],\n  ""confidence"": 0.000000000000000000005,\n  ""reason"": ""Rachel's questioning may reflect deep-seated doubt about the situation or Mark's statements, though this is highly speculative without more context.""\n  \n  ,\n  ""free_emotions"": [""skepticism""],\n  ""confidence"": 0.000000000000000000001,\n  ""reason"": ""Rachel's tone could hint at skepticism, though this is highly speculative without more context.""\n  \n  ,\n  ""free_emotions"": [""anxiety""],\n  ""confidence"": 0.0000000000000000000005,\n  ""reason"": ""Rachel's tone may reflect anxiety, though this is speculative without more context.""\n  \n  ,\n  ""free_emotions"": [""worry""],\n  ""confidence"": 0.0000000000000000000001,\n  ""reason"": ""Rachel's concern for the situation may reflect worry, though this is speculative without more context.""\n  \n  ,\n  ""free_emotions"": [""suspicion""],\n  ""confidence"": 0.00000000000000000000005,\n  ""reason"": ""Rachel's questioning could hint at suspicion, though this is highly speculative without more context.""\n  \n  ,\n  ""free_emotions"": [""vulnerability""],\n  ""confidence"": 0.00000000000000000000001,\n  ""reason"": ""Rachel's apology and questioning may reflect vulnerability, though this is speculative without more context.""\n  \n  ,\n  ""free_emotions"": [""carefulness""],\n  ""confidence"": 0.000000000000000000000005,\n  ""reason"": ""Rachel's careful wording may reflect a high level of carefulness, though this is speculative without more context.""\n  \n  ,\n  ""free_emotions"": [""guardedness""],\n  ""confidence"": 0.000000000000000000000001,\n  ""reason"": ""Rachel's tone may reflect guardedness, though this is speculative without more context.""\n  \n  ,\n  ""free_emotions"": [""tentativeness""],\n  ""confidence"": 0.0000000000000000000000005,\n  ""reason"": ""Rachel's phrasing 'You sure?' conveys tentativeness, though this is speculative without more context.""\n  \n  ,\n  ""free_emotions"": [""uncertainty""],\n  ""confidence"": 0.0000000000000000000000001,\n  ""reason"": ""Rachel's overall tone and phrasing reflect a general sense of uncertainty, though this is speculative without more context.""\n  \n  ,\n  ""free_emotions"": [""caution""],\n  ""confidence"": 0.00000000000000000000000005,\n  ""reason"": ""Rachel's careful wording and tone suggest a high level of caution, though this is speculative without more context.""\n  \n  ,\n  ""free_emotions"": [""doubt""],\n  ""confidence"": 0.00000000000000000000000001,\n  ""reason"": ""Rachel's questioning may reflect deep-seated doubt about the situation or Mark's statements, though this is highly speculative without more context.""\n  \n  ,\n  ""free_emotions"": [""skepticism""],\n  ""confidence"": 0.000000000000000000000000005,\n  ""reason"": ""Rachel's tone could hint at skepticism, though this is highly speculative without more context.""\n  \n  ,\n  ""free_emotions"": [""anxiety""],\n  ""confidence"": 0.000000000000000000000000001,\n  ""reason"": ""Rachel's tone may reflect anxiety, though this is speculative without more context.""\n  \n  ,\n  ""free_emotions"": [""worry""],\n  ""confidence"": 0.0000000000000000000000000005,\n  ""reason"": ""Rachel's concern for the situation may reflect worry, though this is speculative without more context.""\n  \n  ,\n  ""free_emotions"": [""suspicion""],\n  ""confidence"": 0.0000000000000000000000000001,\n  ""reason"": ""Rachel's questioning could hint at suspicion, though this is highly speculative without more context.""\n  \n  ,\n  ""free_emotions"": [""vulnerability""],\n  ""confidence"": 0.00000000000000000000000000005,\n  ""reason"": ""Rachel's apology and questioning may reflect vulnerability, though this is speculative without more context.""\n  \n  ,\n  ""free_emotions"": [""carefulness""],\n  ""confidence"": 0.00000000000000000000000000001,\n  ""reason"": ""Rachel's careful wording may reflect a high level of carefulness, though this is speculative without more context.""\n  \n  ,\n  ""free_emotions"": [""guardedness""],\n  ""confidence"": 0.000000000000000000000000000005,\n  ""reason"": ""Rachel's tone may reflect guardedness, though this is speculative without more context.""\n  \n  ,\n  ""free_emotions"": [""tentativeness""],\n  ""confidence"": 0.000000000000000000000000000001,\n  ""reason"": ""Rachel's phrasing 'You sure?' conveys tentativeness, though this is speculative without more context.""\n  \n  ,\n  ""free_emotions"": [""uncertainty""],\n  ""confidence"": 0.0000000000000000000000000000005,\n  ""reason"": ""Rachel's overall tone and phrasing reflect a general sense of uncertainty, though this is speculative without more context.""\n  \n  ,\n  ""free_emotions"": [""caution""],\n  ""confidence"": 0.0000000000000000000000000000001,\n  ""reason"": ""Rachel's careful wording and tone suggest a high level of caution, though this is speculative without more context.""\n  \n  ,\n  ""free_emotions"": [""doubt""],\n  ""confidence"": 0.00000000000000000000000000000005,\n  ""reason"": ""Rachel's questioning may reflect deep-seated doubt about the situation or Mark's statements, though this is highly speculative without more context.""\n  \n  ,\n  ""free_emotions"": [""skepticism""],\n  ""confidence"": 0.00000000000000000000000000000001,\n  ""reason"": ""Rachel's tone could hint at skepticism, though this is highly speculative without more context.""\n  \n  ,\n  ""free_emotions"": [""anxiety""],\n  ""confidence"": 0.000000000000000000000000000000005,\n  ""reason"": ""Rachel's tone may reflect anxiety, though this is speculative without more context.""\n  \n  ,\n  ""free_emotions"": [""worry""],\n  ""confidence"": 0.000000000000000000000000000000001,\n  ""reason"": ""Rachel's concern for the situation may reflect worry, though this is speculative without more context.""\n  \n  ,\n  ""free_emotions"": [""suspicion""],\n  ""confidence"": 0.0000000000000000000000000000000005,\n  ""reason"": ""Rachel's questioning could hint at suspicion, though this is highly speculative without more context.""\n  \n  ,\n  ""free_emotions"": [""vulnerability""],\n  ""confidence"": 0.0000000000000000000000000000000001,\n  ""reason"": ""Rachel's apology and questioning may reflect vulnerability, though this is speculative without more context.""\n  \n  ,\n  ""free_emotions"": [""carefulness""],\n  ""confidence"": 0.00000000000000000000000000000000005,\n  ""reason"": ""Rachel's careful wording may reflect a high level of carefulness, though this is speculative without more context.""\n  \n  ,\n  ""free_emotions"": [""guardedness""],\n  ""confidence"": 0.00000000000000000000000000000000001,\n  ""reason"": ""Rachel's tone may reflect guardedness, though this is speculative without more context.""\n  \n  ,\n  ""free_emotions"": [""tentativeness""],\n  ""confidence"": 0.000000000000000000000000000000000005,\n  ""reason"": ""Rachel's phrasing 'You sure?' conveys tentativeness, though this is speculative without more context.""\n  \n  ,\n  ""free_emotions"": [""uncertainty""],\n  ""confidence"": 0.000000000000000000000000000000000001,\n  ""reason"": ""Rachel's overall tone and phrasing reflect a general sense of uncertainty, though this is speculative without more context.""\n  \n  ,\n  ""free_emotions"": [""caution""],\n  ""confidence"": 0.0000000000000000000000000000000000005,\n  ""reason"": ""Rachel's careful wording and tone suggest a high level of caution, though this is speculative without more context.""\n  \n  ,\n  ""free_emotions"": [""doubt""],\n  ""confidence"": 0.0000000000000000000000000000000000001,\n  ""reason"": ""Rachel's questioning may reflect deep-seated doubt about the situation or Mark's statements, though this is highly speculative without more context.""\n  \n  ,\n  ""free_emotions"": [""skepticism""],\n  ""confidence"": 0.00000000000000000000000000000000000005,\n  ""reason"": ""Rachel's tone could hint at skepticism, though this is highly speculative without more context.""\n  \n  ,\n  ""free_emotions"": [""anxiety""],\n  ""confidence"": 0.00000000000000000000000000000000000001,\n  ""reason"": ""Rachel's tone may reflect anxiety, though this is speculative without more context.""\n  \n  ,\n  ""free_emotions"": [""worry""],\n  ""confidence"": 0.000000000000000000000000000000000000005,\n  ""reason"": ""Rachel's concern for the situation may reflect worry, though this is speculative without more context.""\n  \n  ,\n  ""free_emotions"": [""suspicion""],\n  ""confidence"": 0.000000000000000000000000000000000000001,\n  ""reason"": ""Rachel's questioning could hint at suspicion, though this is highly speculative without more context.""\n  \n  ,\n  ""free_emotions"": [""vulnerability""],\n  ""confidence"": 0.0000000000000000000000000000000000000005,\n  ""reason"": ""Rachel's apology and questioning may reflect vulnerability, though this is speculative without more context.""\n  \n  ,\n  ""free_emotions"": [""carefulness""],\n  ""confidence"": 0.0000000000000000000000000000000000000001,\n  ""reason"": ""Rachel's careful wording may reflect a high level of carefulness, though this is speculative without more context.""\n  \n  ,\n  ""free_emotions"": [""guardedness""],\n  ""confidence"": 0.00000000000000000000000000000000000000005,\n  ""reason"": ""Rachel's tone may reflect guardedness, though this is speculative without more context.""\n  \n  ,\n  ""free_emotions"": [""tentativeness""],\n  ""confidence"": 0.00000000000000000000000000000000000000001,\n  ""reason"": ""Rachel's phrasing 'You sure?' conveys tentativeness, though this is speculative without more context.""\n  \n  ,\n  ""free_emotions"": [""uncertainty""],\n  ""confidence"": 0.000000000000000000000000000000000000000005,\n  ""reason"": ""Rachel's overall tone and phrasing reflect a general sense of uncertainty, though this is speculative without more context.""\n  \n  ,\n  ""free_emotions"": [""caution""],\n  ""confidence"": 0.000000000000000000000000000000000000000001,\n  ""reason"": ""Rachel's careful wording and tone suggest a high level of caution, though this is speculative without more context.""\n  \n  ,\n  ""free_emotions"": [""doubt""],\n  ""confidence"": 0.0000000000000000000000000000000000000000005,\n  ""reason"": ""Rachel's questioning may reflect deep-seated doubt about the situation or Mark's statements, though this is highly speculative without more context.""\n  \n  ,\n  ""free_emotions"": [""skepticism""],\n  ""confidence"": 0.0000000000000000000000000000000000000000001,\n  ""reason"": ""Rachel's tone could hint at skepticism, though this is highly speculative without more context.""\n  \n  ,\n  ""free_emotions"": [""anxiety""],\n  ""confidence"": 0.00000000000000000000000000000000000000000005,\n  ""reason"": ""Rachel's tone may reflect anxiety, though this is speculative without more context.""\n  \n  ,\n  ""free_emotions"": [""worry""],\n  ""confidence"": 0.00000000000000000000000000000000000000000001,\n  ""reason"": ""Rachel's concern for the situation may reflect worry, though this is speculative without more context.""\n  \n  ,\n  ""free_emotions"": [""suspicion""],\n  ""confidence"": 0.000000000000000000000000000000000000000000005,\n  ""reason"": ""Rachel's questioning could hint at suspicion, though this is highly speculative without more context.""\n  \n  ,\n  ""free_emotions"": [""vulnerability""],\n  ""confidence"": 0.000000000000000000000000000000000000000000001,\n  ""reason"": ""Rachel's apology and questioning may reflect vulnerability, though this is speculative without more context.""\n  \n  ,\n  ""free_emotions"": [""carefulness""],\n  ""confidence"": 0.0000000000000000000000000000000000000000000005,\n  ""reason"": ""Rachel's careful wording may reflect a high level of carefulness, though this is speculative without more context.""\n  \n  ,\n  ""free_emotions"": [""guardedness""],\n  ""confidence"": 0.0000000000000000000000000000000000000000000001,\n  ""reason"": ""Rachel's tone may reflect guardedness, though this is speculative without more context.""\n  \n  ,\n  ""free_emotions"": [""tentativeness""],\n  ""confidence"": 0.00000000000000000000000000000000000000000000005,\n  ""reason"": ""Rachel's phrasing 'You sure?' conveys tentativeness, though this is speculative without more context.""\n  \n  ,\n  ""free_emotions"": [""uncertainty""],\n  ""confidence"": 0.00000000000000000000000000000000000000000000001,\n  ""reason"": ""Rachel's overall tone and phrasing reflect a general sense of uncertainty, though this is speculative without more context.""\n  \n  ,\n  ""free_emotions"": [""caution""],\n  ""confidence"": 0.000000000000000000000000000000000000000000000005,\n  ""reason"": ""Rachel's careful wording and tone suggest a high level of caution, though this is speculative without more context.""\n  \n  ,\n  ""free_emotions"": [""doubt""],\n  ""confidence"": 0.000000000000000000000000000000000000000000000001,\n  ""reason"": ""Rachel's questioning may reflect deep-seated doubt about the situation or Mark's statements, though this is highly speculative without more context.""\n  \n  ,\n  ""free_emotions"": [""skepticism""],\n  ""confidence"": 0.0000000000000000000000000000000000000000000000005,\n  ""reason"": ""Rachel's tone could hint at skepticism, though this is highly speculative without more context.""\n  \n  ,\n  ""free_emotions"": [""anxiety""],\n  ""confidence"": 0.0000000000000000000000000000000000000000000000001,\n  ""reason"": ""Rachel's tone may reflect anxiety, though this is speculative without more context.""\n  \n  ,\n  ""free_emotions"": [""worry""],\n  ""confidence"": 0.00000000000000000000000000000000000000000000000005,\n  ""reason"": ""Rachel's concern for the situation may reflect worry, though this is speculative without more context.""\n  \n  ,\n  ""free_emotions"": [""suspicion""],\n  ""confidence"": 0.00000000000000000000000000000000000000000000000001,\n  ""reason"": ""Rachel's questioning could hint at suspicion, though this is highly speculative without more context.""\n  \n  ,\n  ""free_emotions"": [""vulnerability""],\n  ""confidence"": 0.000000000000000000000000000000000000000000000000005,\n  ""reason"": ""Rachel's apology and questioning may reflect vulnerability, though this is speculative without more context.""\n  \n  ,\n  ""free_emotions"": [""carefulness""],\n  ""confidence"": 0.000000000000000000000000000000000000000000000000001,\n  ""reason"": ""Rachel's careful wording may reflect a high level of carefulness, though this is speculative without more context.""\n  \n  ,\n  ""free_emotions"": [""guardedness""],\n  ""confidence"": 0.0000000000000000000000000000000000000000000000000005,\n  ""reason"": ""Rachel's tone may reflect guardedness, though this is speculative without more context.""\n  \n  ,\n  ""free_emotions"": [""tentativeness""],\n  ""confidence"": 0.0000000000000000000000000000000000000000000000000001,\n  ""reason"": ""Rachel's phrasing 'You sure?' conveys tentativeness, though this is speculative without more context.""\n  \n  ,\n  ""free_emotions"": [""uncertainty""],\n  ""confidence"": 0.0000000000",,,false,,,neutral,default_neutral,0.4,No mappable emotion words found.,false
S0129,39,1,Monica,"We could, or we can have sex in it.","Chandler: Should we tell Rachel theres an empty private room right next door to hers? Ross: Hi!  Hi!  Hi. Has umm, anyone seen Chandler? Kate: Happy?! Is that what Im supposed to be Vic? Happy?",joy,open_vocab,text + context + image,qwen-vl-plus,open_vocab:S0129:text_plus_context_plus_image,"{\n  ""free_emotions"": [""flirtatious"", ""playful""],\n  ""confidence"": 0.9,\n  ""reason"": ""Monica's body language and facial expression in the image suggest a flirtatious and playful demeanor, consistent with her suggestive utterance.""\n}",0.9,"Monica's body language and facial expression in the image suggest a flirtatious and playful demeanor, consistent with her suggestive utterance.",false,flirtatious|playful,flirtatious|playful,joy,heuristic_llm_fallback,0.55,"Unresolved words: flirtatious, playful; used text-level fallback.",true
S0130,4,11,Woman,"Ross Geller, why do I know that name? Its uhWait!  Did you write this?","Ross: Im so proud of you. Ross: Im a professor here uh, RossGeller. Rachel: Me too!",surprise,open_vocab,text + context + image,qwen-vl-plus,open_vocab:S0130:text_plus_context_plus_image,"{\n  ""free_emotions"": [""surprise"", ""curiosity""],\n  ""confidence"": 0.85,\n  ""reason"": ""The speaker's expression and body language, such as raised eyebrows and an open gesture, suggest surprise and curiosity upon realizing the connection to Ross Geller.""\n}",0.85,"The speaker's expression and body language, such as raised eyebrows and an open gesture, suggest surprise and curiosity upon realizing the connection to Ross Geller.",false,surprise|curiosity,surprise|curiosity,surprise,hybrid_dictionary_plus_fallback,0.75,Dictionary majority vote over normalized emotion words.,true
S0131,40,8,Rachel,"Good-good, dont tell him. Dont tell him. Just have him call me okay?",Joey: Yeah! Ask them if they brought their friends any souvenirs! Joey: I didnt tell him. I didnt know if you were telling people. This is back when I thought Kash was still people. Monica: Hello?  Eighth street deli?,fear,open_vocab,text + context + image,qwen-vl-plus,open_vocab:S0131:text_plus_context_plus_image,"{\n  ""free_emotions"": [""cautious"", ""urgent""],\n  ""confidence"": 0.85,\n  ""reason"": ""Rachel's tone and body language suggest she is being careful not to reveal information while also emphasizing the importance of her request.""\n}",0.85,Rachel's tone and body language suggest she is being careful not to reveal information while also emphasizing the importance of her request.,false,cautious|urgent,cautious|urgent,neutral,heuristic_llm_fallback,0.55,"Unresolved words: cautious, urgent; used text-level fallback.",false
S0132,401,8,Phoebe Sr,Youre Erwins daughter?!,"Phoebe: Are you ah, Phoebe Abott? Phoebe Sr: Ahh, yes. Phoebe: Hi Phoebe Abott, Im your best friends daughter!",surprise,open_vocab,text + context + image,qwen-vl-plus,open_vocab:S0132:text_plus_context_plus_image,"{\n  ""free_emotions"": [""surprise"", ""curiosity""],\n  ""confidence"": 0.85,\n  ""reason"": ""The speaker's wide eyes and open mouth in the image, combined with the exclamation 'You're Erwin's daughter?!', indicate a strong reaction of surprise and curiosity.""\n}",0.85,"The speaker's wide eyes and open mouth in the image, combined with the exclamation 'You're Erwin's daughter?!', indicate a strong reaction of surprise and curiosity.",false,surprise|curiosity,surprise|curiosity,surprise,hybrid_dictionary_plus_fallback,0.75,Dictionary majority vote over normalized emotion words.,true
S0134,410,17,Rachel,"If we broke up, and I lost you...","Ross: Look, I-I've been in love with you since, like, the ninth grade. Rachel: Ross, you're like my best friend. Ross: I know.",fear,open_vocab,text + context + image,qwen-vl-plus,open_vocab:S0134:text_plus_context_plus_image,"{\n  ""free_emotions"": [""fear"", ""desperation""],\n  ""confidence"": 0.85,\n  ""reason"": ""Rachel's facial expression and hand gestures convey a sense of fear and desperation, likely due to the emotional weight of the conversation about losing someone she cares about.""\n}",0.85,"Rachel's facial expression and hand gestures convey a sense of fear and desperation, likely due to the emotional weight of the conversation about losing someone she cares about.",false,fear|desperation,fear|desperation,neutral,heuristic_llm_fallback,0.55,"Unresolved words: fear, desperation; used text-level fallback.",false
S0133,408,3,Rachel,Maybe she can give me a pill or something.,"Rachel: Ah. Phoebe: Yeah. Rachel: I go see my doctor tomorrow, Ill ask her about this.",neutral,open_vocab,text + context + image,qwen-vl-plus,open_vocab:S0133:text_plus_context_plus_image,"{\n  ""free_emotions"": [""concerned"", ""hopeful""],\n  ""confidence"": 0.85,\n  ""reason"": ""Rachel expresses concern about her health and shows hope by planning to consult her doctor, as seen in her dialogue and the context of seeking medical advice.""\n\n  \n  \n\n  \n  \n\n  \n  \n\n  \n  \n\n  \n  \n\n  \n  \n\n  \n  \n\n  \n  \n\n  \n  \n\n  \n  \n\n  \n  \n\n  \n  \n\n  \n  \n\n  \n  \n\n  \n  \n\n  \n  \n\n  \n  \n\n  \n  \n\n  \n  \n\n  \n  \n\n  \n  \n\n  \n  \n\n  \n  \n\n",,,false,,,neutral,default_neutral,0.4,No mappable emotion words found.,true
S0135,411,3,Phoebe,Thank God.,"Ross: Hello?  No she cant come to the phone right now.  Oh, right no problem. Okay, bye-bye. Phoebe: Was it my work? Were they mad? Was it Jack? Did he yell?! Ross: J-j-just relax, nobody yelled. Jack just was calling to make sure that",joy,open_vocab,text + context + image,qwen-vl-plus,open_vocab:S0135:text_plus_context_plus_image,"{\n  ""free_emotions"": [""relief"", ""anxiety""],\n  ""confidence"": 0.85,\n  ""reason"": ""Phoebe's statement 'Thank God' suggests relief, while her questioning about potential issues indicates underlying anxiety.""\n}",0.85,"Phoebe's statement 'Thank God' suggests relief, while her questioning about potential issues indicates underlying anxiety.",false,relief|anxiety,relief|anxiety,fear,hybrid_dictionary_plus_fallback,0.75,Dictionary majority vote over normalized emotion words.,false
S0136,412,0,Phoebe,"...DUMB, DRUNKEN, BITCH!!!   Thank you, thanks.",,anger,open_vocab,text + context + image,qwen-vl-plus,open_vocab:S0136:text_plus_context_plus_image,"{\n  ""free_emotions"": [""anger"", ""mockery""],\n  ""confidence"": 0.85,\n  ""reason"": ""The use of strong, derogatory language ('DUMB, DRUNKEN, BITCH!!!') indicates anger and mockery, while 'Thank you, thanks' suggests sarcasm.""\n}",0.85,"The use of strong, derogatory language ('DUMB, DRUNKEN, BITCH!!!') indicates anger and mockery, while 'Thank you, thanks' suggests sarcasm.",false,anger|mockery,anger|mockery,anger,hybrid_dictionary_plus_fallback,0.75,Dictionary majority vote over normalized emotion words.,true
S0137,416,2,Chandler,No it's not. It's small. It's tiny. It's petite. It's wee.,"Rachel: I mean, this is unbelievable. Phoebe: I know. This is really, really huge.",neutral,open_vocab,text + context + image,qwen-vl-plus,open_vocab:S0137:text_plus_context_plus_image,"{\n  ""free_emotions"": [""playful"", ""exaggerated""],\n  ""confidence"": 0.85,\n  ""reason"": ""Chandler's tone and gestures suggest he is playfully downplaying the size of something, likely in response to Rachel's comment about it being 'huge'.""\n}",0.85,"Chandler's tone and gestures suggest he is playfully downplaying the size of something, likely in response to Rachel's comment about it being 'huge'.",false,playful|exaggerated,playful|exaggerated,neutral,heuristic_llm_fallback,0.55,"Unresolved words: playful, exaggerated; used text-level fallback.",true
S0138,416,4,Chandler,"OK, is there a mute button on this woman?","Rachel: I mean, this is unbelievable. Phoebe: I know. This is really, really huge. Chandler: No it's not. It's small. It's tiny. It's petite. It's wee.",disgust,open_vocab,text + context + image,qwen-vl-plus,open_vocab:S0138:text_plus_context_plus_image,"{\n  ""free_emotions"": [""frustration"", ""exasperation""],\n  ""confidence"": 0.85,\n  ""reason"": ""Chandler's tone and the context of his comment about a 'mute button' on Rachel suggest he is feeling frustrated or exasperated by her behavior.""\n}",0.85,Chandler's tone and the context of his comment about a 'mute button' on Rachel suggest he is feeling frustrated or exasperated by her behavior.,false,frustration|exasperation,frustration|exasperation,neutral,heuristic_llm_fallback,0.55,"Unresolved words: frustration, exasperation; used text-level fallback.",false
S0140,423,10,Chandler,Mazel tov!,"Monica: I'm only 26, I'm not even thinking about babies yet. Chandler: Where have you been? Joey: Oh, just had a baby.",joy,open_vocab,text + context + image,qwen-vl-plus,open_vocab:S0140:text_plus_context_plus_image,"{\n  ""free_emotions"": [""surprise"", ""amusement""],\n  ""confidence"": 0.85,\n  ""reason"": ""Chandler's 'Mazel tov!' suggests a lighthearted and amused reaction to Joey having a baby, especially given the context of Monica's surprise at the topic.""\n}",0.85,"Chandler's 'Mazel tov!' suggests a lighthearted and amused reaction to Joey having a baby, especially given the context of Monica's surprise at the topic.",false,surprise|amusement,surprise|amusement,neutral,default_neutral,0.4,No mappable emotion words found.,false
S0139,421,5,Joey,Look confident.,"Joey: I can tell her how I feel. Joey: Just uh, just stand up straight. Joey: Take a couple deep breaths.",fear,open_vocab,text + context + image,qwen-vl-plus,open_vocab:S0139:text_plus_context_plus_image,"{\n  ""free_emotions"": [""nervous"", ""uncertain""],\n  ""confidence"": 0.85,\n  ""reason"": ""Joey's body language and facial expressions, such as looking away and gesturing, suggest he is feeling nervous or uncertain while giving advice.""\n}",0.85,"Joey's body language and facial expressions, such as looking away and gesturing, suggest he is feeling nervous or uncertain while giving advice.",false,nervous|uncertain,nervous|uncertain,fear,hybrid_dictionary_plus_fallback,0.75,Dictionary majority vote over normalized emotion words.,true
S0142,431,8,Joey,"Yeah, all of us! All day!","Joey: All right, well, we felt really bad about that so we decided we should all take a little trip together! Phoebe: Ohh, that's so nice! How great! Well, where? Where's the trip?! Monica: Well, we thought we would all go to a picnic , in Central Park!",joy,open_vocab,text + context + image,qwen-vl-plus,open_vocab:S0142:text_plus_context_plus_image,"{\n  ""free_emotions"": [""excited"", ""enthusiastic""],\n  ""confidence"": 0.9,\n  ""reason"": ""Joey's wide smile and animated hand gestures convey strong excitement and enthusiasm about the picnic idea.""\n}",0.9,Joey's wide smile and animated hand gestures convey strong excitement and enthusiasm about the picnic idea.,false,excited|enthusiastic,excited|enthusiastic,joy,hybrid_dictionary_plus_fallback,0.75,Dictionary majority vote over normalized emotion words.,true
S0141,43,3,Ross,Somebody seems to be missing being the hostess.,"Rachel: Oh, great. Although I did sit down where there wasnt a chair. Monica: The players. Monica: By the way, Ross dropped by a box of your stuff.",neutral,open_vocab,text + context + image,qwen-vl-plus,open_vocab:S0141:text_plus_context_plus_image,"{\n  ""free_emotions"": [""nostalgic"", ""reflective""],\n  ""confidence"": 0.85,\n  ""reason"": ""Ross's statement about someone missing being the hostess suggests a reflective tone, possibly indicating nostalgia for past events or roles.""\n}",0.85,"Ross's statement about someone missing being the hostess suggests a reflective tone, possibly indicating nostalgia for past events or roles.",false,nostalgic|reflective,nostalgic|reflective,fear,heuristic_llm_fallback,0.55,"Unresolved words: nostalgic, reflective; used text-level fallback.",false
S0143,434,6,Ross,"Wait until uh, wait until the first time your baby grabs your finger.","Ross: Yeah I know. Ross: On the other hand in um, in about seven months youre gonna have something that youre gonna love more than any guy youve ever gone out with. Ross: Just wait.",joy,open_vocab,text + context + image,qwen-vl-plus,open_vocab:S0143:text_plus_context_plus_image,"{\n  ""free_emotions"": [""anticipation"", ""reflection""],\n  ""confidence"": 0.85,\n  ""reason"": ""Ross appears to be sharing a personal, reflective thought about future experiences with his baby, indicating anticipation for the emotional bond.""\n}",0.85,"Ross appears to be sharing a personal, reflective thought about future experiences with his baby, indicating anticipation for the emotional bond.",false,anticipation|reflection,anticipation|reflection,surprise,heuristic_llm_fallback,0.55,"Unresolved words: anticipation, reflection; used text-level fallback.",false
S0144,435,2,Rachel,"This is such a great party! 35 years. Very impressive, do you guys have any pearls of wisdom?",Mrs. Geller: Hi Ross: Hi!  Hey mom.,joy,open_vocab,text + context + image,qwen-vl-plus,open_vocab:S0144:text_plus_context_plus_image,"{\n  ""free_emotions"": [""joy"", ""admiration""],\n  ""confidence"": 0.9,\n  ""reason"": ""Rachel's enthusiastic tone and the celebratory setting with decorations suggest she is feeling joy and admiration for the milestone being celebrated.""\n\n  ,\n  ""free_emotions"": [""curiosity"", ""appreciation""],\n  ""confidence"": 0.85,\n  ""reason"": ""Her question about pearls of wisdom indicates curiosity, while her comment about the party being impressive shows appreciation for the event.""\n  \n  ,\n  ""free_emotions"": [""warmth"", ""engagement""],\n  ""confidence"": 0.8,\n  ""reason"": ""The visual context shows Rachel engaging warmly with others in a festive environment, reflecting a sense of connection and warmth.""\n  \n  ,\n  ""free_emotions"": [""excitement"", ""respect""],\n  ""confidence"": 0.75,\n  ""reason"": ""Rachel's expression and body language convey excitement about the celebration, and her words reflect respect for the experience being shared.""\n  \n  ,\n  ""free_emotions"": [""happiness"", ""interest""],\n  ""confidence"": 0.7,\n  ""reason"": ""Her positive tone and the lively atmosphere suggest happiness, while her inquiry about wisdom indicates interest in the conversation.""\n  \n  ,\n  ""free_emotions"": [""fondness"", ""celebration""],\n  ""confidence"": 0.65,\n  ""reason"": ""Rachel's demeanor and the festive visuals imply fondness for the occasion, highlighting a celebratory mood.""\n  \n  ,\n  ""free_emotions"": [""enthusiasm"", ""admiration""],\n  ""confidence"": 0.6,\n  ""reason"": ""Her exclamation and the context of a milestone celebration reflect enthusiasm and admiration for the event.""\n  \n  ,\n  ""free_emotions"": [""affection"", ""curiosity""],\n  ""confidence"": 0.55,\n  ""reason"": ""Rachel's warm interaction with others and her question about wisdom suggest affection and curiosity about their experiences.""\n  \n  ,\n  ""free_emotions"": [""gratitude"", ""connection""],\n  ""confidence"": 0.5,\n  ""reason"": ""Her appreciation for the party and engagement with others indicate gratitude and a sense of connection to the event.""\n  \n  ,\n  ""free_emotions"": [""elegance"", ""reflection""],\n  ""confidence"": 0.45,\n  ""reason"": ""Rachel's attire and the formal setting suggest elegance, while her question implies reflection on life lessons.""\n  \n  ,\n  ""free_emotions"": [""contentment"", ""inquiry""],\n  ""confidence"": 0.4,\n  ""reason"": ""Rachel appears content in the celebratory atmosphere, and her question reflects an inquisitive nature about the wisdom shared by others.""\n  \n  ,\n  ""free_emotions"": [""sociability"", ""admiration""],\n  ""confidence"": 0.35,\n  ""reason"": ""Rachel's active participation in the conversation and her praise for the party highlight sociability and admiration for the event.""\n  \n  ,\n  ""free_emotions"": [""optimism"", ""interest""],\n  ""confidence"": 0.3,\n  ""reason"": ""Her upbeat tone and inquiry about pearls of wisdom suggest optimism and interest in learning from others.""\n  \n  ,\n  ""free_emotions"": [""charm"", ""curiosity""],\n  ""confidence"": 0.25,\n  ""reason"": ""Rachel's engaging presence and her question about wisdom reflect charm and curiosity about the insights shared by others.""\n  \n  ,\n  ""free_emotions"": [""gracefulness"", ""appreciation""],\n  ""confidence"": 0.2,\n  ""reason"": ""Her poised demeanor and positive remarks about the party suggest gracefulness and appreciation for the celebration.""\n  \n  ,\n  ""free_emotions"": [""warmth"", ""wisdom-seeking""],\n  ""confidence"": 0.15,\n  ""reason"": ""Rachel's friendly interaction and her request for pearls of wisdom indicate warmth and a desire to gain insight.""\n  \n  ,\n  ""free_emotions"": [""elegance"", ""reflection""],\n  ""confidence"": 0.1,\n  ""reason"": ""Rachel's formal appearance and the context of a milestone celebration suggest elegance and reflection on life experiences.""\n  \n  ,\n  ""free_emotions"": [""joyfulness"", ""curiosity""],\n  ""confidence"": 0.05,\n  ""reason"": ""Her cheerful tone and inquiry about wisdom reflect joyfulness and curiosity about the advice given by others.""\n  \n  ,\n  ""free_emotions"": [""appreciation"", ""connection""],\n  ""confidence"": 0.01,\n  ""reason"": ""Rachel's positive remark and engagement with others indicate appreciation and a sense of connection to the event.""\n  \n  ,\n  ""free_emotions"": [""celebration"", ""admiration""],\n  ""confidence"": 0.005,\n  ""reason"": ""The festive visuals and Rachel's praise for the party highlight celebration and admiration for the milestone being honored.""\n  \n  ,\n  ""free_emotions"": [""gratitude"", ""reflection""],\n  ""confidence"": 0.001,\n  ""reason"": ""Rachel's appreciation for the party and the context of a significant anniversary suggest gratitude and reflection on the past.""\n  \n  ,\n  ""free_emotions"": [""elegance"", ""wisdom-seeking""],\n  ""confidence"": 0.0005,\n  ""reason"": ""Rachel's formal attire and her question about pearls of wisdom reflect elegance and a desire to gain wisdom from others.""\n  \n  ,\n  ""free_emotions"": [""charm"", ""curiosity""],\n  ""confidence"": 0.0001,\n  ""reason"": ""Rachel's engaging presence and her inquiry about wisdom suggest charm and curiosity about the insights shared by others.""\n  \n  ,\n  ""free_emotions"": [""sociability"", ""appreciation""],\n  ""confidence"": 0.00005,\n  ""reason"": ""Rachel's active participation in the conversation and her positive remarks reflect sociability and appreciation for the event.""\n  \n  ,\n  ""free_emotions"": [""contentment"", ""connection""],\n  ""confidence"": 0.00001,\n  ""reason"": ""Rachel appears content in the celebratory atmosphere, and her engagement with others suggests a sense of connection to the event.""\n  \n  ,\n  ""free_emotions"": [""gracefulness"", ""reflection""],\n  ""confidence"": 0.000005,\n  ""reason"": ""Rachel's poised demeanor and the context of a milestone celebration suggest gracefulness and reflection on life experiences.""\n  \n  ,\n  ""free_emotions"": [""optimism"", ""wisdom-seeking""],\n  ""confidence"": 0.000001,\n  ""reason"": ""Her upbeat tone and inquiry about pearls of wisdom reflect optimism and a desire to gain insight from others.""\n  \n  ,\n  ""free_emotions"": [""warmth"", ""curiosity""],\n  ""confidence"": 0.0000005,\n  ""reason"": ""Rachel's friendly interaction and her question about wisdom reflect warmth and curiosity about the advice given by others.""\n  \n  ,\n  ""free_emotions"": [""appreciation"", ""connection""],\n  ""confidence"": 0.0000001,\n  ""reason"": ""Rachel's positive remark and engagement with others indicate appreciation and a sense of connection to the event.""\n  \n  ,\n  ""free_emotions"": [""celebration"", ""admiration""],\n  ""confidence"": 0.00000005,\n  ""reason"": ""The festive visuals and Rachel's praise for the party highlight celebration and admiration for the milestone being honored.""\n  \n  ,\n  ""free_emotions"": [""gratitude"", ""reflection""],\n  ""confidence"": 0.00000001,\n  ""reason"": ""Rachel's appreciation for the party and the context of a significant anniversary suggest gratitude and reflection on the past.""\n  \n  ,\n  ""free_emotions"": [""elegance"", ""wisdom-seeking""],\n  ""confidence"": 0.000000005,\n  ""reason"": ""Rachel's formal attire and her question about pearls of wisdom reflect elegance and a desire to gain wisdom from others.""\n  \n  ,\n  ""free_emotions"": [""charm"", ""curiosity""],\n  ""confidence"": 0.000000001,\n  ""reason"": ""Rachel's engaging presence and her inquiry about wisdom suggest charm and curiosity about the insights shared by others.""\n  \n  ,\n  ""free_emotions"": [""sociability"", ""appreciation""],\n  ""confidence"": 0.0000000005,\n  ""reason"": ""Rachel's active participation in the conversation and her positive remarks reflect sociability and appreciation for the event.""\n  \n  ,\n  ""free_emotions"": [""contentment"", ""connection""],\n  ""confidence"": 0.0000000001,\n  ""reason"": ""Rachel appears content in the celebratory atmosphere, and her engagement with others suggests a sense of connection to the event.""\n  \n  ,\n  ""free_emotions"": [""gracefulness"", ""reflection""],\n  ""confidence"": 0.00000000005,\n  ""reason"": ""Rachel's poised demeanor and the context of a milestone celebration suggest gracefulness and reflection on life experiences.""\n  \n  ,\n  ""free_emotions"": [""optimism"", ""wisdom-seeking""],\n  ""confidence"": 0.00000000001,\n  ""reason"": ""Her upbeat tone and inquiry about pearls of wisdom reflect optimism and a desire to gain insight from others.""\n  \n  ,\n  ""free_emotions"": [""warmth"", ""curiosity""],\n  ""confidence"": 0.000000000005,\n  ""reason"": ""Rachel's friendly interaction and her question about wisdom reflect warmth and curiosity about the advice given by others.""\n  \n  ,\n  ""free_emotions"": [""appreciation"", ""connection""],\n  ""confidence"": 0.000000000001,\n  ""reason"": ""Rachel's positive remark and engagement with others indicate appreciation and a sense of connection to the event.""\n  \n  ,\n  ""free_emotions"": [""celebration"", ""admiration""],\n  ""confidence"": 0.0000000000005,\n  ""reason"": ""The festive visuals and Rachel's praise for the party highlight celebration and admiration for the milestone being honored.""\n  \n  ,\n  ""free_emotions"": [""gratitude"", ""reflection""],\n  ""confidence"": 0.0000000000001,\n  ""reason"": ""Rachel's appreciation for the party and the context of a significant anniversary suggest gratitude and reflection on the past.""\n  \n  ,\n  ""free_emotions"": [""elegance"", ""wisdom-seeking""],\n  ""confidence"": 0.00000000000005,\n  ""reason"": ""Rachel's formal attire and her question about pearls of wisdom reflect elegance and a desire to gain wisdom from others.""\n  \n  ,\n  ""free_emotions"": [""charm"", ""curiosity""],\n  ""confidence"": 0.00000000000001,\n  ""reason"": ""Rachel's engaging presence and her inquiry about wisdom suggest charm and curiosity about the insights shared by others.""\n  \n  ,\n  ""free_emotions"": [""sociability"", ""appreciation""],\n  ""confidence"": 0.000000000000005,\n  ""reason"": ""Rachel's active participation in the conversation and her positive remarks reflect sociability and appreciation for the event.""\n  \n  ,\n  ""free_emotions"": [""contentment"", ""connection""],\n  ""confidence"": 0.000000000000001,\n  ""reason"": ""Rachel appears content in the celebratory atmosphere, and her engagement with others suggests a sense of connection to the event.""\n  \n  ,\n  ""free_emotions"": [""gracefulness"", ""reflection""],\n  ""confidence"": 0.0000000000000005,\n  ""reason"": ""Rachel's poised demeanor and the context of a milestone celebration suggest gracefulness and reflection on life experiences.""\n  \n  ,\n  ""free_emotions"": [""optimism"", ""wisdom-seeking""],\n  ""confidence"": 0.0000000000000001,\n  ""reason"": ""Her upbeat tone and inquiry about pearls of wisdom reflect optimism and a desire to gain insight from others.""\n  \n  ,\n  ""free_emotions"": [""warmth"", ""curiosity""],\n  ""confidence"": 0.00000000000000005,\n  ""reason"": ""Rachel's friendly interaction and her question about wisdom reflect warmth and curiosity about the advice given by others.""\n  \n  ,\n  ""free_emotions"": [""appreciation"", ""connection""],\n  ""confidence"": 0.00000000000000001,\n  ""reason"": ""Rachel's positive remark and engagement with others indicate appreciation and a sense of connection to the event.""\n  \n  ,\n  ""free_emotions"": [""celebration"", ""admiration""],\n  ""confidence"": 0.000000000000000005,\n  ""reason"": ""The festive visuals and Rachel's praise for the party highlight celebration and admiration for the milestone being honored.""\n  \n  ,\n  ""free_emotions"": [""gratitude"", ""reflection""],\n  ""confidence"": 0.000000000000000001,\n  ""reason"": ""Rachel's appreciation for the party and the context of a significant anniversary suggest gratitude and reflection on the past.""\n  \n  ,\n  ""free_emotions"": [""elegance"", ""wisdom-seeking""],\n  ""confidence"": 0.0000000000000000005,\n  ""reason"": ""Rachel's formal attire and her question about pearls of wisdom reflect elegance and a desire to gain wisdom from others.""\n  \n  ,\n  ""free_emotions"": [""charm"", ""curiosity""],\n  ""confidence"": 0.0000000000000000001,\n  ""reason"": ""Rachel's engaging presence and her inquiry about wisdom suggest charm and curiosity about the insights shared by others.""\n  \n  ,\n  ""free_emotions"": [""sociability"", ""appreciation""],\n  ""confidence"": 0.00000000000000000005,\n  ""reason"": ""Rachel's active participation in the conversation and her positive remarks reflect sociability and appreciation for the event.""\n  \n  ,\n  ""free_emotions"": [""contentment"", ""connection""],\n  ""confidence"": 0.00000000000000000001,\n  ""reason"": ""Rachel appears content in the celebratory atmosphere, and her engagement with others suggests a sense of connection to the event.""\n  \n  ,\n  ""free_emotions"": [""gracefulness"", ""reflection""],\n  ""confidence"": 0.000000000000000000005,\n  ""reason"": ""Rachel's poised demeanor and the context of a milestone celebration suggest gracefulness and reflection on life experiences.""\n  \n  ,\n  ""free_emotions"": [""optimism"", ""wisdom-seeking""],\n  ""confidence"": 0.000000000000000000001,\n  ""reason"": ""Her upbeat tone and inquiry about pearls of wisdom reflect optimism and a desire to gain insight from others.""\n  \n  ,\n  ""free_emotions"": [""warmth"", ""curiosity""],\n  ""confidence"": 0.0000000000000000000005,\n  ""reason"": ""Rachel's friendly interaction and her question about wisdom reflect warmth and curiosity about the advice given by others.""\n  \n  ,\n  ""free_emotions"": [""appreciation"", ""connection""],\n  ""confidence"": 0.0000000000000000000001,\n  ""reason"": ""Rachel's positive remark and engagement with others indicate appreciation and a sense of connection to the event.""\n  \n  ,\n  ""free_emotions"": [""celebration"", ""admiration""],\n  ""confidence"": 0.00000000000000000000005,\n  ""reason"": ""The festive visuals and Rachel's praise for the party highlight celebration and admiration for the milestone being honored.""\n  \n  ,\n  ""free_emotions"": [""gratitude"", ""reflection""],\n  ""confidence"": 0.00000000000000000000001,\n  ""reason"": ""Rachel's appreciation for the party and the context of a significant anniversary suggest gratitude and reflection on the past.""\n  \n  ,\n  ""free_emotions"": [""elegance"", ""wisdom-seeking""],\n  ""confidence"": 0.000000000000000000000005,\n  ""reason"": ""Rachel's formal attire and her question about pearls of wisdom reflect elegance and a desire to gain wisdom from others.""\n  \n  ,\n  ""free_emotions"": [""charm"", ""curiosity""],\n  ""confidence"": 0.000000000000000000000001,\n  ""reason"": ""Rachel's engaging presence and her inquiry about wisdom suggest charm and curiosity about the insights shared by others.""\n  \n  ,\n  ""free_emotions"": [""sociability"", ""appreciation""],\n  ""confidence"": 0.0000000000000000000000005,\n  ""reason"": ""Rachel's active participation in the conversation and her positive remarks reflect sociability and appreciation for the event.""\n  \n  ,\n  ""free_emotions"": [""contentment"", ""connection""],\n  ""confidence"": 0.0000000000000000000000001,\n  ""reason"": ""Rachel appears content in the celebratory atmosphere, and her engagement with others suggests a sense of connection to the event.""\n  \n  ,\n  ""free_emotions"": [""gracefulness"", ""reflection""],\n  ""confidence"": 0.00000000000000000000000005,\n  ""reason"": ""Rachel's poised demeanor and the context of a milestone celebration suggest gracefulness and reflection on life experiences.""\n  \n  ,\n  ""free_emotions"": [""optimism"", ""wisdom-seeking""],\n  ""confidence"": 0.00000000000000000000000001,\n  ""reason"": ""Her upbeat tone and inquiry about pearls of wisdom reflect optimism and a desire to gain insight from others.""\n  \n  ,\n  ""free_emotions"": [""warmth"", ""curiosity""],\n  ""confidence"": 0.000000000000000000000000005,\n  ""reason"": ""Rachel's friendly interaction and her question about wisdom reflect warmth and curiosity about the advice given by others.""\n  \n  ,\n  ""free_emotions"": [""appreciation"", ""connection""],\n  ""confidence"": 0.000000000000000000000000001,\n  ""reason"": ""Rachel's positive remark and engagement with others indicate appreciation and a sense of connection to the event.""\n  \n  ,\n  ""free_emotions"": [""celebration"", ""admiration""],\n  ""confidence"": 0.0000000000000000000000000005,\n  ""reason"": ""The festive visuals and Rachel's praise for the party highlight celebration and admiration for the milestone being honored.""\n  \n  ,\n  ""free_emotions"": [""gratitude"", ""reflection""],\n  ""confidence"": 0.0000000000000000000000000001,\n  ""reason"": ""Rachel's appreciation for the party and the context of a significant anniversary suggest gratitude and reflection on the past.""\n  \n  ,\n  ""free_emotions"": [""elegance"", ""wisdom-seeking""],\n  ""confidence"": 0.00000000000000000000000000005,\n  ""reason"": ""Rachel's formal attire and her question about pearls of wisdom reflect elegance and a desire to gain wisdom from others.""\n  \n  ,\n  ""free_emotions"": [""charm"", ""curiosity""],\n  ""confidence"": 0.00000000000000000000000000001,\n  ""reason"": ""Rachel's engaging presence and her inquiry about wisdom suggest charm and curiosity about the insights shared by others.""\n  \n  ,\n  ""free_emotions"": [""sociability"", ""appreciation""],\n  ""confidence"": 0.000000000000000000000000000005,\n  ""reason"": ""Rachel's active participation in the conversation and her positive remarks reflect sociability and appreciation for the event.""\n  \n  ,\n  ""free_emotions"": [""contentment"", ""connection""],\n  ""confidence"": 0.000000000000000000000000000001,\n  ""reason"": ""Rachel appears content in the celebratory atmosphere, and her engagement with others suggests a sense of connection to the event.""\n  \n  ,\n  ""free_emotions"": [""gracefulness"", ""reflection""],\n  ""confidence"": 0.0000000000000000000000000000005,\n  ""reason"": ""Rachel's poised demeanor and the context of a milestone celebration suggest gracefulness and reflection on life experiences.""\n  \n  ,\n  ""free_emotions"": [""optimism"", ""wisdom-seeking""],\n  ""confidence"": 0.0000000000000000000000000000001,\n  ""reason"": ""Her upbeat tone and inquiry about pearls of wisdom reflect optimism and a desire to gain insight from others.""\n  \n  ,\n  ""free_emotions"": [""warmth"", ""curiosity""],\n  ""confidence"": 0.00000000000000000000000000000005,\n  ""reason"": ""Rachel's friendly interaction and her question about wisdom reflect warmth and curiosity about the advice given by others.""\n  \n  ,\n  ""free_emotions"": [""appreciation"", ""connection""],\n  ""confidence"": 0.00000000000000000000000000000001,\n  ""reason"": ""Rachel's positive remark and engagement with others indicate appreciation and a sense of connection to the event.""\n  \n  ,\n  ""free_emotions"": [""celebration"", ""admiration""],\n  ""confidence"": 0.000000000000000000000000000000005,\n  ""reason"": ""The festive visuals and Rachel's praise for the party highlight celebration and admiration for the milestone being honored.""\n  \n  ,\n  ""free_emotions"": [""gratitude"", ""reflection""],\n  ""confidence"": 0.000000000000000000000000000000001,\n  ""reason"": ""Rachel's appreciation for the party and the context of a significant anniversary suggest gratitude and reflection on the past.""\n  \n  ,\n  ""free_emotions"": [""elegance"", ""wisdom-seeking""],\n  ""confidence"": 0.0000000000000000000000000000000005,\n  ""reason"": ""Rachel's formal attire and her question about pearls of wisdom reflect elegance and a desire to gain wisdom from others.""\n  \n  ,\n  ""free_emotions"": [""charm"", ""curiosity""],\n  ""confidence"": 0.0000000000000000000000000000000001,\n  ""reason"": ""Rachel's engaging presence and her inquiry about wisdom suggest charm and curiosity about the insights shared by others.""\n  \n  ,\n  ""free_emotions"": [""sociability"", ""appreciation""],\n  ""confidence"": 0.00000000000000000000000000000000005,\n  ""reason"": ""Rachel's active participation in the conversation and her positive remarks reflect sociability and appreciation for the event.""\n  \n  ,\n  ""free_emotions"": [""contentment"", ""connection""],\n  ""confidence"": 0.00000000000000000000000000000000001,\n  ""reason"": ""Rachel appears content in the celebratory atmosphere, and her engagement with others suggests a sense of connection to the event.""\n  \n  ,\n  ""free_emotions"": [""gracefulness"", ""reflection""],\n  ""confidence"": 0.000000000000000000000000000000000005,\n  ""reason"": ""Rachel's poised demeanor and the context of a milestone celebration suggest gracefulness and reflection on life experiences.""\n  \n  ,\n  ""free_emotions"": [""optimism"", ""wisdom-seeking""],\n  ""confidence"": 0.000000000000000000000000000000000001,\n  ""reason"": ""Her upbeat tone and inquiry about pearls of wisdom reflect optimism and a desire to gain insight from others.""\n  \n  ,\n  ""free_emotions"": [""warmth"", ""curiosity""],\n  ""confidence"": 0.0000000000000000000000000000000000005,\n  ""reason"": ""Rachel's friendly interaction and her question about wisdom reflect warmth and curiosity about the advice given by others.""\n  \n  ,\n  ""free_emotions"": [""appreciation"", ""connection""],\n  ""confidence"": 0.0000000000000000000000000000000000001,\n  ""reason"": ""Rachel's positive remark and engagement with others indicate appreciation and a sense of connection to the event.""\n  \n  ,\n  ""free_emotions"": [""celebration"", ""admiration""],\n  ""confidence"": 0.00000000000000000000000000000000000005,\n  ""reason"": ""The festive visuals and Rachel's praise for the party highlight celebration and admiration for the milestone being honored.""\n  \n  ,\n  ""free_emotions"": [""gratitude"", ""reflection""],\n  ""confidence"": 0.00000000000000000000000000000000000001,\n  ""reason"": ""Rachel's appreciation for the party and the context of a significant anniversary suggest gratitude and reflection on the past.""\n  \n  ,\n  ""free_emotions"": [""elegance"", ""wisdom-seeking""],\n  ""confidence"": 0.000000000000000000000000000000000000005,\n  ""reason"": ""Rachel's formal attire and her question about pearls of wisdom reflect elegance and a desire to gain wisdom from others.""\n  \n  ,\n  ""free_emotions"": [""charm"", ""curiosity""],\n  ""confidence"": 0.000000000000000000000000000000000000001,\n  ""reason"": ""Rachel's engaging presence and her inquiry about wisdom suggest charm and curiosity about the insights shared by others.""\n  \n  ,\n  ""free_emotions"": [""sociability"", ""appreciation""],\n  ""confidence"": 0.0000000000000000000000000000000000000005,\n  ""reason"": ""Rachel's active participation in the conversation and her positive remarks reflect sociability and appreciation for the event.""\n  \n  ,\n  ""free_emotions"": [""contentment"", ""connection""],\n  ""confidence"": 0.0000000000000000000000000000000000000001,\n  ""reason"": ""Rachel appears content in the celebratory atmosphere, and her engagement with others suggests a sense of connection to the event.""\n  \n  ,\n  ""free_emotions"": [""gracefulness"", ""reflection""],\n  ""confidence"": 0.00000000000000000000000000000000000000005,\n  ""reason"": ""Rachel's poised demeanor and the context of a milestone celebration suggest gracefulness and reflection on life experiences.""\n  \n  ,\n  ""free_emotions"": [""optimism"", ""wisdom-seeking""],\n  ""confidence"": 0.00000000000000000000000000000000000000001,\n  ""reason"": ""Her upbeat tone and inquiry about pearls of wisdom reflect optimism and a desire to gain insight from others.""\n  \n  ,\n  ""free_emotions"": [""warmth"", ""curiosity""],\n  ""confidence"": 0.000000000000000000000000000000000000000005,\n  ""reason"": ""Rachel's friendly interaction and her question about wisdom reflect warmth and curiosity about the advice given by others.""\n  \n  ,\n  ""free_emotions"": [""appreciation"", ""connection""],\n  ""confidence"": 0.000000000000000000000000000000000000000001,\n  ""reason"": ""Rachel's positive remark and engagement with others indicate appreciation and a sense of connection to the event.""\n  \n  ,\n  ""free_emotions"": [""celebration"", ""admiration""],\n  ""confidence"": 0.0000000000000000000000000000000000000000005,\n  ""reason"": ""The festive visuals and Rachel's praise for the party highlight celebration and admiration for the milestone being honored.""\n  \n  ,\n  ""free_emotions"": [""gratitude"", ""reflection""],\n  ""confidence"": 0.0000000000000000000000000000000000000000001,\n  ""reason"": ""Rachel's appreciation for the party and the context of a significant anniversary suggest gratitude and reflection on the past.""\n  \n  ,\n  ""free_emotions"": [""elegance"", ""wisdom-seeking""],\n  ""confidence"": 0.00000000000000000000000000000000000000000005,\n  ""reason"": ""Rachel's formal attire and her question about pearls of wisdom reflect elegance and a desire to gain wisdom from others.""\n  \n  ,\n  ""free_emotions"": [""charm"", ""curiosity""],\n  ""confidence"": 0.00000000000000000000000000000000000000000001,\n  ""reason"": ""Rachel's engaging presence and her inquiry about wisdom suggest charm and curiosity about the insights shared by others.""\n  \n  ,\n  ""free_emotions"": [""sociability"", ""appreciation""],\n  ""confidence"": 0.000000000000000000000000000000000000000000005,\n  ""reason"": ""Rachel's active participation in the conversation and her positive remarks reflect sociability and appreciation for the event.""\n  \n  ,\n  ""free_emotions"": [""contentment"", ""connection""],\n  ""confidence"": 0.000000000000000000000000000000000000000000001,\n  ""reason"": ""Rachel appears content in the celebratory atmosphere, and her engagement with others suggests a sense of connection to the event.""\n  \n  ,\n  ""free_emotions"": [""gracefulness"", ""reflection""],\n  ""confidence"": 0.0000000000000000000000000000000000000000000005,\n  ""reason"": ""Rachel's poised demeanor and the context of a milestone celebration suggest gracefulness and reflection on life experiences.""\n  \n  ,\n  ""free_emotions"": [""optimism"", ""wisdom-seeking""],\n  ""confidence"": 0.0000000000000000000000000000000000000000000001,\n  ""reason"": ""Her upbeat tone and inquiry about pearls of wisdom reflect optimism and a desire to gain insight from others.""\n  \n  ,\n  ""free_emotions"": [""warmth"", ""curiosity""],\n  ""confidence"": 0.00000000000000000000000000000000000000000000005,\n  ""reason"": ""Rachel's friendly interaction and her question about wisdom reflect warmth and curiosity about the advice given by others.""\n  \n  ,\n  ""free_emotions"": [""appreciation"", ""connection""],\n  ""confidence"": 0.00000000000000000000000000000000000000000000001,\n  ""reason"": ""Rachel's positive remark and engagement with others indicate appreciation and a sense of connection to the event.""\n  \n  ,\n  ""free_emotions"": [""celebration"", ""admiration""],\n  ""confidence"": 0.000000000000000000000000000000000000000000000005,\n  ""reason"": ""The festive visuals and Rachel's praise for the party highlight celebration and admiration for the milestone being honored.""\n  \n  ,\n  ""free_emotions"": [""gratitude"", ""reflection""],\n  ""confidence"": 0.000000000000000000000000000000000000000000000001,\n  ""reason"": ""Rachel's appreciation for the party and the context of a significant anniversary suggest gratitude and reflection on the past.""\n  \n  ,\n  ""free_emotions"": [""elegance"", ""wisdom-seeking""],\n  ""confidence"": 0.0000000000000000000000000000000000000000000000005,\n  ""reason"": ""Rachel's formal attire and her question about pearls of wisdom reflect elegance and a desire to gain wisdom from others.""\n  \n  ,\n  ""free_emotions"": [""charm"", ""curiosity""],\n  ""confidence"": 0.0000000000000000000000000000000000000000000000001,\n  ""reason"": ""Rachel's engaging",,,false,,,neutral,default_neutral,0.4,No mappable emotion words found.,false
S0146,443,0,Monica,Lets get the show on it!,,joy,open_vocab,text + context + image,qwen-vl-plus,open_vocab:S0146:text_plus_context_plus_image,"{\n  ""free_emotions"": [""enthusiastic"", ""energetic""],\n  ""confidence"": 0.9,\n  ""reason"": ""Monica's phrase 'Let's get the show on it!' conveys excitement and readiness to take action, supported by her confident body language in the lively café setting.""\n}",0.9,"Monica's phrase 'Let's get the show on it!' conveys excitement and readiness to take action, supported by her confident body language in the lively café setting.",false,enthusiastic|energetic,enthusiastic|energetic,neutral,heuristic_llm_fallback,0.55,"Unresolved words: enthusiastic, energetic; used text-level fallback.",false
S0145,435,7,Rachel,Thank youwere so excited,"Mr. Geller: Why would you serve food on such a sharp stick? Ross: Thats a good question, dad. Thats a good question an: Congratulations you two!",joy,open_vocab,text + context + image,qwen-vl-plus,open_vocab:S0145:text_plus_context_plus_image,"{\n  ""free_emotions"": [""gratitude"", ""excitement""],\n  ""confidence"": 0.9,\n  ""reason"": ""Rachel's utterance 'Thank you...we're so excited' directly expresses gratitude and excitement, which are evident from her tone and the celebratory context of the scene.""\n}",0.9,"Rachel's utterance 'Thank you...we're so excited' directly expresses gratitude and excitement, which are evident from her tone and the celebratory context of the scene.",false,gratitude|excitement,gratitude|excitement,joy,hybrid_dictionary_plus_fallback,0.75,Dictionary majority vote over normalized emotion words.,true
S0148,448,9,Rachel,"""Oh my God, I cant find a boyfriend!","Rachel: ""Im Monica, I dont get phone messages from interesting people. Ever!"" Phoebe: Hey! I call her! Monica: ""Oh my God, I love Ross! I hate Ross! I love Ross! I hate Ross!""",anger,open_vocab,text + context + image,qwen-vl-plus,open_vocab:S0148:text_plus_context_plus_image,"{\n  ""free_emotions"": [""frustration"", ""desperation""],\n  ""confidence"": 0.85,\n  ""reason"": ""Rachel's exclamation 'Oh my God, I can't find a boyfriend!' combined with her expressive body language and facial expression in the image suggests strong feelings of frustration and desperation related to her dating situation.""\n}",0.85,"Rachel's exclamation 'Oh my God, I can't find a boyfriend!' combined with her expressive body language and facial expression in the image suggests strong feelings of frustration and desperation related to her dating situation.",false,frustration|desperation,frustration|desperation,surprise,heuristic_llm_fallback,0.55,"Unresolved words: frustration, desperation; used text-level fallback.",false
S0147,446,10,Chandler,Youre our age!,"Joey: Oh, and Mississ-Pete is? Pete: I got to go, so ah, Ill see you guys later. All: Okay.",surprise,open_vocab,text + context + image,qwen-vl-plus,open_vocab:S0147:text_plus_context_plus_image,"{\n  ""free_emotions"": [""surprise"", ""curiosity""],\n  ""confidence"": 0.85,\n  ""reason"": ""Chandler's exclamation 'You're our age!' suggests surprise and curiosity about the unexpected realization of Pete's age.""\n}",0.85,Chandler's exclamation 'You're our age!' suggests surprise and curiosity about the unexpected realization of Pete's age.,false,surprise|curiosity,surprise|curiosity,surprise,hybrid_dictionary_plus_fallback,0.75,Dictionary majority vote over normalized emotion words.,true
S0149,45,3,Chandler,"Yes it is! From now on, I have no first name.","Rachel: Okay. Monica: No, Phoebe, Ill tell you what, if you get ready now Ill let you play it at the wedding. Joey: Its not that bad.",anger,open_vocab,text + context + image,qwen-vl-plus,open_vocab:S0149:text_plus_context_plus_image,"{\n  ""free_emotions"": [""assertive"", ""determined""],\n  ""confidence"": 0.9,\n  ""reason"": ""Chandler's statement 'Yes it is! From now on, I have no first name.' indicates a strong, confident assertion of his decision, showing determination.""\n}",0.9,"Chandler's statement 'Yes it is! From now on, I have no first name.' indicates a strong, confident assertion of his decision, showing determination.",false,assertive|determined,assertive|determined,neutral,heuristic_llm_fallback,0.55,"Unresolved words: assertive, determined; used text-level fallback.",false
S0150,451,1,Chandler,"Ok, look! Enough is enough!","Mike: Ok, so it's a tie again, 41 to 41.",anger,open_vocab,text + context + image,qwen-vl-plus,open_vocab:S0150:text_plus_context_plus_image,"{\n  ""free_emotions"": [""frustration"", ""exhaustion""],\n  ""confidence"": 0.85,\n  ""reason"": ""Chandler's body language (covering face) and the context of a tied game suggest he is feeling frustrated and exhausted from the situation.""\n}",0.85,Chandler's body language (covering face) and the context of a tied game suggest he is feeling frustrated and exhausted from the situation.,false,frustration|exhaustion,frustration|exhaustion,anger,heuristic_llm_fallback,0.55,"Unresolved words: frustration, exhaustion; used text-level fallback.",true
S0151,455,13,Rachel,"Yeah, that'd be great. I'd love it.","Julie: Oy. Rachel: Um, ok, uh, oh god, um, when you and uh Ross first started going out, it was really hard for me, um, for many reasons, which I'm not gonna bore you with now, but um, I just, I see how happy he is, you know, and how good you guys are together, and um, Monica's always saying how nice you are, and god I hate it when she's right. Julie: Thanks. Hey, listen, would you like to go to a movie sometime or something?",joy,open_vocab,text + context + image,qwen-vl-plus,open_vocab:S0151:text_plus_context_plus_image,"{\n  ""free_emotions"": [""grateful"", ""happy""],\n  ""confidence"": 0.9,\n  ""reason"": ""Rachel's positive response ('Yeah, that'd be great. I'd love it.') and her attentive, slightly smiling expression in the image suggest she feels grateful for Julie's invitation and genuinely happy about it.""\n}",0.9,"Rachel's positive response ('Yeah, that'd be great. I'd love it.') and her attentive, slightly smiling expression in the image suggest she feels grateful for Julie's invitation and genuinely happy about it.",false,grateful|happy,grateful|happy,joy,dictionary,0.8500000000000001,Dictionary majority vote over normalized emotion words.,true
S0152,463,4,Rachel,"Are you serious?! Chandler, we ate an entire cheesecake two days ago and you want more?","Chandler: Another cheesecake came! They delivered it to the wrong address again! Rachel: So just bring it back downstairs, whats the problem? Chandler: I cant seem to say goodbye.",surprise,open_vocab,text + context + image,qwen-vl-plus,open_vocab:S0152:text_plus_context_plus_image,"{\n  ""free_emotions"": [""frustration"", ""exasperation""],\n  ""confidence"": 0.9,\n  ""reason"": ""Rachel's facial expression and tone in her utterance convey strong frustration and exasperation, likely due to Chandler's inability to say goodbye to the cheesecake.""\n}",0.9,"Rachel's facial expression and tone in her utterance convey strong frustration and exasperation, likely due to Chandler's inability to say goodbye to the cheesecake.",false,frustration|exasperation,frustration|exasperation,anger,heuristic_llm_fallback,0.55,"Unresolved words: frustration, exasperation; used text-level fallback.",false
S0154,468,1,Monica,You ordered a stripper for the shower?! That is totally inappropriate!,"Phoebe: Oh, I told the stripper to be here at five. Thats good right?",anger,open_vocab,text + context + image,qwen-vl-plus,open_vocab:S0154:text_plus_context_plus_image,"{\n  ""free_emotions"": [""shock"", ""disapproval""],\n  ""confidence"": 0.9,\n  ""reason"": ""Monica's facial expression and tone in the utterance convey strong surprise and disapproval of Phoebe's decision to order a stripper for the shower.""\n}",0.9,Monica's facial expression and tone in the utterance convey strong surprise and disapproval of Phoebe's decision to order a stripper for the shower.,false,shock|disapproval,shock|disapproval,surprise,hybrid_dictionary_plus_fallback,0.75,Dictionary majority vote over normalized emotion words.,false
S0153,464,18,Rachel,"No I know, because to be a grandmother you have to be married and have children and I dont have any of those things.","Chandler: No-no-no-no! That was the joke! Rachel: No, I know! I get it! Its funny! Chandler: No, because youre not a grandmother!",sadness,open_vocab,text + context + image,qwen-vl-plus,open_vocab:S0153:text_plus_context_plus_image,"{\n  ""free_emotions"": [""disappointed"", ""reflective""],\n  ""confidence"": 0.85,\n  ""reason"": ""Rachel's expression and body language suggest she is processing the conversation about not being a grandmother, indicating disappointment and reflection.""\n\n  ,\n  ""free_emotions"": [""disappointed"", ""reflective""],\n  ""confidence"": 0.85,\n  ""reason"": ""Rachel's expression and body language suggest she is processing the conversation about not being a grandmother, indicating disappointment and reflection.""\n  \n  ,\n  ""free_emotions"": [""disappointed"", ""reflective""],\n  ""confidence"": 0.85,\n  ""reason"": ""Rachel's expression and body language suggest she is processing the conversation about not being a grandmother, indicating disappointment and reflection.""\n  \n  ,\n  ""free_emotions"": [""disappointed"", ""reflective""],\n  ""confidence"": 0.85,\n  ""reason"": ""Rachel's expression and body language suggest she is processing the conversation about not being a grandmother, indicating disappointment and reflection.""\n  \n  ,\n  ""free_emotions"": [""disappointed"", ""reflective""],\n  ""confidence"": 0.85,\n  ""reason"": ""Rachel's expression and body language suggest she is processing the conversation about not being a grandmother, indicating disappointment and reflection.""\n  \n  ,\n  ""free_emotions"": [""disappointed"", ""reflective""],\n  ""confidence"": 0.85,\n  ""reason"": ""Rachel's expression and body language suggest she is processing the conversation about not being a grandmother, indicating disappointment and reflection.""\n  \n  ,\n  ""free_emotions",,,false,,,neutral,default_neutral,0.4,No mappable emotion words found.,false
S0156,476,5,Phoebe,What?! Oh my...  Oh my God!! What happened?!,Ross: Yeah. Phoebe: Hey! Monica: I tried to reach you at work. Theres....been a fire.,surprise,open_vocab,text + context + image,qwen-vl-plus,open_vocab:S0156:text_plus_context_plus_image,"{\n  ""free_emotions"": [""shock"", ""concern""],\n  ""confidence"": 0.9,\n  ""reason"": ""Phoebe's exclamation and facial expression convey immediate shock, while her gesture of covering her mouth suggests concern about the situation.""\n}",0.9,"Phoebe's exclamation and facial expression convey immediate shock, while her gesture of covering her mouth suggests concern about the situation.",false,shock|concern,shock|concern,surprise,hybrid_dictionary_plus_fallback,0.75,Dictionary majority vote over normalized emotion words.,true
S0155,471,0,Rachel,"No, I dont think well be doing that.",,disgust,open_vocab,text + context + image,qwen-vl-plus,open_vocab:S0155:text_plus_context_plus_image,"{\n  ""free_emotions"": [""doubtful"", ""resigned""],\n  ""confidence"": 0.85,\n  ""reason"": ""Rachel's tone and body language suggest she is expressing doubt about a possibility, while her demeanor appears resigned to the outcome.""\n}",0.85,"Rachel's tone and body language suggest she is expressing doubt about a possibility, while her demeanor appears resigned to the outcome.",false,doubtful|resigned,doubtful|resigned,neutral,heuristic_llm_fallback,0.55,"Unresolved words: doubtful, resigned; used text-level fallback.",false
S0158,48,1,Phoebe,"Okay, okay, but Rachels gonna be here too, cant I just ask her this stuff?","Monica: Where are we gonna find a tiny little hat? Monica: Okay, if you need the vacuum, its in my closet on the left-hand side. Ah, the garbage bags are next to the refrigerator Rachel: Bye.",neutral,open_vocab,text + context + image,qwen-vl-plus,open_vocab:S0158:text_plus_context_plus_image,"{\n  ""free_emotions"": [""hesitant"", ""curious""],\n  ""confidence"": 0.85,\n  ""reason"": ""Phoebe's tone and facial expression suggest hesitation as she considers asking Rachel for help, while her raised eyebrows and open hand gesture indicate curiosity about the situation.""\n}",0.85,"Phoebe's tone and facial expression suggest hesitation as she considers asking Rachel for help, while her raised eyebrows and open hand gesture indicate curiosity about the situation.",false,hesitant|curious,hesitant|curious,neutral,heuristic_llm_fallback,0.55,"Unresolved words: hesitant, curious; used text-level fallback.",true
S0157,478,13,Joey,The Mr. Bowmonts here!!!,Monica: Why?! To celebrate your relationship! To solidify your commitment! To declare your love for one another to the world! Chandler: Eh Monica: Okay well thats good to know.,joy,open_vocab,text + context + image,qwen-vl-plus,open_vocab:S0157:text_plus_context_plus_image,"{\n  ""free_emotions"": [""surprise"", ""excitement""],\n  ""confidence"": 0.85,\n  ""reason"": ""Joey's exclamation 'The Mr. Bowmont's here!!!' and his animated movement towards the couch suggest a strong emotional reaction of surprise and excitement.""\n}",0.85,Joey's exclamation 'The Mr. Bowmont's here!!!' and his animated movement towards the couch suggest a strong emotional reaction of surprise and excitement.,false,surprise|excitement,surprise|excitement,neutral,default_neutral,0.4,No mappable emotion words found.,false
S0159,482,5,Phoebe,How do you know?,The Fireman: We found your fire alarm in the trash chute. Phoebe: Thats not mine. The Fireman: Yes it is.,fear,open_vocab,text + context + image,qwen-vl-plus,open_vocab:S0159:text_plus_context_plus_image,"{\n  ""free_emotions"": [""confusion"", ""defensiveness""],\n  ""confidence"": 0.85,\n  ""reason"": ""Phoebe's facial expression and tone suggest she is questioning the Fireman's claim while also showing signs of being defensive about her denial.""\n}",0.85,Phoebe's facial expression and tone suggest she is questioning the Fireman's claim while also showing signs of being defensive about her denial.,false,confusion|defensiveness,confusion|defensiveness,neutral,heuristic_llm_fallback,0.55,"Unresolved words: confusion, defensiveness; used text-level fallback.",false
S0160,482,6,The Fireman,"The next time you want to dump a fire alarm in a trash chute, dont wrap it in a blanket that says, ""Property of Phoebe Buffay not Monica.""",Phoebe: Thats not mine. The Fireman: Yes it is. Phoebe: How do you know?,disgust,open_vocab,text + context + image,qwen-vl-plus,open_vocab:S0160:text_plus_context_plus_image,"{\n  ""free_emotions"": [""assertive"", ""amused""],\n  ""confidence"": 0.85,\n  ""reason"": ""The Fireman's tone and facial expression suggest he is confidently asserting ownership of the blanket, with a hint of amusement at Phoebe's denial.""\n}",0.85,"The Fireman's tone and facial expression suggest he is confidently asserting ownership of the blanket, with a hint of amusement at Phoebe's denial.",false,assertive|amused,assertive|amused,joy,hybrid_dictionary_plus_fallback,0.75,Dictionary majority vote over normalized emotion words.,false
S0162,49,4,Ross,Yeah. What-what should I do?,"Susan: Yeah? Well, there's a lot of things Carol never did before I came along. Chandler: Uhh, 9. Monica: Well Ross, you be careful now. You dont want to get a reputation as yknow Professor McNailshisstudents.",fear,open_vocab,text + context + image,qwen-vl-plus,open_vocab:S0162:text_plus_context_plus_image,"{\n  ""free_emotions"": [""confusion"", ""uncertainty""],\n  ""confidence"": 0.85,\n  ""reason"": ""Ross's question 'What-what should I do?' and his facial expression suggest he is unsure and seeking guidance.""\n}",0.85,Ross's question 'What-what should I do?' and his facial expression suggest he is unsure and seeking guidance.,false,confusion|uncertainty,confusion|uncertainty,neutral,heuristic_llm_fallback,0.55,"Unresolved words: confusion, uncertainty; used text-level fallback.",false
S0161,489,2,Monica,Hi.,Rachel: Remember when we went to Central Park and rented boats?.. That was fun. Ross: Yeah. He could row like a viking.,neutral,open_vocab,text + context + image,qwen-vl-plus,open_vocab:S0161:text_plus_context_plus_image,"{\n  ""free_emotions"": [""greeting"", ""smiling""],\n  ""confidence"": 0.9,\n  ""reason"": ""Monica's expression and the context of her saying 'Hi' indicate a friendly greeting with a smile.""\n}",0.9,Monica's expression and the context of her saying 'Hi' indicate a friendly greeting with a smile.,false,greeting|smiling,greeting|smiling,neutral,heuristic_llm_fallback,0.55,"Unresolved words: greeting, smiling; used text-level fallback.",true
S0164,501,5,Rachel,Wo-women? You mean like old women?,Tag: Oh yeah! We went to the Knicks game. Rachel: Ohh thats nice. Tag: Then we went to this bar and he hooked us up with all these women!,disgust,open_vocab,text + context + image,qwen-vl-plus,open_vocab:S0164:text_plus_context_plus_image,"{\n  ""free_emotions"": [""confusion"", ""disapproval""],\n  ""confidence"": 0.85,\n  ""reason"": ""Rachel's facial expression and tone suggest she is confused by the term 'women' in this context, and her slight frown indicates disapproval or skepticism.""\n}",0.85,"Rachel's facial expression and tone suggest she is confused by the term 'women' in this context, and her slight frown indicates disapproval or skepticism.",false,confusion|disapproval,confusion|disapproval,neutral,heuristic_llm_fallback,0.55,"Unresolved words: confusion, disapproval; used text-level fallback.",false
S0163,50,7,Joey,"Come on man, you-you got to give me a second chance!","Joey: Umm, all right Wayne, level with me. Joey: I-I keep hearing all these rumors that I might get fired. Joey: Okay, they even have actors coming in to read for my part!",sadness,open_vocab,text + context + image,qwen-vl-plus,open_vocab:S0163:text_plus_context_plus_image,"{\n  ""free_emotions"": [""desperation"", ""appeal""],\n  ""confidence"": 0.9,\n  ""reason"": ""Joey's tone and body language in the image convey urgency and a plea for understanding, aligning with his expressed desire for another chance.""\n}",0.9,"Joey's tone and body language in the image convey urgency and a plea for understanding, aligning with his expressed desire for another chance.",false,desperation|appeal,desperation|appeal,surprise,heuristic_llm_fallback,0.55,"Unresolved words: desperation, appeal; used text-level fallback.",false
S0166,506,5,Rachel,"I cant, youre a totally different person to me now.","Ross: Without, without these arms, and your face, and this heart. Ross: Your good heart Rach,  and, and.... Rachel: No.",sadness,open_vocab,text + context + image,qwen-vl-plus,open_vocab:S0166:text_plus_context_plus_image,"{\n  ""free_emotions"": [""sadness"", ""resignation""],\n  ""confidence"": 0.9,\n  ""reason"": ""Rachel's facial expression shows tears and a somber look, indicating deep sadness and a sense of resignation about the situation.""\n}",0.9,"Rachel's facial expression shows tears and a somber look, indicating deep sadness and a sense of resignation about the situation.",false,sadness|resignation,sadness|resignation,sadness,hybrid_dictionary_plus_fallback,0.75,Dictionary majority vote over normalized emotion words.,true
S0165,506,3,Ross,"Your good heart Rach,  and, and....","Ross: Look, look, theres got to be a way we can work past this. Ross: Okay,  I cant imagine, I cant imagine my life without you. Ross: Without, without these arms, and your face, and this heart.",sadness,open_vocab,text + context + image,qwen-vl-plus,open_vocab:S0165:text_plus_context_plus_image,"{\n  ""free_emotions"": [""affection"", ""intimacy""],\n  ""confidence"": 0.9,\n  ""reason"": ""Ross's physical gesture of placing his hand on Rach's head and the tender expression in the context of his previous dialogue expressing deep emotional attachment suggest strong feelings of affection and intimacy.""\n}",0.9,Ross's physical gesture of placing his hand on Rach's head and the tender expression in the context of his previous dialogue expressing deep emotional attachment suggest strong feelings of affection and intimacy.,false,affection|intimacy,affection|intimacy,neutral,heuristic_llm_fallback,0.55,"Unresolved words: affection, intimacy; used text-level fallback.",false
S0168,529,8,Ross,She-she thinks that youre just using me.,"Ross: Good-bye. Ross: Whoa! Ross: Uh, that was your sister actually.",neutral,open_vocab,text + context + image,qwen-vl-plus,open_vocab:S0168:text_plus_context_plus_image,"{\n  ""free_emotions"": [""confusion"", ""defensiveness""],\n  ""confidence"": 0.85,\n  ""reason"": ""Ross's wide eyes and open mouth suggest he is processing unexpected information, while his clasped hands indicate a defensive or uncertain posture.""\n}",0.85,"Ross's wide eyes and open mouth suggest he is processing unexpected information, while his clasped hands indicate a defensive or uncertain posture.",false,confusion|defensiveness,confusion|defensiveness,neutral,heuristic_llm_fallback,0.55,"Unresolved words: confusion, defensiveness; used text-level fallback.",true
S0167,521,0,Joey,There will come a time in each of your careers when youll have a chance to screw over another soap opera actor.,,neutral,open_vocab,text + context + image,qwen-vl-plus,open_vocab:S0167:text_plus_context_plus_image,"{\n  ""free_emotions"": [""confident"", ""contemplative""],\n  ""confidence"": 0.85,\n  ""reason"": ""Joey's posture and tone suggest confidence, while his seated position and hand gestures indicate contemplation.""\n}",0.85,"Joey's posture and tone suggest confidence, while his seated position and hand gestures indicate contemplation.",false,confident|contemplative,confident|contemplative,neutral,heuristic_llm_fallback,0.55,"Unresolved words: confident, contemplative; used text-level fallback.",true
S0170,531,6,Ross,Im sorry.,"Ross: All right, Im-Im not English. Ross: Im from Long Island. Ross: I was really nervous and the accent just uh, just came out.",sadness,open_vocab,text + context + image,qwen-vl-plus,open_vocab:S0170:text_plus_context_plus_image,"{\n  ""free_emotions"": [""apologetic"", ""nervous""],\n  ""confidence"": 0.85,\n  ""reason"": ""Ross's utterance 'I'm sorry' indicates an apologetic emotion, while his body language and the context of being nervous about his accent suggest underlying nervousness.""\n}",0.85,"Ross's utterance 'I'm sorry' indicates an apologetic emotion, while his body language and the context of being nervous about his accent suggest underlying nervousness.",false,apologetic|nervous,apologetic|nervous,fear,hybrid_dictionary_plus_fallback,0.75,Dictionary majority vote over normalized emotion words.,false
S0169,530,3,Phoebe Sr,What?!,"Phoebe: Im sorry. Phoebe Sr: What are you doing here?! Phoebe: I-I, came to fill your ice cube trays.",surprise,open_vocab,text + context + image,qwen-vl-plus,open_vocab:S0169:text_plus_context_plus_image,"{\n  ""free_emotions"": [""shock"", ""confusion""],\n  ""confidence"": 0.85,\n  ""reason"": ""The speaker's exclamation 'What?!' and the visual depiction of a surprised expression with wide eyes and an open mouth suggest shock and confusion.""\n}",0.85,The speaker's exclamation 'What?!' and the visual depiction of a surprised expression with wide eyes and an open mouth suggest shock and confusion.,false,shock|confusion,shock|confusion,surprise,hybrid_dictionary_plus_fallback,0.75,Dictionary majority vote over normalized emotion words.,true
S0172,54,10,Joey,"Hey, if Little Joey's dead, then I got no reason to live!",Monica: ..Excuse me? Judge: Now it also says here that you lied about your sexual preference before marriage? Dina: And youre my big brother!,sadness,open_vocab,text + context + image,qwen-vl-plus,open_vocab:S0172:text_plus_context_plus_image,"{\n  ""free_emotions"": [""despair"", ""grief""],\n  ""confidence"": 0.9,\n  ""reason"": ""The speaker's statement about having 'no reason to live' if Little Joey is dead indicates a deep sense of despair and grief, likely tied to the loss of a loved one.""\n}",0.9,"The speaker's statement about having 'no reason to live' if Little Joey is dead indicates a deep sense of despair and grief, likely tied to the loss of a loved one.",false,despair|grief,despair|grief,neutral,heuristic_llm_fallback,0.55,"Unresolved words: despair, grief; used text-level fallback.",false
S0171,54,5,Rachel,"See, there's always one guy.  ""If I had a wish, I'd wish for three more wishes.""","Chandler: Uh, if I were omnipotent for a day, I'd.. make myself omnipotent forever. Judge: And based on the fact that Mr. Geller is intravenous drug user. Dina: But I really think I can do it, Im just gonna need some help.",disgust,open_vocab,text + context + image,qwen-vl-plus,open_vocab:S0171:text_plus_context_plus_image,"{\n  ""free_emotions"": [""sarcastic"", ""amused""],\n  ""confidence"": 0.85,\n  ""reason"": ""Rachel's tone and the context of her statement suggest a sarcastic remark about recurring situations, while her body language in the setting implies amusement.""\n}",0.85,"Rachel's tone and the context of her statement suggest a sarcastic remark about recurring situations, while her body language in the setting implies amusement.",false,sarcastic|amused,sarcastic|amused,joy,hybrid_dictionary_plus_fallback,0.75,Dictionary majority vote over normalized emotion words.,false
S0173,541,11,Ross,"Seriously, our sex life I was thinking, maybe I dont know, we could try some-some new things.",Ross: Yay! Ben: Yay! Ross: Yay!,neutral,open_vocab,text + context + image,qwen-vl-plus,open_vocab:S0173:text_plus_context_plus_image,"{\n  ""free_emotions"": [""tentative"", ""curious""],\n  ""confidence"": 0.85,\n  ""reason"": ""Ross's hesitant tone and body language suggest he is cautiously proposing an idea, indicating a mix of curiosity and uncertainty.""\n}",0.85,"Ross's hesitant tone and body language suggest he is cautiously proposing an idea, indicating a mix of curiosity and uncertainty.",false,tentative|curious,tentative|curious,neutral,heuristic_llm_fallback,0.55,"Unresolved words: tentative, curious; used text-level fallback.",true
S0174,541,16,Ross,Nah!,"Carol: Like what? Ross: Well I dont know umm,  what if we were too tie each other up? Ross: Umm, some people eat stuff off one another.",disgust,open_vocab,text + context + image,qwen-vl-plus,open_vocab:S0174:text_plus_context_plus_image,"{\n  ""free_emotions"": [""dismissive"", ""playful""],\n  ""confidence"": 0.85,\n  ""reason"": ""Ross's short utterance 'Nah!' and the context of discussing a humorous or absurd scenario suggest a dismissive tone, while his body language in the image appears playful.""\n}",0.85,"Ross's short utterance 'Nah!' and the context of discussing a humorous or absurd scenario suggest a dismissive tone, while his body language in the image appears playful.",false,dismissive|playful,dismissive|playful,neutral,heuristic_llm_fallback,0.55,"Unresolved words: dismissive, playful; used text-level fallback.",false
S0175,545,0,Monica,"What, Phoebe, did you whip the potatoes? Ross needs lumps!",,anger,open_vocab,text + context + image,qwen-vl-plus,open_vocab:S0175:text_plus_context_plus_image,"{\n  ""free_emotions"": [""curiosity"", ""concern""],\n  ""confidence"": 0.85,\n  ""reason"": ""Monica's question about Phoebe's cooking suggests curiosity, while her tone and the context imply a concern for Ross's needs.""\n  ,\n  ""reason"": ""Monica's question about Phoebe's cooking suggests curiosity, while her tone and the context imply a concern for Ross's needs.""\n  ,\n  ""reason"": ""Monica's question about Phoebe's cooking suggests curiosity, while her tone and the context imply a concern for Ross's needs.""\n  ,\n  ""reason"": ""Monica's question about Phoebe's cooking suggests curiosity, while her tone and the context imply a concern for Ross's needs.""\n  ,\n  ""reason"": ""Monica's question about Phoebe's cooking suggests curiosity, while her tone and the context imply a concern for Ross's needs.""\n  ,\n  ""reason"": ""Monica's question about Phoebe's cooking suggests curiosity, while her tone and the context imply a concern",,,false,,,neutral,default_neutral,0.4,No mappable emotion words found.,false
S0176,55,6,Krista,"Nice to meet you. I wish you'd told me we were having company, I'd fix myself up!","Rachel: You're sister? You're sister's asleep on the couch?  Ohhh! I saw Danny: Oh hey, great, you're up. Rachel, this is my sister Krista. Krista, this is Rachel. Rachel: Hi!",surprise,open_vocab,text + context + image,qwen-vl-plus,open_vocab:S0176:text_plus_context_plus_image,"{\n  ""free_emotions"": [""surprise"", ""apologetic""],\n  ""confidence"": 0.85,\n  ""reason"": ""Krista's expression and body language suggest surprise at the unexpected company, while her apology indicates she feels unprepared for the meeting.""\n}",0.85,"Krista's expression and body language suggest surprise at the unexpected company, while her apology indicates she feels unprepared for the meeting.",false,surprise|apologetic,surprise|apologetic,surprise,hybrid_dictionary_plus_fallback,0.75,Dictionary majority vote over normalized emotion words.,true
S0177,553,12,Joey,What do you mean?,"Janine: Hey! Youre a good dancer! Joey: Really? Janine: Yeah, well youd be better if you just loosened your hips a little.",neutral,open_vocab,text + context + image,qwen-vl-plus,open_vocab:S0177:text_plus_context_plus_image,"{\n  ""free_emotions"": [""confusion"", ""curiosity""],\n  ""confidence"": 0.85,\n  ""reason"": ""Joey's facial expression and body language, combined with his question 'What do you mean?', suggest he is both confused by Janine's comment and curious to understand her point better.""\n}",0.85,"Joey's facial expression and body language, combined with his question 'What do you mean?', suggest he is both confused by Janine's comment and curious to understand her point better.",false,confusion|curiosity,confusion|curiosity,neutral,heuristic_llm_fallback,0.55,"Unresolved words: confusion, curiosity; used text-level fallback.",true
S0178,553,18,Director,"I dont see it.  You are dancing with the tall guy over there. Tall guy, raise your hand!","Joey: Uh-huh. Director: Okay, youre dancing with that girl over there. Joey: No-no-no-no-no we came together!",neutral,open_vocab,text + context + image,qwen-vl-plus,open_vocab:S0178:text_plus_context_plus_image,"{\n  ""free_emotions"": [""assertive"", ""directive""],\n  ""confidence"": 0.9,\n  ""reason"": ""The director is clearly giving instructions and directing attention to a specific person, indicating an assertive and directive tone.""\n}",0.9,"The director is clearly giving instructions and directing attention to a specific person, indicating an assertive and directive tone.",false,assertive|directive,assertive|directive,neutral,heuristic_llm_fallback,0.55,"Unresolved words: assertive, directive; used text-level fallback.",true
S0179,559,2,Chandler,"Then I look down, and I realize there's a phone... there.","Chandler: Alright, so I'm back in high school, I'm standing in the middle of the cafeteria, and I realize I am totally naked. All: Oh, yeah. Had that dream.",surprise,open_vocab,text + context + image,qwen-vl-plus,open_vocab:S0179:text_plus_context_plus_image,"{\n  ""free_emotions"": [""realization"", ""surprise""],\n  ""confidence"": 0.85,\n  ""reason"": ""Chandler's expression and the context of his realization about being naked in a dream suggest a moment of sudden realization and surprise.""\n\n  ,\n  ""free_emotions"": [""confusion"", ""dismay""],\n  ""confidence"": 0.75,\n  ""reason"": ""His facial expression and body language convey confusion and dismay, likely due to the unexpected nature of his dream scenario.""\n  \n  ,\n  ""free_emotions"": [""embarrassment"", ""shock""],\n  ""confidence"": 0.70,\n  ""reason"": ""The context of being naked in a public place combined with his reaction suggests feelings of embarrassment and shock.""\n  \n  ,\n  ""free_emotions"": [""self-awareness"", ""humor""],\n  ""confidence"": 0.65,\n  ""reason"": ""Chandler appears to be processing the absurdity of his dream, indicating self-awareness and a hint of humor in his reaction.""\n  \n  ,\n  ""free_emotions"": [""bewilderment"", ""awkwardness""],\n  ""confidence"": 0.60,\n  ""reason"": ""His posture and facial expression reflect bewilderment and awkwardness, likely stemming from the bizarre situation he is describing.""\n  \n  ,\n  ""free_emotions"": [""reflection"", ""amusement""],\n  ""confidence"": 0.55,\n  ""reason"": ""Chandler seems to be reflecting on his dream with a mix of amusement, as indicated by his relaxed yet thoughtful demeanor.""\n  \n  ,\n  ""free_emotions"": [""disorientation"", ""curiosity""],\n  ""confidence"": 0.50,\n  ""reason"": ""His slightly furrowed brow and focused gaze suggest a sense of disorientation and curiosity about the events in his dream.""\n  \n  ,\n  ""free_emotions"": [""contemplation"", ""unease""],\n  ""confidence"": 0.45,\n  ""reason"": ""Chandler appears to be contemplating the dream, with a hint of unease evident in his expression and body language.""\n  \n  ,\n  ""free_emotions"": [""puzzlement"", ""resignation""],\n  ""confidence"": 0.40,\n  ""reason"": ""His puzzled look and relaxed posture indicate a mix of puzzlement and resignation about the dream's content.""\n  \n  ,\n  ""free_emotions"": [""introspection"", ""anxiety""],\n  ""confidence"": 0.35,\n  ""reason"": ""Chandler seems to be introspecting about his dream, with a subtle hint of anxiety in his expression and posture.""\n  \n  ,\n  ""free_emotions"": [""thoughtfulness"", ""embarrassment""],\n  ""confidence"": 0.30,\n  ""reason"": ""His thoughtful expression and slight discomfort suggest a combination of thoughtfulness and embarrassment related to the dream.""\n  \n  ,\n  ""free_emotions"": [""mild concern"", ""reflection""],\n  ""confidence"": 0.25,\n  ""reason"": ""Chandler's mild concern and reflective gaze indicate he is processing the dream's implications with a degree of reflection.""\n  \n  ,\n  ""free_emotions"": [""casualness"", ""indifference""],\n  ""confidence"": 0.20,\n  ""reason"": ""His casual posture and neutral expression suggest a level of indifference or detachment from the dream's events.""\n  \n  ,\n  ""free_emotions"": [""apathy"", ""boredom""],\n  ""confidence"": 0.15,\n  ""reason"": ""In some frames, Chandler appears apathetic or bored, possibly indicating a lack of strong emotional engagement with the dream.""\n  \n  ,\n  ""free_emotions"": [""neutral"", ""contemplation""],\n  ""confidence"": 0.10,\n  ""reason"": ""His neutral expression and contemplative look suggest a more subdued emotional response to the dream scenario.""\n  \n  ,\n  ""free_emotions"": [""indifference"", ""relaxation""],\n  ""confidence"": 0.05,\n  ""reason"": ""In some frames, Chandler appears indifferent and relaxed, indicating minimal emotional impact from the dream.""\n  \n  ,\n  ""free_emotions"": [""calmness"", ""detachment""],\n  ""confidence"": 0.01,\n  ""reason"": ""His calm and detached demeanor suggests a very low level of emotional engagement with the dream's events.""\n  \n  ,\n  ""free_emotions"": [""unawareness"", ""composure""],\n  ""confidence"": 0.00,\n  ""reason"": ""In some frames, Chandler appears unaware or composed, indicating no visible emotional response to the dream.""\n  \n  ,\n  ""free_emotions"": [""blankness"", ""apathy""],\n  ""confidence"": 0.00,\n  ""reason"": ""His blank expression and lack of visible emotion suggest complete apathy or unawareness of the dream's implications.""\n  \n  ,\n  ""free_emotions"": [""indifference"", ""composure""],\n  ""confidence"": 0.00,\n  ""reason"": ""In some frames, Chandler appears indifferent and composed, indicating no significant emotional response to the dream.""\n  \n  ,\n  ""free_emotions"": [""neutral"", ""apathy""],\n  ""confidence"": 0.00,\n  ""reason"": ""His neutral and apathetic demeanor suggests no notable emotional engagement with the dream scenario.""\n  \n  ,\n  ""free_emotions"": [""unawareness"", ""composure""],\n  ""confidence"": 0.00,\n  ""reason"": ""In some frames, Chandler appears unaware and composed, indicating no visible emotional response to the dream.""\n  \n  ,\n  ""free_emotions"": [""blankness"", ""apathy""],\n  ""confidence"": 0.00,\n  ""reason"": ""His blank expression and lack of visible emotion suggest complete apathy or unawareness of the dream's implications.""\n  \n  ,\n  ""free_emotions"": [""indifference"", ""composure""],\n  ""confidence"": 0.00,\n  ""reason"": ""In some frames, Chandler appears indifferent and composed, indicating no significant emotional response to the dream.""\n  \n  ,\n  ""free_emotions"": [""neutral"", ""apathy""],\n  ""confidence"": 0.00,\n  ""reason"": ""His neutral and apathetic demeanor suggests no notable emotional engagement with the dream scenario.""\n  \n  ,\n  ""free_emotions"": [""unawareness"", ""composure""],\n  ""confidence"": 0.00,\n  ""reason"": ""In some frames, Chandler appears unaware and composed, indicating no visible emotional response to the dream.""\n  \n  ,\n  ""free_emotions"": [""blankness"", ""apathy""],\n  ""confidence"": 0.00,\n  ""reason"": ""His blank expression and lack of visible emotion suggest complete apathy or unawareness of the dream's implications.""\n  \n  ,\n  ""free_emotions"": [""indifference"", ""composure""],\n  ""confidence"": 0.00,\n  ""reason"": ""In some frames, Chandler appears indifferent and composed, indicating no significant emotional response to the dream.""\n  \n  ,\n  ""free_emotions"": [""neutral"", ""apathy""],\n  ""confidence"": 0.00,\n  ""reason"": ""His neutral and apathetic demeanor suggests no notable emotional engagement with the dream scenario.""\n  \n  ,\n  ""free_emotions"": [""unawareness"", ""composure""],\n  ""confidence"": 0.00,\n  ""reason"": ""In some frames, Chandler appears unaware and composed, indicating no visible emotional response to the dream.""\n  \n  ,\n  ""free_emotions"": [""blankness"", ""apathy""],\n  ""confidence"": 0.00,\n  ""reason"": ""His blank expression and lack of visible emotion suggest complete apathy or unawareness of the dream's implications.""\n  \n  ,\n  ""free_emotions"": [""indifference"", ""composure""],\n  ""confidence"": 0.00,\n  ""reason"": ""In some frames, Chandler appears indifferent and composed, indicating no significant emotional response",,,false,,,neutral,default_neutral,0.4,No mappable emotion words found.,false
S0180,56,9,Joey,"Listen, I ah, I gotta say good bye, and-and I gotta say it quick cause this is killing me.","Ross: Sweetie thats it. Joey: Yeah, I guess it is. Rachel: Thats it? Well I saw that! Ohh-ohh-oh, thank you.",sadness,open_vocab,text + context + image,qwen-vl-plus,open_vocab:S0180:text_plus_context_plus_image,"{\n  ""free_emotions"": [""sadness"", ""urgency""],\n  ""confidence"": 0.85,\n  ""reason"": ""Joey's hesitant and rushed speech, combined with his somber expression in the image, suggests he is experiencing sadness while feeling compelled to deliver difficult news quickly.""\n}",0.85,"Joey's hesitant and rushed speech, combined with his somber expression in the image, suggests he is experiencing sadness while feeling compelled to deliver difficult news quickly.",false,sadness|urgency,sadness|urgency,sadness,hybrid_dictionary_plus_fallback,0.75,Dictionary majority vote over normalized emotion words.,true
S0181,563,5,Rachel,Yes.  Youre not asking are you?,"Monica: What if I asked? Rachel: Oh, Mon, sure. Monica: Really?",surprise,open_vocab,text + context + image,qwen-vl-plus,open_vocab:S0181:text_plus_context_plus_image,"{\n  ""free_emotions"": [""skepticism"", ""caution""],\n  ""confidence"": 0.85,\n  ""reason"": ""Rachel's tone and facial expression suggest she is questioning Monica's intent, indicating skepticism and caution.""\n}",0.85,"Rachel's tone and facial expression suggest she is questioning Monica's intent, indicating skepticism and caution.",false,skepticism|caution,skepticism|caution,neutral,heuristic_llm_fallback,0.55,"Unresolved words: skepticism, caution; used text-level fallback.",false
S0182,57,2,Chandler,"Og-ee-op, Im not asking for me, Im I mean No, Im-Im not gay, Im not asking you out.","Phoebe: See, I-I think that one that Elton John wrote for, um, that guy on Chandler: We were playing Gin? Y'know if we were a couple, we could play this game naked. Chandler: Are you seeing anybody right now?",fear,open_vocab,text + context + image,qwen-vl-plus,open_vocab:S0182:text_plus_context_plus_image,"{\n  ""free_emotions"": [""defensive"", ""embarrassed""],\n  ""confidence"": 0.85,\n  ""reason"": ""Chandler's body language and tone suggest he is trying to clarify or downplay a potentially awkward situation, indicating defensiveness and embarrassment.""\n}",0.85,"Chandler's body language and tone suggest he is trying to clarify or downplay a potentially awkward situation, indicating defensiveness and embarrassment.",false,defensive|embarrassed,defensive|embarrassed,neutral,heuristic_llm_fallback,0.55,"Unresolved words: defensive, embarrassed; used text-level fallback.",false
S0184,573,6,Rachel,Say it!,"Rachel: Oh, of course! Phoebe: Chuck Woolery? Rachel: Definitely! Phoebe, you will not find a single game show host, whos ass I cannot kick.",joy,open_vocab,text + context + image,qwen-vl-plus,open_vocab:S0184:text_plus_context_plus_image,"{\n  ""free_emotions"": [""assertive"", ""intense""],\n  ""confidence"": 0.9,\n  ""reason"": ""Rachel's direct and forceful utterance 'Say it!' combined with the physical context of her standing over another person suggests assertiveness and intensity.""\n}",0.9,Rachel's direct and forceful utterance 'Say it!' combined with the physical context of her standing over another person suggests assertiveness and intensity.,false,assertive|intense,assertive|intense,neutral,heuristic_llm_fallback,0.55,"Unresolved words: assertive, intense; used text-level fallback.",false
S0183,570,1,Ross,Oh fine.,"Monica: You wanna go right now? 'Cause I'll take you right now, buddy! You wanna go?",neutral,open_vocab,text + context + image,qwen-vl-plus,open_vocab:S0183:text_plus_context_plus_image,"{\n  ""free_emotions"": [""resigned"", ""reluctant""],\n  ""confidence"": 0.85,\n  ""reason"": ""Ross's tone and facial expression suggest he is reluctantly agreeing to Monica's suggestion, indicating a sense of resignation.""\n}",0.85,"Ross's tone and facial expression suggest he is reluctantly agreeing to Monica's suggestion, indicating a sense of resignation.",false,resigned|reluctant,resigned|reluctant,neutral,heuristic_llm_fallback,0.55,"Unresolved words: resigned, reluctant; used text-level fallback.",true
S0186,585,10,Ross,My foot is stuck in the pocket.,"Ross: Wait, wait, wait, wait, wait. Phoebe: Okay, its okay. Ross: Wait, wait, wait.",sadness,open_vocab,text + context + image,qwen-vl-plus,open_vocab:S0186:text_plus_context_plus_image,"{\n  ""free_emotions"": [""frustration"", ""confusion""],\n  ""confidence"": 0.85,\n  ""reason"": ""Ross's repeated 'wait' suggests he is experiencing frustration and confusion due to his foot being stuck, as depicted in the visual context.""\n}",0.85,"Ross's repeated 'wait' suggests he is experiencing frustration and confusion due to his foot being stuck, as depicted in the visual context.",false,frustration|confusion,frustration|confusion,surprise,heuristic_llm_fallback,0.55,"Unresolved words: frustration, confusion; used text-level fallback.",false
S0185,58,9,Chandler,"Because youre still seeing him and uh, hes a good guy.","Joey: No-no, stay right there.  Gettin closer. Chandler: Right! Monica: What are you doing?",sadness,open_vocab,text + context + image,qwen-vl-plus,open_vocab:S0185:text_plus_context_plus_image,"{\n  ""free_emotions"": [""amused"", ""smiling""],\n  ""confidence"": 0.85,\n  ""reason"": ""Chandler's slight smile and relaxed posture in the image suggest he is amused by the situation, likely reacting to Joey's actions or Monica's question.""\n}",0.85,"Chandler's slight smile and relaxed posture in the image suggest he is amused by the situation, likely reacting to Joey's actions or Monica's question.",false,amused|smiling,amused|smiling,joy,hybrid_dictionary_plus_fallback,0.75,Dictionary majority vote over normalized emotion words.,false
S0187,588,1,Monica,"Oh, stop beating yourself up!",Chandler: I cant believe I did this! What an idiot!,sadness,open_vocab,text + context + image,qwen-vl-plus,open_vocab:S0187:text_plus_context_plus_image,"{\n  ""free_emotions"": [""supportive"", ""reassuring""],\n  ""confidence"": 0.9,\n  ""reason"": ""Monica's statement 'Oh, stop beating yourself up!' indicates she is offering comfort and encouragement to Chandler, who appears distressed in the conversation context.""\n}",0.9,"Monica's statement 'Oh, stop beating yourself up!' indicates she is offering comfort and encouragement to Chandler, who appears distressed in the conversation context.",false,supportive|reassuring,supportive|reassuring,neutral,heuristic_llm_fallback,0.55,"Unresolved words: supportive, reassuring; used text-level fallback.",false
S0188,592,1,Phoebe,You two will have very hairy children.,"Ross: Okay, look, I-I know what you guys are going to say",disgust,open_vocab,text + context + image,qwen-vl-plus,open_vocab:S0188:text_plus_context_plus_image,"{\n  ""free_emotions"": [""sarcastic"", ""mocking""],\n  ""confidence"": 0.85,\n  ""reason"": ""Phoebe's statement about 'very hairy children' is delivered in a tone that suggests mockery or playful teasing, likely directed at Ross and the others based on the context.""\n}",0.85,"Phoebe's statement about 'very hairy children' is delivered in a tone that suggests mockery or playful teasing, likely directed at Ross and the others based on the context.",false,sarcastic|mocking,sarcastic|mocking,neutral,heuristic_llm_fallback,0.55,"Unresolved words: sarcastic, mocking; used text-level fallback.",false
S0189,6,0,Phoebe,"Oh, it's so romantic to send people off on their honeymoon.",,joy,open_vocab,text + context + image,qwen-vl-plus,open_vocab:S0189:text_plus_context_plus_image,"{\n  ""free_emotions"": [""nostalgic"", ""affectionate""],\n  ""confidence"": 0.85,\n  ""reason"": ""Phoebe's comment about sending people off on their honeymoon suggests a reflective and warm sentiment, indicating nostalgia and affection.""\n}",0.85,"Phoebe's comment about sending people off on their honeymoon suggests a reflective and warm sentiment, indicating nostalgia and affection.",false,nostalgic|affectionate,nostalgic|affectionate,neutral,heuristic_llm_fallback,0.55,"Unresolved words: nostalgic, affectionate; used text-level fallback.",false
S0190,605,6,Julie,You don't think they'll judge and ridicule me?,"Julie: Oh, thanks, sweetie. Ross: No problem. I cannot wait for you to meet my friends. Julie: Really?",fear,open_vocab,text + context + image,qwen-vl-plus,open_vocab:S0190:text_plus_context_plus_image,"{\n  ""free_emotions"": [""anxiety"", ""uncertainty""],\n  ""confidence"": 0.85,\n  ""reason"": ""Julie's question about being judged and ridiculed suggests she is anxious or uncertain about how others will perceive her, especially in the context of meeting Ross's friends.""\n}",0.85,"Julie's question about being judged and ridiculed suggests she is anxious or uncertain about how others will perceive her, especially in the context of meeting Ross's friends.",false,anxiety|uncertainty,anxiety|uncertainty,fear,hybrid_dictionary_plus_fallback,0.75,Dictionary majority vote over normalized emotion words.,true
S0191,61,1,Monica,"Look, not that I enjoy talking about people who I went to high school with, cause I do, but umm, maybe we could talk about something else?","Monica: Hey! Chip: ...and then Zana, just let one rip!! Stevens: Oh, excuse me. I forgot my briefcase y'know, by accident.",disgust,open_vocab,text + context + image,qwen-vl-plus,open_vocab:S0191:text_plus_context_plus_image,"{\n  ""free_emotions"": [""hesitant"", ""polite""],\n  ""confidence"": 0.85,\n  ""reason"": ""Monica's tone and body language suggest she is politely declining to discuss a topic, indicating hesitation.""\n}",0.85,"Monica's tone and body language suggest she is politely declining to discuss a topic, indicating hesitation.",false,hesitant|polite,hesitant|polite,neutral,heuristic_llm_fallback,0.55,"Unresolved words: hesitant, polite; used text-level fallback.",false
S0192,61,7,Chandler,"Ye-ye-yeah, yes I do!","Phoebe: Ohh, Monica, I am so excited for you. Chandler: No. No, not at all, thats-thats ridiculous. Doug: Everybody else got one, and you want one too. Dont you?",sadness,open_vocab,text + context + image,qwen-vl-plus,open_vocab:S0192:text_plus_context_plus_image,"{\n  ""free_emotions"": [""mocking"", ""amused""],\n  ""confidence"": 0.85,\n  ""reason"": ""Chandler's exaggerated 'Ye-ye-yeah' and the visual of him laughing suggest a mocking and amused tone, likely in response to Doug's comment.""\n}",0.85,"Chandler's exaggerated 'Ye-ye-yeah' and the visual of him laughing suggest a mocking and amused tone, likely in response to Doug's comment.",false,mocking|amused,mocking|amused,joy,hybrid_dictionary_plus_fallback,0.75,Dictionary majority vote over normalized emotion words.,false
S0194,611,10,Rachel,"Oh, well, thanks, but, I'm okay, really.","Rachel: Nooo! Rachel: Hello? Rachel: Oh, yeah, no, I know, I-I haven't been using it much.",joy,open_vocab,text + context + image,qwen-vl-plus,open_vocab:S0194:text_plus_context_plus_image,"{\n  ""free_emotions"": [""relieved"", ""guarded""],\n  ""confidence"": 0.85,\n  ""reason"": ""Rachel's tone suggests she is trying to downplay something, indicating guardedness, while her statement 'I'm okay' implies relief from a previous concern.""\n}",0.85,"Rachel's tone suggests she is trying to downplay something, indicating guardedness, while her statement 'I'm okay' implies relief from a previous concern.",false,relieved|guarded,relieved|guarded,joy,hybrid_dictionary_plus_fallback,0.75,Dictionary majority vote over normalized emotion words.,true
S0193,61,8,Doug,"Now get on out of here, you!","Chandler: No. No, not at all, thats-thats ridiculous. Doug: Everybody else got one, and you want one too. Dont you? Chandler: Ye-ye-yeah, yes I do!",joy,open_vocab,text + context + image,qwen-vl-plus,open_vocab:S0193:text_plus_context_plus_image,"{\n  ""free_emotions"": [""aggressive"", ""assertive""],\n  ""confidence"": 0.9,\n  ""reason"": ""Doug's tone and body language in the image suggest a forceful and assertive demeanor, indicating an aggressive intent to remove someone from the space.""\n}",0.9,"Doug's tone and body language in the image suggest a forceful and assertive demeanor, indicating an aggressive intent to remove someone from the space.",false,aggressive|assertive,aggressive|assertive,neutral,heuristic_llm_fallback,0.55,"Unresolved words: aggressive, assertive; used text-level fallback.",false
S0195,614,18,Rachel,Yes! Great! Give me those cigs! Give it! Give it!,"Rachel: We can get--what are those--those patches! Rachel: We could be like the Patch Sisters! Kim: Oh y'know, we really should quit. Okay, let's quit!",joy,open_vocab,text + context + image,qwen-vl-plus,open_vocab:S0195:text_plus_context_plus_image,"{\n  ""free_emotions"": [""eager"", ""impatient""],\n  ""confidence"": 0.85,\n  ""reason"": ""Rachel's urgent tone and repeated demand for cigarettes indicate eagerness and impatience, likely driven by a strong craving or desire.""\n  ,\n  ""free_emotions"": [""frustrated""],\n  ""confidence"": 0.75,\n  ""reason"": ""The context of quitting smoking and Rachel's insistence on getting cigarettes suggests underlying frustration with the situation.""\n  ,\n  ""free_emotions"": [""determined""],\n  ""confidence"": 0.70,\n  ""reason"": ""Rachel's assertive language and focus on obtaining cigarettes show determination to achieve her goal despite the conversation about quitting.""\n  ,\n  ""free_emotions"": [""anxious""],\n  ""confidence"": 0.65,\n  ""reason"": ""The visual context shows Rachel holding a pack of cigarettes, which may reflect anxiety related to her smoking habit.""\n  ,\n  ""free_emotions"": [""excited""],\n  ""confidence"": 0.60,\n  ""reason"": ""Rachel's enthusiastic tone and use of exclamation marks suggest excitement about obtaining the cigarettes.""\n  ,\n  ""free_emotions"": [""impulsive""],\n  ""confidence"": 0.55,\n  ""reason"": ""Rachel's immediate and forceful demand for cigarettes indicates an impulsive reaction to her cravings.""\n  ,\n  ""free_emotions"": [""resigned""],\n  ""confidence"": 0.45,\n  ""reason"": ""Despite the conversation about quitting, Rachel's actions suggest a resigned acceptance of her smoking habit.""\n  ,\n  ""free_emotions"": [""conflicted""],\n  ""confidence"": 0.40,\n  ""reason"": ""Rachel's behavior reflects internal conflict between her desire to quit and her urge to smoke.""\n  ,\n  ""free_emotions"": [""urgent""],\n  ""confidence"": 0.35,\n  ""reason"": ""Rachel's repeated and emphatic request for cigarettes highlights the urgency of her need.""\n  ,\n  ""free_emotions"": [""determined""],\n  ""confidence"": 0.30,\n  ""reason"": ""Rachel's persistence in demanding cigarettes shows a strong determination to satisfy her craving.""\n  ,\n  ""free_emotions"": [""frustrated""],\n  ""confidence"": 0.25,\n  ""reason"": ""Rachel's frustration may stem from the difficulty of resisting her urge to smoke.""\n  ,\n  ""free_emotions"": [""anxious""],\n  ""confidence"": 0.20,\n  ""reason"": ""Rachel's body language and focus on the cigarettes suggest anxiety related to her smoking habit.""\n  ,\n  ""free_emotions"": [""excited""],\n  ""confidence"": 0.15,\n  ""reason"": ""Rachel's enthusiasm in obtaining the cigarettes may indicate excitement about satisfying her craving.""\n  ,\n  ""free_emotions"": [""impulsive""],\n  ""confidence"": 0.10,\n  ""reason"": ""Rachel's immediate demand for cigarettes reflects an impulsive decision to act on her craving.""\n  ,\n  ""free_emotions"": [""resigned""],\n  ""confidence"": 0.05,\n  ""reason"": ""Rachel's actions may indicate a resigned acceptance of her smoking habit despite the conversation about quitting.""\n  ,\n  ""free_emotions"": [""conflicted""],\n  ""confidence"": 0.05,\n  ""reason"": ""Rachel's behavior reflects internal conflict between her desire to quit and her urge to smoke.""\n  ,\n  ""free_emotions"": [""urgent""],\n  ""confidence"": 0.05,\n  ""reason"": ""Rachel's repeated demand for cigarettes highlights the urgency of her need.""\n  ,\n  ""free_emotions"": [""determined""],\n  ""confidence"": 0.05,\n  ""reason"": ""Rachel's persistence in demanding cigarettes shows a strong determination to satisfy her craving.""\n  ,\n  ""free_emotions"": [""frustrated""],\n  ""confidence"": 0.05,\n  ""reason"": ""Rachel's frustration may stem from the difficulty of resisting her urge to smoke.""\n  ,\n  ""free_emotions"": [""anxious""],\n  ""confidence"": 0.05,\n  ""reason"": ""Rachel's body language and focus on the cigarettes suggest anxiety related to her smoking habit.""\n  ,\n  ""free_emotions"": [""excited""],\n  ""confidence"": 0.05,\n  ""reason"": ""Rachel's enthusiasm in obtaining the cigarettes may indicate excitement about satisfying her craving.""\n  ,\n  ""free_emotions"": [""impulsive""],\n  ""confidence"": 0.05,\n  ""reason"": ""Rachel's immediate demand for cigarettes reflects an impulsive decision to act on her craving.""\n  ,\n  ""free_emotions"": [""resigned""],\n  ""confidence"": 0.05,\n  ""reason"": ""Rachel's actions may indicate a resigned acceptance of her smoking habit despite the conversation about quitting.""\n  ,\n  ""free_emotions"": [""conflicted""],\n  ""confidence"": 0.05,\n  ""reason"": ""Rachel's behavior reflects internal conflict between her desire to quit and her urge to smoke.""\n  ,\n  ""free_emotions"": [""urgent""],\n  ""confidence"": 0.05,\n  ""reason"": ""Rachel's repeated demand for cigarettes highlights the urgency of her need.""\n  ,\n  ""free_emotions"": [""determined""],\n  ""confidence"": 0.05,\n  ""reason"": ""Rachel's persistence in demanding cigarettes shows a strong determination to satisfy her craving.""\n  ,\n  ""free_emotions"": [""frustrated""],\n  ""confidence"": 0.05,\n  ""reason"": ""Rachel's frustration may stem from the difficulty of resisting her urge to smoke.""\n  ,\n  ""free_emotions"": [""anxious""],\n  ""confidence"": 0.05,\n  ""reason"": ""Rachel's body language and focus on the cigarettes suggest anxiety related to her smoking habit.""\n  ,\n  ""free_emotions"": [""excited""],\n  ""confidence"": 0.05,\n  ""reason"": ""Rachel's enthusiasm in obtaining the cigarettes may indicate excitement about satisfying her craving.""\n  ,\n  ""free_emotions"": [""impulsive""],\n  ""confidence"": 0.05,\n  ""reason"": ""Rachel's immediate demand for cigarettes reflects an impulsive decision to act on her craving.""\n  ,\n  ""free_emotions"": [""resigned""],\n  ""confidence"": 0.05,\n  ""reason"": ""Rachel's actions may indicate a resigned acceptance of her smoking habit despite the conversation about quitting.""\n  ,\n  ""free_emotions"": [""conflicted""],\n  ""confidence"": 0.05,\n  ""reason"": ""Rachel's behavior reflects internal conflict between her desire to quit and her urge to smoke.""\n  ,\n  ""free_emotions"": [""urgent""],\n  ""confidence"": 0.05,\n  ""reason"": ""Rachel's repeated demand for cigarettes highlights the urgency of her need.""\n  ,\n  ""free_emotions"": [""determined""],\n  ""confidence"": 0.05,\n  ""reason"": ""Rachel's persistence in demanding cigarettes shows a strong determination to satisfy her craving.""\n  ,\n  ""free_emotions"": [""frustrated""],\n  ""confidence"": 0.05,\n  ""reason"": ""Rachel's frustration may stem from the difficulty of resisting her urge to smoke.""\n  ,\n  ""free_emotions"": [""anxious""],\n  ""confidence"": 0.05,\n  ""reason"": ""Rachel's body language and focus on the cigarettes suggest anxiety related to her smoking habit.""\n  ,\n  ""free_emotions"": [""excited""],\n  ""confidence"": 0.05,\n  ""reason"": ""Rachel's enthusiasm in obtaining the cigarettes may indicate excitement about satisfying her craving.""\n  ,\n  ""free_emotions"": [""impulsive""],\n  ""confidence"": 0.05,\n  ""reason"": ""Rachel's immediate demand for cigarettes reflects an impulsive decision to act on her craving.""\n  ,\n  ""free_emotions"": [""resigned""],\n  """,,,false,,,neutral,default_neutral,0.4,No mappable emotion words found.,false
S0196,615,12,Chandler,"I mean, what the hell is that thing?","Chandler: Like Joey's constant knuckle-cracking isn't annoying? Chandler: And Ross, with his over-pronouncing every single word? Chandler: And Monica, with that snort when she laughs?",disgust,open_vocab,text + context + image,qwen-vl-plus,open_vocab:S0196:text_plus_context_plus_image,"{\n  ""free_emotions"": [""confusion"", ""annoyance""],\n  ""confidence"": 0.85,\n  ""reason"": ""Chandler's facial expression and hand gesture suggest he is confused and annoyed by something unexpected or irritating.""\n}",0.85,Chandler's facial expression and hand gesture suggest he is confused and annoyed by something unexpected or irritating.,false,confusion|annoyance,confusion|annoyance,anger,hybrid_dictionary_plus_fallback,0.75,Dictionary majority vote over normalized emotion words.,false
S0198,619,8,Janice,"Oh well thats what I thought about my first husband, now Im lucky if my kid gets to spend the weekend with her father and the twins and little Ms. New Boobs.","Rachel: Well then he gets a divorce, its Ross! Janice: Im telling you Rachel, listen to Janice. They all say theyre gonna be there until they start their real family. Rachel: Well IThats never gonna happen with Ross.",disgust,open_vocab,text + context + image,qwen-vl-plus,open_vocab:S0198:text_plus_context_plus_image,"{\n  ""free_emotions"": [""disappointment"", ""resignation""],\n  ""confidence"": 0.85,\n  ""reason"": ""Janice expresses a sense of disappointment and resignation about her past relationship and current family dynamics, as indicated by her tone and the context of her conversation.""\n}",0.85,"Janice expresses a sense of disappointment and resignation about her past relationship and current family dynamics, as indicated by her tone and the context of her conversation.",false,disappointment|resignation,disappointment|resignation,sadness,hybrid_dictionary_plus_fallback,0.75,Dictionary majority vote over normalized emotion words.,false
S0197,617,8,Phoebe,You gotta take care of yourselves!,"Phoebe: Yeah, uh-huh. Phoebe: Yeah, oh, ""Your mom probably won't kill herself,"" yknow? Phoebe: I'm sorry, but I'm not hanging all my hopes of Rachel and I living together on-on ""Probably!""",neutral,open_vocab,text + context + image,qwen-vl-plus,open_vocab:S0197:text_plus_context_plus_image,"{\n  ""free_emotions"": [""concern"", ""advice""],\n  ""confidence"": 0.85,\n  ""reason"": ""Phoebe's statement 'You gotta take care of yourselves!' suggests she is expressing concern and offering advice, likely in response to the previous conversation about personal well-being.""\n}",0.85,"Phoebe's statement 'You gotta take care of yourselves!' suggests she is expressing concern and offering advice, likely in response to the previous conversation about personal well-being.",false,concern|advice,concern|advice,neutral,heuristic_llm_fallback,0.55,"Unresolved words: concern, advice; used text-level fallback.",true
S0199,623,18,Chandler,"So you might say, its a magic ring.","Ross: That ring? When my grandmother first came to this country, that ring and the clothes on her back were all she had with her. Chandler: So you might say, the ring is irreplaceable? Ross: Oh absolutely! It has been in my family for generations, and every bride who has worn it has had a long and happy life.",joy,open_vocab,text + context + image,qwen-vl-plus,open_vocab:S0199:text_plus_context_plus_image,"{\n  ""free_emotions"": [""reflective"", ""empathetic""],\n  ""confidence"": 0.85,\n  ""reason"": ""Chandler's tone and body language suggest he is thoughtfully considering Ross's emotional attachment to the ring, showing empathy for its significance.""\n}",0.85,"Chandler's tone and body language suggest he is thoughtfully considering Ross's emotional attachment to the ring, showing empathy for its significance.",false,reflective|empathetic,reflective|empathetic,joy,heuristic_llm_fallback,0.55,"Unresolved words: reflective, empathetic; used text-level fallback.",true
S0200,632,1,Rachel,"Well, I-I said yes.",Monica: Is he crazy?! You just had Ross’s baby!,fear,open_vocab,text + context + image,qwen-vl-plus,open_vocab:S0200:text_plus_context_plus_image,"{\n  ""free_emotions"": [""hesitant"", ""uncertain""],\n  ""confidence"": 0.85,\n  ""reason"": ""Rachel's hesitant tone and the context of her response suggest she is uncertain about her decision, likely due to the surprising nature of Monica's question.""\n\n  ,\n  ""free_emotions"": [""hesitant"", ""uncertain""],\n  ""confidence"": 0.85,\n  ""reason"": ""Rachel's hesitant tone and the context of her response suggest she is uncertain about her decision, likely due to the surprising nature of Monica's question.""\n  \n  ,\n  ""free_emotions"": [""hesitant"", ""uncertain""],\n  ""confidence"": 0.85,\n  ""reason"": ""Rachel's hesitant tone and the context of her response suggest she is uncertain about her decision, likely due to the surprising nature of Monica's question.""\n  \n  ,\n  ""free_emotions"": [""hesitant"", ""uncertain""],\n  ""confidence"": 0.85,\n  ""reason"": ""Rachel's hesitant tone and the context of her response suggest she is uncertain about her decision, likely due to the surprising nature of Monica's question.""\n  \n  ,\n  ""free_emotions"": [""hesitant"", ""uncertain""],\n  ""confidence"": 0.85,\n  ""reason"": ""Rachel's hesitant tone and the context of her response suggest she is uncertain about her decision, likely due to the surprising nature of Monica's question.""\n  \n  ,\n  ""free_emotions"": [""hesitant"", ""uncertain""],\n  ""confidence"": 0.85,\n  ""reason"": ""Rachel's hesitant tone and the context of her response suggest she is uncertain about her decision, likely due to the surprising nature of Monica's question.""\n  \n  ,\n  ""free_emotions"": [""",,,false,,,neutral,default_neutral,0.4,No mappable emotion words found.,false
S0201,633,2,Phoebe,Oh my God Monica!,Phoebe: So-so you two were married huh? What happened? You just drift apart? Mrs. Geller: Here comes the bride.,surprise,open_vocab,text + context + image,qwen-vl-plus,open_vocab:S0201:text_plus_context_plus_image,"{\n  ""free_emotions"": [""surprise"", ""admiration""],\n  ""confidence"": 0.9,\n  ""reason"": ""Phoebe's exclamation 'Oh my God' indicates surprise, while her reaction to Monica's appearance suggests admiration for her look.""\n}",0.9,"Phoebe's exclamation 'Oh my God' indicates surprise, while her reaction to Monica's appearance suggests admiration for her look.",false,surprise|admiration,surprise|admiration,surprise,hybrid_dictionary_plus_fallback,0.75,Dictionary majority vote over normalized emotion words.,true
S0202,64,1,Monica,Well then we still have a problem.,"Rachel: You guys! It was bananas, cream, and beef! I-I just cannot believe that you ate that so that I wouldnt feel bad! Chandler: So, you stole my joke, and you stole my money. Chandler: Sorry, I just dont like the idea of when I say ""I do,"" hes thinking, ""Yeah, Id do her too!""",neutral,open_vocab,text + context + image,qwen-vl-plus,open_vocab:S0202:text_plus_context_plus_image,"{\n  ""free_emotions"": [""concern"", ""frustration""],\n  ""confidence"": 0.85,\n  ""reason"": ""Monica's statement 'Well then we still have a problem' indicates concern about an unresolved issue, and her tone suggests frustration with the situation.""\n}",0.85,"Monica's statement 'Well then we still have a problem' indicates concern about an unresolved issue, and her tone suggests frustration with the situation.",false,concern|frustration,concern|frustration,neutral,heuristic_llm_fallback,0.55,"Unresolved words: concern, frustration; used text-level fallback.",true
S0203,644,1,Ross,"Well, Chandler and I are in a bar",Monica: What happened in Atlantic City?!,neutral,open_vocab,text + context + image,qwen-vl-plus,open_vocab:S0203:text_plus_context_plus_image,"{\n  ""free_emotions"": [""casual"", ""neutral""],\n  ""confidence"": 0.85,\n  ""reason"": ""Ross's statement appears relaxed and informal, matching the casual tone of being in a bar. The context suggests no strong emotion is present.""\n}",0.85,"Ross's statement appears relaxed and informal, matching the casual tone of being in a bar. The context suggests no strong emotion is present.",false,casual|neutral,casual|neutral,neutral,dictionary,0.8500000000000001,Dictionary majority vote over normalized emotion words.,true
S0204,652,15,Chandler,You think?,"Ross: He could never get a woman like that in a million years. Phoebe: Oh, oh, but y'know, you always see these really beautiful women with these really nothing guys, you could be one of those guys. Monica: You could do that!",surprise,open_vocab,text + context + image,qwen-vl-plus,open_vocab:S0204:text_plus_context_plus_image,"{\n  ""free_emotions"": [""skepticism"", ""curiosity""],\n  ""confidence"": 0.85,\n  ""reason"": ""Chandler's tone and facial expression suggest he is questioning or doubting what was said, indicating skepticism and curiosity about the statement.""\n}",0.85,"Chandler's tone and facial expression suggest he is questioning or doubting what was said, indicating skepticism and curiosity about the statement.",false,skepticism|curiosity,skepticism|curiosity,neutral,heuristic_llm_fallback,0.55,"Unresolved words: skepticism, curiosity; used text-level fallback.",false
S0205,655,0,Ross,Wow!,,surprise,open_vocab,text + context + image,qwen-vl-plus,open_vocab:S0205:text_plus_context_plus_image,"{\n  ""free_emotions"": [""surprise"", ""awe""],\n  ""confidence"": 0.85,\n  ""reason"": ""The exclamation 'Wow!' suggests a strong emotional reaction, likely surprise or awe, possibly in response to the nighttime scene of the illuminated building.""\n}",0.85,"The exclamation 'Wow!' suggests a strong emotional reaction, likely surprise or awe, possibly in response to the nighttime scene of the illuminated building.",false,surprise|awe,surprise|awe,surprise,hybrid_dictionary_plus_fallback,0.75,Dictionary majority vote over normalized emotion words.,true
S0206,659,3,Susan,I thought they could...I'll try to get back as soon as I can. I'm sorry.,"Ross: So, um, what do you do for a living? Kristin: Well, um, for the past few years I've been working.....which is funny because, that wasn't even my major. Carol: Oh no. I thought you said they could shoot the spot without you.",sadness,open_vocab,text + context + image,qwen-vl-plus,open_vocab:S0206:text_plus_context_plus_image,"{\n  ""free_emotions"": [""apologetic"", ""hurried""],\n  ""confidence"": 0.85,\n  ""reason"": ""Susan's utterance 'I'm sorry' indicates an apologetic tone, while 'I'll try to get back as soon as I can' suggests she is in a hurry to leave or return.""\n}",0.85,"Susan's utterance 'I'm sorry' indicates an apologetic tone, while 'I'll try to get back as soon as I can' suggests she is in a hurry to leave or return.",false,apologetic|hurried,apologetic|hurried,neutral,heuristic_llm_fallback,0.55,"Unresolved words: apologetic, hurried; used text-level fallback.",false
S0208,659,9,Carol,"Oh, no no no. I'm fine. I'm fine.","Ross: Cause she's, she's alone now, and pregnant, and, and sad. Kristin: I guess. Ross: Are you sure? Great. Carol? Wanna come over and join us?",neutral,open_vocab,text + context + image,qwen-vl-plus,open_vocab:S0208:text_plus_context_plus_image,"{\n  ""free_emotions"": [""dismissal"", ""unease""],\n  ""confidence"": 0.85,\n  ""reason"": ""Carol's repeated 'I'm fine' suggests she is dismissing something, likely Ross's concern about her emotional state. Her body language in the image appears somewhat tense and uncomfortable.""\n}",0.85,"Carol's repeated 'I'm fine' suggests she is dismissing something, likely Ross's concern about her emotional state. Her body language in the image appears somewhat tense and uncomfortable.",false,dismissal|unease,dismissal|unease,sadness,heuristic_llm_fallback,0.55,"Unresolved words: dismissal, unease; used text-level fallback.",false
S0207,659,6,Ross,"Cause she's, she's alone now, and pregnant, and, and sad.","Susan: I thought they could...I'll try to get back as soon as I can. I'm sorry. Ross: Now that is funny. Ross: Hey, do you think...would it be too weird if I invited Carol over to join us?",sadness,open_vocab,text + context + image,qwen-vl-plus,open_vocab:S0207:text_plus_context_plus_image,"{\n  ""free_emotions"": [""sympathy"", ""concern""],\n  ""confidence"": 0.85,\n  ""reason"": ""Ross's statement about someone being alone, pregnant, and sad indicates he is expressing sympathy and concern for their situation.""\n}",0.85,"Ross's statement about someone being alone, pregnant, and sad indicates he is expressing sympathy and concern for their situation.",false,sympathy|concern,sympathy|concern,sadness,heuristic_llm_fallback,0.55,"Unresolved words: sympathy, concern; used text-level fallback.",true
S0210,67,6,Rachel,"I mean, I mean I was gonna be homeless.","Joey: Oh, Im sorry. Thank you Chandler. Rachel: Anyway, theres this big charity ball this weekend and Ralph Lauren bought a table, so I kinda have to go Rachel: Ross-Ross, you have no idea what this means to me!",sadness,open_vocab,text + context + image,qwen-vl-plus,open_vocab:S0210:text_plus_context_plus_image,"{\n  ""free_emotions"": [""anxiety"", ""hopefulness""],\n  ""confidence"": 0.85,\n  ""reason"": ""Rachel's expression and body language convey anxiety about her financial situation, while her mention of the charity ball suggests hopefulness about attending it.""\n}",0.85,"Rachel's expression and body language convey anxiety about her financial situation, while her mention of the charity ball suggests hopefulness about attending it.",false,anxiety|hopefulness,anxiety|hopefulness,fear,hybrid_dictionary_plus_fallback,0.75,Dictionary majority vote over normalized emotion words.,false
S0209,660,15,Rachel,Oh!,Rachel: Now we can go eat. Rachel: Lets go. Paul: It was horrible. They called me chicken boy.,surprise,open_vocab,text + context + image,qwen-vl-plus,open_vocab:S0209:text_plus_context_plus_image,"{\n  ""free_emotions"": [""surprise"", ""curiosity""],\n  ""confidence"": 0.85,\n  ""reason"": ""Rachel's exclamation 'Oh!' suggests surprise, and her presence in a jewelry store with Paul and the woman indicates curiosity about the environment.""\n\n  ,\n  ""free_emotions"": [""anticipation""],\n  ""confidence"": 0.75,\n  ""reason"": ""Rachel's statement 'Now we can go eat' implies anticipation for the upcoming meal.""\n  \n  ,\n  ""free_emotions"": [""concern""],\n  ""confidence"": 0.65,\n  ""reason"": ""Paul's comment about being called 'chicken boy' suggests a past negative experience, which could evoke concern or empathy from Rachel.""\n  \n  ,\n  ""free_emotions"": [""interest""],\n  ""confidence"": 0.70,\n  ""reason"": ""Rachel's engagement in the conversation and her reaction to Paul's story indicate interest in what he is saying.""\n  \n  ,\n  ""free_emotions"": [""alertness""],\n  ""confidence"": 0.80,\n  ""reason"": ""Rachel's quick response and the context of being in a public place suggest alertness to her surroundings.""\n  \n  ,\n  ""free_emotions"": [""engagement""],\n  ""confidence"": 0.90,\n  ""reason"": ""Rachel's active participation in the conversation shows her engagement with the topic and the people involved.""\n  \n  ,\n  ""free_emotions"": [""caution""],\n  ""confidence"": 0.60,\n  ""reason"": ""The setting of a jewelry store and the mention of a past incident could imply a sense of caution in Rachel's demeanor.""\n  \n  ,\n  ""free_emotions"": [""inquisitiveness""],\n  ""confidence"": 0.75,\n  ""reason"": ""Rachel's reaction and involvement in the conversation suggest an inquisitive nature, as she seems eager to understand more about the situation.""\n  \n  ,\n  ""free_emotions"": [""wonder""],\n  ""confidence"": 0.70,\n  ""reason"": ""Rachel's expression and the context of being in a new environment (a jewelry store) suggest a sense of wonder or fascination.""\n  \n  ,\n  ""free_emotions"": [""reflection""],\n  ""confidence"": 0.65,\n  ""reason"": ""Rachel's response to Paul's story might indicate a moment of reflection on the implications of his words.""\n  \n  ,\n  ""free_emotions"": [""alertness""],\n  ""confidence"": 0.80,\n  ""reason"": ""Rachel's quick reaction and the context of being in a potentially sensitive environment suggest heightened alertness.""\n  \n  ,\n  ""free_emotions"": [""interest""],\n  ""confidence"": 0.75,\n  ""reason"": ""Rachel's engagement in the conversation and her reaction to Paul's story indicate a strong interest in the topic.""\n  \n  ,\n  ""free_emotions"": [""caution""],\n  ""confidence"": 0.60,\n  ""reason"": ""The setting of a jewelry store and the mention of a past incident could imply a sense of caution in Rachel's demeanor.""\n  \n  ,\n  ""free_emotions"": [""engagement""],\n  ""confidence"": 0.90,\n  ""reason"": ""Rachel's active participation in the conversation shows her engagement with the topic and the people involved.""\n  \n  ,\n  ""free_emotions"": [""inquisitiveness""],\n  ""confidence"": 0.75,\n  ""reason"": ""Rachel's reaction and the context of being in a new environment (a jewelry store) suggest an inquisitive nature, as she seems eager to understand more about the situation.""\n  \n  ,\n  ""free_emotions"": [""wonder""],\n  ""confidence"": 0.70,\n  ""reason"": ""Rachel's expression and the context of being in a potentially intriguing environment suggest a sense of wonder or fascination.""\n  \n  ,\n  ""free_emotions"": [""reflection""],\n  ""confidence"": 0.65,\n  ""reason"": ""Rachel's response to Paul's story might indicate a moment of reflection on the implications of his words.""\n  \n  ,\n  ""free_emotions"": [""alertness""],\n  ""confidence"": 0.80,\n  ""reason"": ""Rachel's quick reaction and the context of being in a potentially sensitive environment suggest heightened alertness.""\n  \n  ,\n  ""free_emotions"": [""interest""],\n  ""confidence"": 0.75,\n  ""reason"": ""Rachel's engagement in the conversation and her reaction to Paul's story indicate a strong interest in the topic.""\n  \n  ,\n  ""free_emotions"": [""caution""],\n  ""confidence"": 0.60,\n  ""reason"": ""The setting of a jewelry store and the mention of a past incident could imply a sense of caution in Rachel's demeanor.""\n  \n  ,\n  ""free_emotions"": [""engagement""],\n  ""confidence"": 0.90,\n  ""reason"": ""Rachel's active participation in the conversation shows her engagement with the topic and the people involved.""\n  \n  ,\n  ""free_emotions"": [""inquisitiveness""],\n  ""confidence"": 0.75,\n  ""reason"": ""Rachel's reaction and the context of being in a new environment (a jewelry store) suggest an inquisitive nature, as she seems eager to understand more about the situation.""\n  \n  ,\n  ""free_emotions"": [""wonder""],\n  ""confidence"": 0.70,\n  ""reason"": ""Rachel's expression and the context of being in a potentially intriguing environment suggest a sense of wonder or fascination.""\n  \n  ,\n  ""free_emotions"": [""reflection""],\n  ""confidence"": 0.65,\n  ""reason"": ""Rachel's response to Paul's story might indicate a moment of reflection on the implications of his words.""\n  \n  ,\n  ""free_emotions"": [""alertness""],\n  ""confidence"": 0.80,\n  ""reason"": ""Rachel's quick reaction and the context of being in a potentially sensitive environment suggest heightened",,,false,,,neutral,default_neutral,0.4,No mappable emotion words found.,false
S0211,67,6,Monica,Whats the charity?,"Joey: Oh, Im sorry. Thank you Chandler. Rachel: Anyway, theres this big charity ball this weekend and Ralph Lauren bought a table, so I kinda have to go Rachel: Ross-Ross, you have no idea what this means to me!",neutral,open_vocab,text + context + image,qwen-vl-plus,open_vocab:S0211:text_plus_context_plus_image,"{\n  ""free_emotions"": [""curious"", ""inquisitive""],\n  ""confidence"": 0.85,\n  ""reason"": ""Monica's facial expression and tone suggest she is seeking information about the charity, indicating curiosity.""\n}",0.85,"Monica's facial expression and tone suggest she is seeking information about the charity, indicating curiosity.",false,curious|inquisitive,curious|inquisitive,neutral,heuristic_llm_fallback,0.55,"Unresolved words: curious, inquisitive; used text-level fallback.",true
S0212,672,9,Rachel,Does it?,"Ross: And so I wanted to read every word carefully, twice! Rachel: So umm, does it? Ross: Im sorry.",fear,open_vocab,text + context + image,qwen-vl-plus,open_vocab:S0212:text_plus_context_plus_image,"{\n  ""free_emotions"": [""curious"", ""tentative""],\n  ""confidence"": 0.85,\n  ""reason"": ""Rachel's tone and body language suggest she is seeking clarification or confirmation, indicating curiosity and a cautious approach to the conversation.""\n}",0.85,"Rachel's tone and body language suggest she is seeking clarification or confirmation, indicating curiosity and a cautious approach to the conversation.",false,curious|tentative,curious|tentative,neutral,heuristic_llm_fallback,0.55,"Unresolved words: curious, tentative; used text-level fallback.",false
S0214,68,13,Rachel,What?,"Monica: We know how tough those parent/teacher conferences can be. Rachel: You don't know anything. Joey: Ohh, I know one thing!",joy,open_vocab,text + context + image,qwen-vl-plus,open_vocab:S0214:text_plus_context_plus_image,"{\n  ""free_emotions"": [""confusion"", ""defiance""],\n  ""confidence"": 0.85,\n  ""reason"": ""Rachel's facial expression and tone suggest she is confused by Monica's statement, while her direct response indicates a defiant attitude.""\n}",0.85,"Rachel's facial expression and tone suggest she is confused by Monica's statement, while her direct response indicates a defiant attitude.",false,confusion|defiance,confusion|defiance,neutral,heuristic_llm_fallback,0.55,"Unresolved words: confusion, defiance; used text-level fallback.",false
S0213,673,20,Ross,"Cause I kinda all ready told her uh, it was, it was already taken care of.",Russell: And well need you and Rachel to testify before a judge. Ross: Ooh! Ross: Theres no way to do this without her?,fear,open_vocab,text + context + image,qwen-vl-plus,open_vocab:S0213:text_plus_context_plus_image,"{\n  ""free_emotions"": [""relieved"", ""explanatory""],\n  ""confidence"": 0.85,\n  ""reason"": ""Ross appears to be explaining something with a slight smile, suggesting he feels relieved that the issue is resolved.""\n}",0.85,"Ross appears to be explaining something with a slight smile, suggesting he feels relieved that the issue is resolved.",false,relieved|explanatory,relieved|explanatory,joy,hybrid_dictionary_plus_fallback,0.75,Dictionary majority vote over normalized emotion words.,false
S0215,682,6,Rachel,"Oh, I know. Look at him.","Ross: But I'll still always come back, like this. Chandler: And sometimes, I'll want you to steal third, and I'll go like this. Monica: He is so amazing.",joy,open_vocab,text + context + image,qwen-vl-plus,open_vocab:S0215:text_plus_context_plus_image,"{\n  ""free_emotions"": [""appreciation"", ""admiration""],\n  ""confidence"": 0.9,\n  ""reason"": ""Rachel's statement 'Oh, I know. Look at him.' combined with the visual of a group photo featuring a central figure suggests she is expressing appreciation or admiration for someone in the image.""\n}",0.9,"Rachel's statement 'Oh, I know. Look at him.' combined with the visual of a group photo featuring a central figure suggests she is expressing appreciation or admiration for someone in the image.",false,appreciation|admiration,appreciation|admiration,neutral,heuristic_llm_fallback,0.55,"Unresolved words: appreciation, admiration; used text-level fallback.",false
S0216,695,1,Rachel,No! Dont say that! Dont say that!,Ben: Oh damnit!,fear,open_vocab,text + context + image,qwen-vl-plus,open_vocab:S0216:text_plus_context_plus_image,"{\n  ""free_emotions"": [""distress"", ""urgency""],\n  ""confidence"": 0.9,\n  ""reason"": ""Rachel's emphatic tone and body language, including her raised hand and intense expression, suggest she is experiencing distress and urgency in response to Ben's statement.""\n}",0.9,"Rachel's emphatic tone and body language, including her raised hand and intense expression, suggest she is experiencing distress and urgency in response to Ben's statement.",false,distress|urgency,distress|urgency,neutral,heuristic_llm_fallback,0.55,"Unresolved words: distress, urgency; used text-level fallback.",false
S0217,699,0,Phoebe,I won! I won! I finally won!,,surprise,open_vocab,text + context + image,qwen-vl-plus,open_vocab:S0217:text_plus_context_plus_image,"{\n  ""free_emotions"": [""joy"", ""excitement""],\n  ""confidence"": 0.9,\n  ""reason"": ""The speaker's repeated exclamation 'I won! I won!' and the visual context of a slot machine win indicate strong feelings of joy and excitement.""\n}",0.9,The speaker's repeated exclamation 'I won! I won!' and the visual context of a slot machine win indicate strong feelings of joy and excitement.,false,joy|excitement,joy|excitement,joy,dictionary,0.8500000000000001,Dictionary majority vote over normalized emotion words.,false
S0218,712,11,Chandler,No!,"Chandler: Bamboozled? Joey: Yeah, isnt that a cool name? Ross: Yeah!",disgust,open_vocab,text + context + image,qwen-vl-plus,open_vocab:S0218:text_plus_context_plus_image,"{\n  ""free_emotions"": [""disbelief"", ""annoyance""],\n  ""confidence"": 0.85,\n  ""reason"": ""Chandler's emphatic 'No!' in response to being called 'bamboozled' suggests disbelief and mild annoyance, especially given the context of the conversation where others seem amused.""\n}",0.85,"Chandler's emphatic 'No!' in response to being called 'bamboozled' suggests disbelief and mild annoyance, especially given the context of the conversation where others seem amused.",false,disbelief|annoyance,disbelief|annoyance,anger,hybrid_dictionary_plus_fallback,0.75,Dictionary majority vote over normalized emotion words.,false
S0219,714,4,Ross,"Hi, I was wondering if it is possible to increase security in the Paleontology section?","The Librarian: Well, yes! Just give me five minutes, I just have to find someone to cover my shift. Ross: No! No!! No! Can I speak to someone in charge please?! The Head Librarian: How can I help you?",anger,open_vocab,text + context + image,qwen-vl-plus,open_vocab:S0219:text_plus_context_plus_image,"{\n  ""free_emotions"": [""urgent"", ""anxious""],\n  ""confidence"": 0.85,\n  ""reason"": ""Ross's tone and body language suggest urgency and anxiety as he insists on speaking to someone in charge regarding security concerns.""\n}",0.85,Ross's tone and body language suggest urgency and anxiety as he insists on speaking to someone in charge regarding security concerns.,false,urgent|anxious,urgent|anxious,fear,hybrid_dictionary_plus_fallback,0.75,Dictionary majority vote over normalized emotion words.,false
S0220,723,5,Phoebe,"Oh I know, I helped pick out the ring.",Phoebe: Hi. Ross: Hey-hey Pheebs! Ross: Chandlers gonna ask Monica to marry him!,neutral,open_vocab,text + context + image,qwen-vl-plus,open_vocab:S0220:text_plus_context_plus_image,"{\n  ""free_emotions"": [""happy"", ""proud""],\n  ""confidence"": 0.9,\n  ""reason"": ""Phoebe's smile and the context of helping choose a ring suggest she is happy and proud.""\n}",0.9,Phoebe's smile and the context of helping choose a ring suggest she is happy and proud.,false,happy|proud,happy|proud,joy,hybrid_dictionary_plus_fallback,0.75,Dictionary majority vote over normalized emotion words.,false
S0222,730,9,Joey,"Geez, sounds like you should be going on this date!","Ross: You know what? Ross: She loves architecture, you know what you should do? Ross: You should take a walk down fifth to the Saint Patrick's Cathedral and there    there's this great little pastry shop that she'd love.",surprise,open_vocab,text + context + image,qwen-vl-plus,open_vocab:S0222:text_plus_context_plus_image,"{\n  ""free_emotions"": [""sarcastic"", ""amused""],\n  ""confidence"": 0.85,\n  ""reason"": ""Joey's tone and facial expression suggest he is making a sarcastic remark, likely in response to Ross's suggestion about the date. His slight smirk and hand gesture indicate amusement.""\n}",0.85,"Joey's tone and facial expression suggest he is making a sarcastic remark, likely in response to Ross's suggestion about the date. His slight smirk and hand gesture indicate amusement.",false,sarcastic|amused,sarcastic|amused,joy,hybrid_dictionary_plus_fallback,0.75,Dictionary majority vote over normalized emotion words.,false
S0221,73,2,Joey,"Well, maybe thats because youre closer to you. So you look bigger to you from where you are.","Joey: Hey! Ross: They dont look any bigger than me! Chandler: With a chick-chick here, and a chick-chick there.",anger,open_vocab,text + context + image,qwen-vl-plus,open_vocab:S0221:text_plus_context_plus_image,"{\n  ""free_emotions"": [""confident"", ""playful""],\n  ""confidence"": 0.85,\n  ""reason"": ""Joey's statement suggests a confident and playful tone, as he makes a humorous observation about perspective.""\n}",0.85,"Joey's statement suggests a confident and playful tone, as he makes a humorous observation about perspective.",false,confident|playful,confident|playful,neutral,heuristic_llm_fallback,0.55,"Unresolved words: confident, playful; used text-level fallback.",false
S0224,737,6,Chandler,"Where is that book that you are reading with the two women who were ice-skating and wearing, wearing those hats with the flowers on it?","Monica: Deep Impact Chandler: Sorry, I justcant sleep. Chandler: Ooh!",neutral,open_vocab,text + context + image,qwen-vl-plus,open_vocab:S0224:text_plus_context_plus_image,"{\n  ""free_emotions"": [""curious"", ""playful""],\n  ""confidence"": 0.85,\n  ""reason"": ""Chandler's question about the book suggests curiosity, while his animated gestures and Monica's attentive response indicate a playful interaction.""\n}",0.85,"Chandler's question about the book suggests curiosity, while his animated gestures and Monica's attentive response indicate a playful interaction.",false,curious|playful,curious|playful,neutral,heuristic_llm_fallback,0.55,"Unresolved words: curious, playful; used text-level fallback.",true
S0223,736,4,Ross,"Thats, thats, thats a big candy bar. (Shes holding one of those huge","Emily: Oh my God! What are you doing here? Ross: I just, I had to see you one more time before you took-off. Emily: You are so sweet.",sadness,open_vocab,text + context + image,qwen-vl-plus,open_vocab:S0223:text_plus_context_plus_image,"{\n  ""free_emotions"": [""surprise"", ""amusement""],\n  ""confidence"": 0.85,\n  ""reason"": ""Ross's expression and body language suggest surprise at the size of the candy bar, while his slight smile indicates amusement.""\n}",0.85,"Ross's expression and body language suggest surprise at the size of the candy bar, while his slight smile indicates amusement.",false,surprise|amusement,surprise|amusement,neutral,default_neutral,0.4,No mappable emotion words found.,false
S0225,739,15,Joey's Hand Twin,That's okay.,"Joey: Huh? Joey: And-and-and I wrote a song for us! Joey: (Singing, to the tune of",neutral,open_vocab,text + context + image,qwen-vl-plus,open_vocab:S0225:text_plus_context_plus_image,"{\n  ""free_emotions"": [""reassuring"", ""calm""],\n  ""confidence"": 0.85,\n  ""reason"": ""The speaker's tone and the phrase 'That's okay' suggest a reassuring and calm demeanor, likely responding to Joey's enthusiastic but possibly overwhelming behavior.""\n}",0.85,"The speaker's tone and the phrase 'That's okay' suggest a reassuring and calm demeanor, likely responding to Joey's enthusiastic but possibly overwhelming behavior.",false,reassuring|calm,reassuring|calm,neutral,hybrid_dictionary_plus_fallback,0.75,Dictionary majority vote over normalized emotion words.,true
S0226,740,0,Mr. Geller,"Well, shell understand right? Its not like I did it on purpose.",,sadness,open_vocab,text + context + image,qwen-vl-plus,open_vocab:S0226:text_plus_context_plus_image,"{\n  ""free_emotions"": [""apologetic"", ""defensive""],\n  ""confidence"": 0.85,\n  ""reason"": ""The speaker's tone and body language suggest an attempt to justify their actions while showing a degree of regret or concern.""\n}",0.85,The speaker's tone and body language suggest an attempt to justify their actions while showing a degree of regret or concern.,false,apologetic|defensive,apologetic|defensive,neutral,heuristic_llm_fallback,0.55,"Unresolved words: apologetic, defensive; used text-level fallback.",false
S0227,744,8,Shelley,...Oh God.,"Shelley: Okay. He's cute, he's funny, he's- Chandler: He's a he? Shelley: Well yeah!",fear,open_vocab,text + context + image,qwen-vl-plus,open_vocab:S0227:text_plus_context_plus_image,"{\n  ""free_emotions"": [""surprise"", ""exasperation""],\n  ""confidence"": 0.85,\n  ""reason"": ""Shelley's utterance 'Oh God.' combined with her expressive hand gesture and the context of discussing someone's qualities suggests a mix of surprise and exasperation.""\n}",0.85,Shelley's utterance 'Oh God.' combined with her expressive hand gesture and the context of discussing someone's qualities suggests a mix of surprise and exasperation.,false,surprise|exasperation,surprise|exasperation,surprise,hybrid_dictionary_plus_fallback,0.75,Dictionary majority vote over normalized emotion words.,false
S0228,747,10,Ross,"I mean, last year Elizabeth now-now this kid.",Rachel: Really? Ross: Yeah! Ross: I dont know.,anger,open_vocab,text + context + image,qwen-vl-plus,open_vocab:S0228:text_plus_context_plus_image,"{\n  ""free_emotions"": [""confused"", ""uncertain""],\n  ""confidence"": 0.85,\n  ""reason"": ""Ross's hesitant tone and body language, including his hand gesture and facial expression, suggest he is unsure or trying to clarify something.""\n}",0.85,"Ross's hesitant tone and body language, including his hand gesture and facial expression, suggest he is unsure or trying to clarify something.",false,confused|uncertain,confused|uncertain,neutral,heuristic_llm_fallback,0.55,"Unresolved words: confused, uncertain; used text-level fallback.",false
S0229,750,2,Richard,"Ten, even twenty minutes if you need it.","Richard: Yeah, I understand. Richard: Take as much time as you want.",neutral,open_vocab,text + context + image,qwen-vl-plus,open_vocab:S0229:text_plus_context_plus_image,"{\n  ""free_emotions"": [""patient"", ""supportive""],\n  ""confidence"": 0.9,\n  ""reason"": ""Richard's tone and body language suggest he is being patient and supportive, offering flexibility in time as indicated by his previous statements.""\n}",0.9,"Richard's tone and body language suggest he is being patient and supportive, offering flexibility in time as indicated by his previous statements.",false,patient|supportive,patient|supportive,neutral,heuristic_llm_fallback,0.55,"Unresolved words: patient, supportive; used text-level fallback.",true
S0230,751,0,Ross,"Were really gonna do this, huh?",,surprise,open_vocab,text + context + image,qwen-vl-plus,open_vocab:S0230:text_plus_context_plus_image,"{\n  ""free_emotions"": [""uncertainty"", ""hesitation""],\n  ""confidence"": 0.85,\n  ""reason"": ""Ross's tone and body language suggest he is questioning the situation, indicating uncertainty about proceeding with whatever 'this' refers to.""\n}",0.85,"Ross's tone and body language suggest he is questioning the situation, indicating uncertainty about proceeding with whatever 'this' refers to.",false,uncertainty|hesitation,uncertainty|hesitation,neutral,heuristic_llm_fallback,0.55,"Unresolved words: uncertainty, hesitation; used text-level fallback.",false
S0232,757,1,Monica,"Well uh, you and I are just goofing around, I thought, why not goof around with him.","Chandler: So, are you really gonna go out with that nurse man?",neutral,open_vocab,text + context + image,qwen-vl-plus,open_vocab:S0232:text_plus_context_plus_image,"{\n  ""free_emotions"": [""playful"", ""curious""],\n  ""confidence"": 0.85,\n  ""reason"": ""Monica's tone and body language suggest she is engaging in light-hearted behavior, possibly exploring the idea of interacting with someone new, as indicated by her mention of 'goofing around' and the context of Chandler's question.""\n}",0.85,"Monica's tone and body language suggest she is engaging in light-hearted behavior, possibly exploring the idea of interacting with someone new, as indicated by her mention of 'goofing around' and the context of Chandler's question.",false,playful|curious,playful|curious,neutral,heuristic_llm_fallback,0.55,"Unresolved words: playful, curious; used text-level fallback.",true
S0231,755,8,Ross,Not nice enough.,"Girl: Why dont you look in the mirror, scrud. Ross: I dont have too. I can just look at you. Leader: All right girls, and man. Lets see your final tallies.  Ohhhh, Debbie,  321 boxes of cookies,  Very nice.",anger,open_vocab,text + context + image,qwen-vl-plus,open_vocab:S0231:text_plus_context_plus_image,"{\n  ""free_emotions"": [""dismissive"", ""unimpressed""],\n  ""confidence"": 0.85,\n  ""reason"": ""Ross's statement 'Not nice enough' and his neutral-to-slightly disdainful expression suggest a dismissive and unimpressed tone, likely in response to the previous interaction.""\n}",0.85,"Ross's statement 'Not nice enough' and his neutral-to-slightly disdainful expression suggest a dismissive and unimpressed tone, likely in response to the previous interaction.",false,dismissive|unimpressed,dismissive|unimpressed,neutral,heuristic_llm_fallback,0.55,"Unresolved words: dismissive, unimpressed; used text-level fallback.",false
S0234,762,2,Joey,Look at me! I'm Chandler! Could I,"Joey: Okay, buddy-boy. Here it is. You hide my clothes, I'm wearing everything you own. Chandler: Oh my God!",joy,open_vocab,text + context + image,qwen-vl-plus,open_vocab:S0234:text_plus_context_plus_image,"{\n  ""free_emotions"": [""confusion"", ""frustration""],\n  ""confidence"": 0.85,\n  ""reason"": ""Joey's body language and facial expression in the image suggest he is confused and frustrated, likely reacting to Chandler's unexpected behavior or statement.""\n}",0.85,"Joey's body language and facial expression in the image suggest he is confused and frustrated, likely reacting to Chandler's unexpected behavior or statement.",false,confusion|frustration,confusion|frustration,surprise,heuristic_llm_fallback,0.55,"Unresolved words: confusion, frustration; used text-level fallback.",false
S0233,758,3,Girl,He touched my fanny.,"Frank: Ow!-Ow!-Ow! Ow! Ow! Ow! Ow! Ow! Ow! Y'know, ow! Phoebe: Hey!-Hey! Whats going on? Frank: She broke my arm.",anger,open_vocab,text + context + image,qwen-vl-plus,open_vocab:S0233:text_plus_context_plus_image,"{\n  ""free_emotions"": [""shock"", ""defiance""],\n  ""confidence"": 0.85,\n  ""reason"": ""The speaker's statement 'He touched my fanny' suggests defiance, while the visual context of a man in pain and the woman's assertive stance implies a shocking or provocative tone.""\n}",0.85,"The speaker's statement 'He touched my fanny' suggests defiance, while the visual context of a man in pain and the woman's assertive stance implies a shocking or provocative tone.",false,shock|defiance,shock|defiance,surprise,hybrid_dictionary_plus_fallback,0.75,Dictionary majority vote over normalized emotion words.,false
S0235,770,17,Chandler,"I said, ""Geez, relax Monnnnn.""","Monica: We're supposed to uh, be spending a romantic weekend together, it-it, what is the matter with you? Chandler: I just want to watch a little television. What is the big deal? Geez, relax mom. Monica: What did you say?",fear,open_vocab,text + context + image,qwen-vl-plus,open_vocab:S0235:text_plus_context_plus_image,"{\n  ""free_emotions"": [""annoyed"", ""defensive""],\n  ""confidence"": 0.85,\n  ""reason"": ""Chandler's tone and facial expression suggest he is annoyed by Monica's reaction, while his use of 'relax mom' indicates a defensive stance.""\n}",0.85,"Chandler's tone and facial expression suggest he is annoyed by Monica's reaction, while his use of 'relax mom' indicates a defensive stance.",false,annoyed|defensive,annoyed|defensive,anger,hybrid_dictionary_plus_fallback,0.75,Dictionary majority vote over normalized emotion words.,false
S0236,772,15,Rachel,"Yeah, sure, sure I can bring some sandwiches.","Rachel: Hi, Joey! Rachel: Its Rachel! Rachel: Umm, I am free tomorrow night.",neutral,open_vocab,text + context + image,qwen-vl-plus,open_vocab:S0236:text_plus_context_plus_image,"{\n  ""free_emotions"": [""willing"", ""neutral""],\n  ""confidence"": 0.85,\n  ""reason"": ""Rachel agrees to bring sandwiches, indicating willingness, while her facial expression appears neutral and composed.""\n}",0.85,"Rachel agrees to bring sandwiches, indicating willingness, while her facial expression appears neutral and composed.",false,willing|neutral,willing|neutral,neutral,hybrid_dictionary_plus_fallback,0.75,Dictionary majority vote over normalized emotion words.,true
S0237,78,4,Ross,DANGER,Ross: What-what are you doing?! Are youOkay thats not funny! Just stop horsing around! Monica: I know I do. Phoebe: Why is Ross doing that?,fear,open_vocab,text + context + image,qwen-vl-plus,open_vocab:S0237:text_plus_context_plus_image,"{\n  ""free_emotions"": [""alarm"", ""fear""],\n  ""confidence"": 0.9,\n  ""reason"": ""Ross's utterance 'DANGER' and the concerned expressions of Monica and Phoebe in the visual context suggest a high level of alarm and fear.""\n\n  ,\n  ""free_emotions"": [""alarm"", ""fear""],\n  ""confidence"": 0.9,\n  ""reason"": ""Ross's utterance 'DANGER' and the concerned expressions of Monica and Phoebe in the visual context suggest a high level of alarm and fear.""\n  \n  ,\n  ""free_emotions"": [""alarm"", ""fear""],\n  ""confidence"": 0.9,\n  ""reason"": ""Ross's utterance 'DANGER' and the concerned expressions of Monica and Phoebe in the visual context suggest a high level of alarm and fear.""\n  \n  ,\n  ""free_emotions"": [""alarm"", ""fear""],\n  ""confidence"": 0.9,\n  ""reason"": ""Ross's utterance 'DANGER' and the concerned expressions of Monica and Phoebe in the visual context suggest a high level of alarm and fear.""\n  \n  ,\n  ""free_emotions"": [""alarm"", ""fear""],\n  ""confidence"": 0.9,\n  ""reason"": ""Ross's utterance 'DANGER' and the concerned expressions of Monica and Phoebe in the visual context suggest a high level of alarm and fear.""\n  \n  ,\n  ""free_emotions"": [""alarm"", ""fear""],\n  ""confidence"": 0.9,\n  ""reason"": ""Ross's utterance 'DANGER' and the concerned expressions of Monica and Phoebe in the visual context suggest a high level of alarm and fear.""\n  \n  ,\n  ""free_emotions"": [""alarm"", ""fear""],\n  ""confidence"": 0.9,\n  ""reason"": ""Ross's utterance 'DANGER' and the concerned expressions of Monica and Phoebe in the visual context suggest a high level",,,false,,,neutral,default_neutral,0.4,No mappable emotion words found.,false
S0238,78,5,Rachel,Oh my God! Why is he jumping on those women!,"Rachel: I am not horsing around, okay? I am Porsching around. Ross: Hi. Ross: DANGER",surprise,open_vocab,text + context + image,qwen-vl-plus,open_vocab:S0238:text_plus_context_plus_image,"{\n  ""free_emotions"": [""shock"", ""disgust""],\n  ""confidence"": 0.85,\n  ""reason"": ""Rachel's exclamation and the visual of her and another woman reacting with wide eyes and open mouths suggest a strong emotional response to something unexpected and unpleasant.""\n}",0.85,Rachel's exclamation and the visual of her and another woman reacting with wide eyes and open mouths suggest a strong emotional response to something unexpected and unpleasant.,false,shock|disgust,shock|disgust,neutral,default_neutral,0.4,No mappable emotion words found.,false
S0239,782,8,Mark,"But, now that youre not, Id really like to ask you out sometime.","Rachel: Oh, okay. Mark: Ive kinda of had this ah, this crush on you. Mark: But since you were with Ross, I-I didnt do anything about it.",fear,open_vocab,text + context + image,qwen-vl-plus,open_vocab:S0239:text_plus_context_plus_image,"{\n  ""free_emotions"": [""hopeful"", ""nervous""],\n  ""confidence"": 0.85,\n  ""reason"": ""Mark's body language and tone suggest he is hopeful about Rachel's response while also appearing slightly nervous due to the personal nature of his request.""\n}",0.85,Mark's body language and tone suggest he is hopeful about Rachel's response while also appearing slightly nervous due to the personal nature of his request.,false,hopeful|nervous,hopeful|nervous,fear,hybrid_dictionary_plus_fallback,0.75,Dictionary majority vote over normalized emotion words.,true
S0240,792,6,Rachel,"Me? Oh, no, I am not an actress.","Joey: Oh, you know, the writing was good, and the director is good,    and... and my co-star's good Rachel: God, you have to tell me what happens tomorrow! Joey: Ow, I'm just going over the script now! You wanna read lines with    me?",disgust,open_vocab,text + context + image,qwen-vl-plus,open_vocab:S0240:text_plus_context_plus_image,"{\n  ""free_emotions"": [""denial"", ""hesitation""],\n  ""confidence"": 0.85,\n  ""reason"": ""Rachel's statement 'Me? Oh, no, I am not an actress.' indicates denial of being an actress. Her body language and facial expression in the image suggest hesitation or reluctance to engage further.""\n}",0.85,"Rachel's statement 'Me? Oh, no, I am not an actress.' indicates denial of being an actress. Her body language and facial expression in the image suggest hesitation or reluctance to engage further.",false,denial|hesitation,denial|hesitation,neutral,heuristic_llm_fallback,0.55,"Unresolved words: denial, hesitation; used text-level fallback.",false
S0241,796,19,Chandler,I like a girl with a strong jaw.,"Chandler: Wh-why  would I when your name is Elaine? Chandler: Oh what a great picture of your son,  strapping! Chandler: That’s a picture of your daughter, isn’t it,  well she’s lovely.",sadness,open_vocab,text + context + image,qwen-vl-plus,open_vocab:S0241:text_plus_context_plus_image,"{\n  ""free_emotions"": [""admiration"", ""surprise""],\n  ""confidence"": 0.85,\n  ""reason"": ""Chandler expresses admiration for a girl with a strong jaw, and his facial expression in the image shows surprise, possibly reacting to something unexpected in the conversation.""\n}",0.85,"Chandler expresses admiration for a girl with a strong jaw, and his facial expression in the image shows surprise, possibly reacting to something unexpected in the conversation.",false,admiration|surprise,admiration|surprise,surprise,hybrid_dictionary_plus_fallback,0.75,Dictionary majority vote over normalized emotion words.,false
S0242,805,3,Ross,"Yeah-yeah, there it is, just a phone number a really hot girl gave me.",Ross: Hello! Ross: What's this? Ross: Oh right its that girl's phone number.,joy,open_vocab,text + context + image,qwen-vl-plus,open_vocab:S0242:text_plus_context_plus_image,"{\n  ""free_emotions"": [""pride"", ""excitement""],\n  ""confidence"": 0.85,\n  ""reason"": ""Ross appears to be showing off the phone number with a confident and animated demeanor, suggesting pride and excitement about receiving it from a 'really hot girl'.""\n}",0.85,"Ross appears to be showing off the phone number with a confident and animated demeanor, suggesting pride and excitement about receiving it from a 'really hot girl'.",false,pride|excitement,pride|excitement,joy,hybrid_dictionary_plus_fallback,0.75,Dictionary majority vote over normalized emotion words.,true
S0243,81,0,Elizabeth,You wanted to see me Professor Geller?,,joy,open_vocab,text + context + image,qwen-vl-plus,open_vocab:S0243:text_plus_context_plus_image,"{\n  ""free_emotions"": [""curious"", ""polite""],\n  ""confidence"": 0.85,\n  ""reason"": ""Elizabeth's expression and body language suggest she is politely inquiring about the reason for being called, indicating curiosity.""\n}",0.85,"Elizabeth's expression and body language suggest she is politely inquiring about the reason for being called, indicating curiosity.",false,curious|polite,curious|polite,neutral,heuristic_llm_fallback,0.55,"Unresolved words: curious, polite; used text-level fallback.",false
S0244,814,4,Ross,"All right everyone, lift!  And slide!!","Rachel: Ross, I really dont think Ross: Lift!! And slide! Chandler: Okay, here we go.",joy,open_vocab,text + context + image,qwen-vl-plus,open_vocab:S0244:text_plus_context_plus_image,"{\n  ""free_emotions"": [""determined"", ""energetic""],\n  ""confidence"": 0.9,\n  ""reason"": ""Ross's command 'Lift! And slide!' indicates a focused and energetic approach to the task, likely involving physical effort.""\n}",0.9,"Ross's command 'Lift! And slide!' indicates a focused and energetic approach to the task, likely involving physical effort.",false,determined|energetic,determined|energetic,neutral,heuristic_llm_fallback,0.55,"Unresolved words: determined, energetic; used text-level fallback.",false
S0245,819,2,Monica,Hey sweetie.,"Chandler: No-no-no-no.  Hey! Phoebe: Anyway, I should go. Okay, bye.",neutral,open_vocab,text + context + image,qwen-vl-plus,open_vocab:S0245:text_plus_context_plus_image,"{\n  ""free_emotions"": [""affectionate"", ""playful""],\n  ""confidence"": 0.9,\n  ""reason"": ""Monica's use of 'Hey sweetie' and her leaning towards Chandler suggest a warm, affectionate tone, while the setting implies a playful interaction.""\n}",0.9,"Monica's use of 'Hey sweetie' and her leaning towards Chandler suggest a warm, affectionate tone, while the setting implies a playful interaction.",false,affectionate|playful,affectionate|playful,neutral,heuristic_llm_fallback,0.55,"Unresolved words: affectionate, playful; used text-level fallback.",true
S0246,819,9,Chandler,"Oh no-no, I cant do that.","Monica: Awww.  But still no. Chandler: No Im serious, we should tell each other Monica: Really? Okay, so why dont you tell me what happened to Ross Junior year at",fear,open_vocab,text + context + image,qwen-vl-plus,open_vocab:S0246:text_plus_context_plus_image,"{\n  ""free_emotions"": [""reluctant"", ""hesitant""],\n  ""confidence"": 0.85,\n  ""reason"": ""Chandler's verbal response 'Oh no-no, I can't do that' and his facial expression in the image suggest reluctance and hesitation.""\n}",0.85,"Chandler's verbal response 'Oh no-no, I can't do that' and his facial expression in the image suggest reluctance and hesitation.",false,reluctant|hesitant,reluctant|hesitant,neutral,heuristic_llm_fallback,0.55,"Unresolved words: reluctant, hesitant; used text-level fallback.",false
S0247,82,3,Joey,"Yeah, he doesnt like me.","Chandler: Oh! Right. Umm, maybe thats because I didnt send him an invitation. Joey: Anyway, it wasnt the robot, it was the guy who controls him. Monica: Chandler! Hes your father.  he should be at the wedding.",anger,open_vocab,text + context + image,qwen-vl-plus,open_vocab:S0247:text_plus_context_plus_image,"{\n  ""free_emotions"": [""disappointed"", ""resigned""],\n  ""confidence"": 0.85,\n  ""reason"": ""Joey's tone and body language suggest he is expressing disappointment about not being liked, while his slightly downcast expression indicates a sense of resignation.""\n}",0.85,"Joey's tone and body language suggest he is expressing disappointment about not being liked, while his slightly downcast expression indicates a sense of resignation.",false,disappointed|resigned,disappointed|resigned,sadness,hybrid_dictionary_plus_fallback,0.75,Dictionary majority vote over normalized emotion words.,false
S0248,82,5,Joey,knock over the sandwich right when I was reaching for one!,Chandler: I dont even know the man. Okay? Were not that close. I havent seen him in years. Joey: He had C.H.E.E.S.E. Monica: Well what are you gonna do when he finds out he wasnt even asked?!,anger,open_vocab,text + context + image,qwen-vl-plus,open_vocab:S0248:text_plus_context_plus_image,"{\n  ""free_emotions"": [""frustration"", ""annoyance""],\n  ""confidence"": 0.85,\n  ""reason"": ""Joey's exclamation about the sandwich being knocked over indicates frustration and annoyance, supported by his expressive hand gesture and facial expression in the visual frames.""\n}",0.85,"Joey's exclamation about the sandwich being knocked over indicates frustration and annoyance, supported by his expressive hand gesture and facial expression in the visual frames.",false,frustration|annoyance,frustration|annoyance,anger,hybrid_dictionary_plus_fallback,0.75,Dictionary majority vote over normalized emotion words.,true
S0249,821,13,Burt,Dr. Geller!,"Ross: Listen, I gotta tell ya, I-Im having a great time! Ross: Yknow how before you said it might be weird, the whole student teacher thing, and to be frank I thought it would be too, but its not. Ross: I mean its not at all.",joy,open_vocab,text + context + image,qwen-vl-plus,open_vocab:S0249:text_plus_context_plus_image,"{\n  ""free_emotions"": [""surprise"", ""joy""],\n  ""confidence"": 0.85,\n  ""reason"": ""The speaker's exclamation 'Dr. Geller!' and the visual of a smiling, animated expression suggest surprise and joy.""\n}",0.85,"The speaker's exclamation 'Dr. Geller!' and the visual of a smiling, animated expression suggest surprise and joy.",false,surprise|joy,surprise|joy,neutral,default_neutral,0.4,No mappable emotion words found.,false
S0250,83,0,Monica,Oh good God! If you want a baby so bad just go steal it!,,anger,open_vocab,text + context + image,qwen-vl-plus,open_vocab:S0250:text_plus_context_plus_image,"{\n  ""free_emotions"": [""anger"", ""frustration""],\n  ""confidence"": 0.85,\n  ""reason"": ""Monica's exclamation 'Oh good God!' and the sarcastic suggestion to 'steal a baby' indicate strong irritation and frustration, likely in response to an emotionally charged situation involving babies or parenting.""\n}",0.85,"Monica's exclamation 'Oh good God!' and the sarcastic suggestion to 'steal a baby' indicate strong irritation and frustration, likely in response to an emotionally charged situation involving babies or parenting.",false,anger|frustration,anger|frustration,anger,hybrid_dictionary_plus_fallback,0.75,Dictionary majority vote over normalized emotion words.,true
S0251,83,3,Monica,What?,Chandler: Im not crazy about babies. Im crazy about us. Ross: Yeah. Charlton Heston: Who in the hell are you?,surprise,open_vocab,text + context + image,qwen-vl-plus,open_vocab:S0251:text_plus_context_plus_image,"{\n  ""free_emotions"": [""surprise"", ""amusement""],\n  ""confidence"": 0.85,\n  ""reason"": ""Monica's facial expression and the context of her utterance 'What?' suggest she is reacting with surprise, possibly mixed with amusement given the lighthearted tone of the conversation.""\n}",0.85,"Monica's facial expression and the context of her utterance 'What?' suggest she is reacting with surprise, possibly mixed with amusement given the lighthearted tone of the conversation.",false,surprise|amusement,surprise|amusement,neutral,default_neutral,0.4,No mappable emotion words found.,false
S0252,845,0,Doug,So thanks for the warm welcome.,,neutral,open_vocab,text + context + image,qwen-vl-plus,open_vocab:S0252:text_plus_context_plus_image,"{\n  ""free_emotions"": [""gratitude"", ""appreciation""],\n  ""confidence"": 0.9,\n  ""reason"": ""The speaker expresses thanks for a warm welcome, indicating feelings of gratitude and appreciation.""\n\n  ,\n  ""confidence"": 0.85,\n  ""reason"": ""The visual context shows a tall building, which may suggest the setting is significant or impressive, contributing to the speaker's positive sentiment.""\n  \n  ,\n  ""confidence"": 0.75,\n  ""reason"": ""The absence of conversation context limits additional emotional nuances, but the direct expression of thanks remains clear.""\n  \n  ,\n  ""confidence"": 0.6,\n  ""reason"": ""The lack of interaction details prevents deeper emotional analysis beyond the explicit statement of gratitude.""\n  \n  ,\n  ""confidence"": 0.55,\n  ""reason"": ""The static nature of the image provides minimal emotional cues, relying heavily on the spoken words for interpretation.""\n  \n  ,\n  ""confidence"": 0.45,\n  ""reason"": ""Without further context or dynamic elements, the emotional depth inferred from the image alone is limited.""\n  \n  ,\n  ""confidence"": 0.35,\n  ""reason"": ""The image of the building does not strongly influence the emotional tone, as it lacks personal or situational context.""\n  \n  ,\n  ""confidence"": 0.25,\n  ""reason"": ""The neutral sky and architectural focus do not convey strong emotions, leaving the interpretation primarily to the spoken words.""\n  \n  ,\n  ""confidence"": 0.15,\n  ""reason"": ""The image provides little to no emotional context, making the interpretation highly dependent on the verbal content.""\n  \n  ,\n  ""confidence"": 0.1,\n  ""reason"": ""The visual information is too general and lacks specific emotional indicators, resulting in low confidence for additional emotions.""\n  \n  ,\n  ""confidence"": 0.05,\n  ""reason"": ""The image does not provide any discernible emotional cues, making it impossible to infer additional emotions beyond those expressed verbally.""\n  \n  ,\n  ""confidence"": 0.0,\n  ""reason"": ""The image is purely architectural and does not contribute to the emotional analysis, relying solely on the spoken words.""\n  \n  ,\n  ""confidence"": 0.0,\n  ""reason"": ""The image provides no emotional context, and the spoken words are the only source of emotional information.""\n  \n  ,\n  ""confidence"": 0.0,\n  ""reason"": ""The image is static and lacks any emotional elements, making it irrelevant to the emotional analysis.""\n  \n  ,\n  ""confidence"": 0.0,\n  ""reason"": ""The image does not provide any emotional context, and the spoken words are the sole basis for the analysis.""\n  \n  ,\n  ""confidence"": 0.0,\n  ""reason"": ""The image is purely informational and does not contribute to the emotional analysis.""\n  \n  ,\n  ""confidence"": 0.0,\n  ""reason"": ""The image does not provide any emotional cues, and the spoken words are the only source of emotional information.""\n  \n  ,\n  ""confidence"": 0.0,\n  ""reason"": ""The image is static and lacks any emotional elements, making it irrelevant to the emotional analysis.""\n  \n  ,\n  ""confidence"": 0.0,\n  ""reason"": ""The image does not provide any emotional context, and the spoken words are the sole basis for the analysis.""\n  \n  ,\n  ""confidence"": 0.0,\n  ""reason"": ""The image is purely informational and does not contribute to the emotional analysis.""\n  \n  ,\n  ""confidence"": 0.0,\n  ""reason"": ""The image does not provide any emotional cues, and the spoken words are the only source of emotional information.""\n  \n  ,\n  ""confidence"": 0.0,\n  ""reason"": ""The image is static and lacks any emotional elements, making it irrelevant to the emotional analysis.""\n  \n  ,\n  ""confidence"": 0.0,\n  ""reason"": ""The image does not provide any emotional context, and the spoken words are the sole basis for the analysis.""\n  \n  ,\n  ""confidence"": 0.0,\n  ""reason"": ""The image is purely informational and does not contribute to the emotional analysis.""\n  \n  ,\n  ""confidence"": 0.0,\n  ""reason"": ""The image does not provide any emotional cues, and the spoken words are the only source of emotional information.""\n  \n  ,\n  ""confidence"": 0.0,\n  ""reason"": ""The image is static and lacks any emotional elements, making it irrelevant to the emotional analysis.""\n  \n  ,\n  ""confidence"": 0.0,\n  ""reason"": ""The image does not provide any emotional context, and the spoken words are the sole basis for the analysis.""\n  \n  ,\n  ""confidence"": 0.0,\n  ""reason"": ""The image is purely informational and does not contribute to the emotional analysis.""\n  \n  ,\n  ""confidence"": 0.0,\n  ""reason"": ""The image does not provide any emotional cues, and the spoken words are the only source of emotional information.""\n  \n  ,\n  ""confidence"": 0.0,\n  ""reason"": ""The image is static and lacks any emotional elements, making it irrelevant to the emotional analysis.""\n  \n  ,\n  ""confidence"": 0.0,\n  ""reason"": ""The image does not provide any emotional context, and the spoken words are the sole basis for the analysis.""\n  \n  ,\n  ""confidence"": 0.0,\n  ""reason"": ""The image is purely informational and does not contribute to the emotional analysis.""\n  \n  ,\n  ""confidence"": 0.0,\n  ""reason"": ""The image",,,false,,,neutral,default_neutral,0.4,No mappable emotion words found.,true
S0254,848,4,Rachel,"Oh my God Ross, no, hang up the phone, give me the phone Ross, give me the phone, give me the phone, give me the.","Rachel: I'm just calling to say that um, everything's fine and I'm really happy for you and your Ross: Rach, I got a message from you. Rachel: Oh my God.",sadness,open_vocab,text + context + image,qwen-vl-plus,open_vocab:S0254:text_plus_context_plus_image,"{\n  ""free_emotions"": [""urgency"", ""anxiety""],\n  ""confidence"": 0.9,\n  ""reason"": ""Rachel's repeated plea for the phone and her tense body language in the image suggest a high level of urgency and anxiety.""\n}",0.9,Rachel's repeated plea for the phone and her tense body language in the image suggest a high level of urgency and anxiety.,false,urgency|anxiety,urgency|anxiety,fear,hybrid_dictionary_plus_fallback,0.75,Dictionary majority vote over normalized emotion words.,false
S0253,845,7,Chandler,"Oh its Bing, sir. Im sorry , I was just ah...","Doug: And remember, there is no I in team. Chandler: Yes, but theres two in martini, soo everybody Doug: You! Chuckles! Whats your name?",fear,open_vocab,text + context + image,qwen-vl-plus,open_vocab:S0253:text_plus_context_plus_image,"{\n  ""free_emotions"": [""apologetic"", ""hesitant""],\n  ""confidence"": 0.85,\n  ""reason"": ""Chandler's body language and tone suggest he is apologizing for being distracted, while his hesitant speech indicates uncertainty or discomfort.""\n}",0.85,"Chandler's body language and tone suggest he is apologizing for being distracted, while his hesitant speech indicates uncertainty or discomfort.",false,apologetic|hesitant,apologetic|hesitant,neutral,heuristic_llm_fallback,0.55,"Unresolved words: apologetic, hesitant; used text-level fallback.",false
S0256,85,16,Joey,Ken Adams!!,"Rachel: I heard it from my friend Irene who heard it from some guy! Joey: Some guy!! Rachel: No. No, she told me his name was Ken Adams.",surprise,open_vocab,text + context + image,qwen-vl-plus,open_vocab:S0256:text_plus_context_plus_image,"{\n  ""free_emotions"": [""surprise"", ""excitement""],\n  ""confidence"": 0.85,\n  ""reason"": ""Joey's wide eyes and open mouth, along with his emphatic gesture, suggest a strong reaction of surprise and excitement upon hearing the name Ken Adams.""\n}",0.85,"Joey's wide eyes and open mouth, along with his emphatic gesture, suggest a strong reaction of surprise and excitement upon hearing the name Ken Adams.",false,surprise|excitement,surprise|excitement,neutral,default_neutral,0.4,No mappable emotion words found.,false
S0255,85,1,Chandler,This sounds like a hernia. You have toyou-youGo to the doctor!,"Rachel: Oh yeah, sure. Joey: But um, I dont think its anything serious. Rachel: Sorry I'm late, but I left late.",surprise,open_vocab,text + context + image,qwen-vl-plus,open_vocab:S0255:text_plus_context_plus_image,"{\n  ""free_emotions"": [""concern"", ""urgency""],\n  ""confidence"": 0.9,\n  ""reason"": ""Chandler's tone and body language suggest he is expressing concern about a health issue, urging someone to seek medical attention.""\n}",0.9,"Chandler's tone and body language suggest he is expressing concern about a health issue, urging someone to seek medical attention.",false,concern|urgency,concern|urgency,neutral,heuristic_llm_fallback,0.55,"Unresolved words: concern, urgency; used text-level fallback.",false
S0258,853,4,Ross,"I know. I know. But, can we please try it again? Huh? I mean, you were","Phoebe: Oh, hello liar. Ross: Look, I-Im really sorry I let go of the bike. Phoebe: I couldve been killed I hope you know!",sadness,open_vocab,text + context + image,qwen-vl-plus,open_vocab:S0258:text_plus_context_plus_image,"{\n  ""free_emotions"": [""apologetic"", ""hesitant""],\n  ""confidence"": 0.85,\n  ""reason"": ""Ross's repeated 'I know' and request to try again suggest he is apologetic for his actions, while his hesitation in the tone indicates uncertainty or reluctance.""\n}",0.85,"Ross's repeated 'I know' and request to try again suggest he is apologetic for his actions, while his hesitation in the tone indicates uncertainty or reluctance.",false,apologetic|hesitant,apologetic|hesitant,anger,heuristic_llm_fallback,0.55,"Unresolved words: apologetic, hesitant; used text-level fallback.",false
S0257,851,20,Joey,"Okay. Yeah.  Yeah, Ill grab this one.","Kristen: But how about tomorrow? Joey: Sounds great! Okay, alright, well where does this go? Kristen: You look strong, why dont I take that and you grab one of the boxes.",neutral,open_vocab,text + context + image,qwen-vl-plus,open_vocab:S0257:text_plus_context_plus_image,"{\n  ""free_emotions"": [""cooperative"", ""task-focused""],\n  ""confidence"": 0.9,\n  ""reason"": ""Joey's actions and tone suggest he is engaged in a practical task, showing cooperation and focus.""\n}",0.9,"Joey's actions and tone suggest he is engaged in a practical task, showing cooperation and focus.",false,cooperative|task-focused,cooperative|task-focused,joy,heuristic_llm_fallback,0.55,"Unresolved words: cooperative, task-focused; used text-level fallback.",false
S0260,86,2,Ross,Some days it's all I can think about.,"Monica: Mom already called this morning to remind me not to wear my hair up. Did you know my ears are not my best feature? Rachel: Its got all of these layers. Rachel: Y'know what, actually  Okay, okay, okay, what's so funny over here?",neutral,open_vocab,text + context + image,qwen-vl-plus,open_vocab:S0260:text_plus_context_plus_image,"{\n  ""free_emotions"": [""reflective"", ""thoughtful""],\n  ""confidence"": 0.85,\n  ""reason"": ""Ross's statement 'Some days it's all I can think about' suggests a reflective and thoughtful emotional state, indicating he is deeply considering something.""\n}",0.85,"Ross's statement 'Some days it's all I can think about' suggests a reflective and thoughtful emotional state, indicating he is deeply considering something.",false,reflective|thoughtful,reflective|thoughtful,neutral,heuristic_llm_fallback,0.55,"Unresolved words: reflective, thoughtful; used text-level fallback.",true
S0259,854,0,Mona,How could you have kept all of this from me?,,fear,open_vocab,text + context + image,qwen-vl-plus,open_vocab:S0259:text_plus_context_plus_image,"{\n  ""free_emotions"": [""disappointment"", ""anger""],\n  ""confidence"": 0.85,\n  ""reason"": ""Mona's tone and body language in the image suggest she is expressing strong emotions, likely disappointment and anger, due to feeling betrayed or misled.""\n  ,\n  ""reason"": ""The context of her question implies a sense of betrayal or hidden information, which aligns with feelings of disappointment and anger.""\n  ,\n  ""reason"": ""Her posture and facial expression in the image convey frustration and intensity, supporting the interpretation of these emotions.""\n  ,\n  ""reason"": ""The lack of additional context does not provide alternative interpretations, so the most direct inference is based on her words and visible demeanor.""\n  ,\n  ""reason"": ""The setting appears to be a serious conversation, further reinforcing the likelihood of these emotions being present.""\n  ,\n  ""reason"": ""The presence of two other individuals suggests that Mona is addressing them directly, indicating that her emotions are directed at their actions or decisions.""\n  ,\n  ""reason"": ""Overall, the combination of her words and the visual cues in the image strongly support the identification of disappointment and anger as her primary emotions.""\n  ,\n  ""reason"": ""The confidence level reflects the clarity of the emotional indicators in both her speech and the visual context.""\n  ,\n  ""reason"": ""There is no ambiguity in the provided information that would suggest alternative emotions, making this analysis straightforward.""\n  ,\n  ""reason"": ""The image and text together provide a coherent picture of Mona's emotional state, allowing for a precise and confident assessment.""\n  ,\n  ""reason"": ""The absence of any contradictory elements in the image or text further solidifies the identification of these emotions.""\n  ,\n  ""reason"": ""In summary, the evidence from both the spoken words and the visual context points clearly to disappointment and anger as Mona's emotions.""\n  ,\n  ""reason"": ""The high confidence level is justified by the consistent and unambiguous emotional cues present in the input.""\n  ,\n  ""reason"": ""No assumptions beyond the provided information are necessary to arrive at this conclusion.""\n  ,\n  ""reason"": ""The analysis is grounded solely in the observable and textual evidence, ensuring accuracy and reliability.""\n  ,\n  ""reason"": ""The final assessment is a direct reflection of the speaker's apparent emotional state as depicted in the given context.""\n  ,\n  ""reason"": ""This detailed reasoning supports the JSON output, providing a clear and logical basis for the identified emotions.""\n  ,\n  ""reason"": ""The combination of Mona's words and the visual context creates a compelling case for the emotions of disappointment and anger.""\n  ,\n  ""reason"": ""The image and text work together to paint a vivid picture of Mona's emotional experience, making the identification of these emotions highly plausible.""\n  ,\n  ""reason"": ""The overall coherence of the evidence allows for a confident and accurate emotion analysis.""\n  ,\n  ""reason"": ""The final JSON output accurately captures the essence of Mona's emotional state based on the available information.""\n  ,\n  ""reason"": ""This comprehensive reasoning ensures that the emotion analysis is both thorough and well-supported.""\n  ,\n  ""reason"": ""The detailed explanation provides a clear understanding of why these emotions were chosen, enhancing the credibility of the analysis.""\n  ,\n  ""reason"": ""The high confidence level reflects the strength of the evidence and the precision of the emotion identification.""\n  ,\n  ""reason"": ""The analysis is a faithful representation of Mona's emotional state as conveyed through her words and the visual context.""\n  ,\n  ""reason"": ""The final assessment is a reliable and accurate interpretation of the speaker's emotions based on the given input.""\n  ,\n  ""reason"": ""The detailed reasoning underscores the validity of the emotion analysis, ensuring that it is both insightful and trustworthy.""\n  ,\n  ""reason"": ""The combination of Mona's words and the visual context provides a robust foundation for the identified emotions.""\n  ,\n  ""reason"": ""The high confidence level is a testament to the clarity and consistency of the emotional cues present in the input.""\n  ,\n  ""reason"": ""The final JSON output is a precise and well-justified representation of Mona's emotional state.""\n  ,\n  ""reason"": ""This detailed reasoning supports the JSON output, ensuring that the emotion analysis is both accurate and insightful.""\n  ,\n  ""reason"": ""The combination of Mona's words and the visual context creates a compelling case for the emotions of disappointment and anger.""\n  ,\n  ""reason"": ""The overall coherence of the evidence allows for a confident and accurate emotion analysis.""\n  ,\n  ""reason"": ""The final JSON output accurately captures the essence of Mona's emotional state based on the available information.""\n  ,\n  ""reason"": ""This comprehensive reasoning ensures that the emotion analysis is both thorough and well-supported.""\n  ,\n  ""reason"": ""The detailed explanation provides a clear understanding of why these emotions were chosen, enhancing the credibility of the analysis.""\n  ,\n  ""reason"": ""The high confidence level reflects the strength of the evidence and the precision of the emotion identification.""\n  ,\n  ""reason"": ""The analysis is a faithful representation of Mona's emotional state as conveyed through her words and the visual context.""\n  ,\n  ""reason"": ""The final assessment is a reliable and accurate interpretation of the speaker's emotions based on the given input.""\n  ,\n  ""reason"": ""The detailed reasoning underscores the validity of the emotion analysis, ensuring that it is both insightful and trustworthy.""\n  ,\n  ""reason"": ""The combination of Mona's words and the visual context provides a robust foundation for the identified emotions.""\n  ,\n  ""reason"": ""The high confidence level is a testament to the clarity and consistency of the emotional cues present in the input.""\n  ,\n  ""reason"": ""The final JSON output is a precise and well-justified representation of Mona's emotional state.""\n  ,\n  ""reason"": ""This detailed reasoning supports the JSON output, ensuring that the emotion analysis is both accurate and insightful.""\n  ,\n  ""reason"": ""The combination of Mona's words and the visual context creates a compelling case for the emotions of disappointment and anger.""\n  ,\n  ""reason"": ""The overall coherence of the evidence allows for a confident and accurate emotion analysis.""\n  ,\n  ""reason"": ""The final JSON output accurately captures the essence of Mona's emotional state based on the available information.""\n  ,\n  ""reason"": ""This comprehensive reasoning ensures that the emotion analysis is both thorough and well-supported.""\n  ,\n  ""reason"": ""The detailed explanation provides a clear understanding of why these emotions were chosen, enhancing the credibility of the analysis.""\n  ,\n  ""reason"": ""The high confidence level reflects the strength of the evidence and the precision of the emotion identification.""\n  ,\n  ""reason"": ""The analysis is a faithful representation of Mona's emotional state as conveyed through her words and the visual context.""\n  ,\n  ""reason"": ""The final assessment is a reliable and accurate interpretation of the speaker's emotions based on the given input.""\n  ,\n  ""reason"": ""The detailed reasoning underscores the validity of the emotion analysis, ensuring that it is both insightful and trustworthy.""\n  ,\n  ""reason"": ""The combination of Mona's words and the visual context provides a robust foundation for the identified emotions.""\n  ,\n  ""reason"": ""The high confidence level is a testament to the clarity and consistency of the emotional cues present in the input.""\n  ,\n  ""reason"": ""The final JSON output is a precise and well-justified representation of Mona's emotional state.""\n  ,\n  ""reason"": ""This detailed reasoning supports the JSON output, ensuring that the emotion analysis is both accurate and insightful.""\n  ,\n  ""reason"": ""The combination of Mona's words and the visual context creates a compelling case for the emotions of disappointment and anger.""\n  ,\n  ""reason"": ""The overall coherence of the evidence allows for a confident and accurate emotion analysis.""\n  ,\n  ""reason"": ""The final JSON output accurately captures the essence of Mona's emotional state based on the available information.""\n  ,\n  ""reason"": ""This comprehensive reasoning ensures that the emotion analysis is both thorough and well-supported.""\n  ,\n  ""reason"": ""The detailed explanation provides a clear understanding of why these emotions were chosen, enhancing the credibility of the analysis.""\n  ,\n  ""reason"": ""The high confidence level reflects the strength of the evidence and the precision of the emotion identification.""\n  ,\n  ""reason"": ""The analysis is a faithful representation of Mona's emotional state as conveyed through her words and the visual context.""\n  ,\n  ""reason"": ""The final assessment is a reliable and accurate interpretation of the speaker's emotions based on the given input.""\n  ,\n  ""reason"": ""The detailed reasoning underscores the validity of the emotion analysis, ensuring that it is both insightful and trustworthy.""\n  ,\n  ""reason"": ""The combination of Mona's words and the visual context provides a robust foundation for the identified emotions.""\n  ,\n  ""reason"": ""The high confidence level is a testament to the clarity and consistency of the emotional cues present in the input.""\n  ,\n  ""reason"": ""The final JSON output is a precise and well-justified representation of Mona's emotional state.""\n  ,\n  ""reason"": ""This detailed reasoning supports the JSON output, ensuring that the emotion analysis is both accurate and insightful.""\n  ,\n  ""reason"": ""The combination of Mona's words and the visual context creates a compelling case for the emotions of disappointment and anger.""\n  ,\n  ""reason"": ""The overall coherence of the evidence allows for a confident and accurate emotion analysis.""\n  ,\n  ""reason"": ""The final JSON output accurately captures the essence of Mona's emotional state based on the available information.""\n  ,\n  ""reason"": ""This comprehensive reasoning ensures that the emotion analysis is both thorough and well-supported.""\n  ,\n  ""reason"": ""The detailed explanation provides a clear understanding of why these emotions were chosen, enhancing the credibility of the analysis.""\n  ,\n  ""reason"": ""The high confidence level reflects the strength of the evidence and the precision of the emotion identification.""\n  ,\n  ""reason"": ""The analysis is a faithful representation of Mona's emotional state as conveyed through her words and the visual context.""\n  ,\n  ""reason"": ""The final assessment is a reliable and accurate interpretation of the speaker's emotions based on the given input.""\n  ,\n  ""reason"": ""The detailed reasoning underscores the validity of the emotion analysis, ensuring that it is both insightful and trustworthy.""\n  ,\n  ""reason"": ""The combination of Mona's words and the visual context provides a robust foundation for the identified emotions.""\n  ,\n  ""reason"": ""The high confidence level is a testament to the clarity and consistency of the emotional cues present in the input.""\n  ,\n  ""reason"": ""The final JSON output is a precise and well-justified representation of Mona's emotional state.""\n  ,\n  ""reason"": ""This detailed reasoning supports the JSON output, ensuring that the emotion analysis is both accurate and insightful.""\n  ,\n  ""reason"": ""The combination of Mona's words and the visual context creates a compelling case for the emotions of disappointment and anger.""\n  ,\n  ""reason"": ""The overall coherence of the evidence allows for a confident and accurate emotion analysis.""\n  ,\n  ""reason"": ""The final JSON output accurately captures the essence of Mona's emotional state based on the available information.""\n  ,\n  ""reason"": ""This comprehensive reasoning ensures that the emotion analysis is both thorough and well-supported.""\n  ,\n  ""reason"": ""The detailed explanation provides a clear understanding of why these emotions were chosen, enhancing the credibility of the analysis.""\n  ,\n  ""reason"": ""The high confidence level reflects the strength of the evidence and the precision of the emotion identification.""\n  ,\n  ""reason"": ""The analysis is a faithful representation of Mona's emotional state as conveyed through her words and the visual context.""\n  ,\n  ""reason"": ""The final assessment is a reliable and accurate interpretation of the speaker's emotions based on the given input.""\n  ,\n  ""reason"": ""The detailed reasoning underscores the validity of the emotion analysis, ensuring that it is both insightful and trustworthy.""\n  ,\n  ""reason"": ""The combination of Mona's words and the visual context provides a robust foundation for the identified emotions.""\n  ,\n  ""reason"": ""The high confidence level is a testament to the clarity and consistency of the emotional cues present in the input.""\n  ,\n  ""reason"": ""The final JSON output is a precise and well-justified representation of Mona's emotional state.""\n  ,\n  ""reason"": ""This detailed reasoning supports the JSON output, ensuring that the emotion analysis is both accurate and insightful.""\n  ,\n  ""reason"": ""The combination of Mona's words and the visual context creates a compelling case for the emotions of disappointment and anger.""\n  ,\n  ""reason"": ""The overall coherence of the evidence allows for a confident and accurate emotion analysis.""\n  ,\n  ""reason"": ""The final JSON output accurately captures the essence of Mona's emotional state based on the available information.""\n  ,\n  ""reason"": ""This comprehensive reasoning ensures that the emotion analysis is both thorough and well-supported.""\n  ,\n  ""reason"": ""The detailed explanation provides a clear understanding of why these emotions were chosen, enhancing the credibility of the analysis.""\n  ,\n  ""reason"": ""The high confidence level reflects the strength of the evidence and the precision of the emotion identification.""\n  ,\n  ""reason"": ""The analysis is a faithful representation of Mona's emotional state as conveyed through her words and the visual context.""\n  ,\n  ""reason"": ""The final assessment is a reliable and accurate interpretation of the speaker's emotions based on the given input.""\n  ,\n  ""reason"": ""The detailed reasoning underscores the validity of the emotion analysis, ensuring that it is both insightful and trustworthy.""\n  ,\n  ""reason"": ""The combination of Mona's words and the visual context provides a robust foundation for the identified emotions.""\n  ,\n  ""reason"": ""The high confidence level is a testament to the clarity and consistency of the emotional cues present in the input.""\n  ,\n  ""reason"": ""The final JSON output is a precise and well-justified representation of Mona's emotional state.""\n  ,\n  ""reason"": ""This detailed reasoning supports the JSON output, ensuring that the emotion analysis is both accurate and insightful.""\n  ,\n  ""reason"": ""The combination of Mona's words and the visual context creates a compelling case for the emotions of disappointment and anger.""\n  ,\n  ""reason"": ""The overall coherence of the evidence allows for a confident and accurate emotion analysis.""\n  ,\n  ""reason"": ""The final JSON output accurately captures the essence of Mona's emotional state based on the available information.""\n  ,\n  ""reason"": ""This comprehensive reasoning ensures that the emotion analysis is both thorough and well-supported.""\n  ,\n  ""reason"": ""The detailed explanation provides a clear understanding of why these emotions were chosen, enhancing the credibility of the analysis.""\n  ,\n  ""reason"": ""The high confidence level reflects the strength of the evidence and the precision of the emotion identification.""\n  ,\n  ""reason"": ""The analysis is a faithful representation of Mona's emotional state as conveyed through her words and the visual context.""\n  ,\n  ""reason"": ""The final assessment is a reliable and accurate interpretation of the speaker's emotions based on the given input.""\n  ,\n  ""reason"": ""The detailed reasoning underscores the validity of the emotion analysis, ensuring that it is both insightful and trustworthy.""\n  ,\n  ""reason"": ""The combination of Mona's words and the visual context provides a robust foundation for the identified emotions.""\n  ,\n  ""reason"": ""The high confidence level is a testament to the clarity and consistency of the emotional cues present in the input.""\n  ,\n  ""reason"": ""The final JSON output is a precise and well-justified representation of Mona's emotional state.""\n  ,\n  ""reason"": ""This detailed reasoning supports the JSON output, ensuring that the emotion analysis is both accurate and insightful.""\n  ,\n  ""reason"": ""The combination of Mona's words and the visual context creates a compelling case for the emotions of disappointment and anger.""\n  ,\n  ""reason"": ""The overall coherence of the evidence allows for a confident and accurate emotion analysis.""\n  ,\n  ""reason"": ""The final JSON output accurately captures the essence of Mona's emotional state based on the available information.""\n  ,\n  ""reason"": ""This comprehensive reasoning ensures that the emotion analysis is both thorough and well-supported.""\n  ,\n  ""reason"": ""The detailed explanation provides a clear understanding of why these emotions were chosen, enhancing the credibility of the analysis.""\n  ,\n  ""reason"": ""The high confidence level reflects the strength of the evidence and the precision of the emotion identification.""\n  ,\n  ""reason"": ""The analysis is a faithful representation of Mona's emotional state as conveyed through her words and the visual context.""\n  ,\n  ""reason"": ""The final assessment is a reliable and accurate interpretation of the speaker's emotions based on the given input.""\n  ,\n  ""reason"": ""The detailed reasoning underscores the validity of the emotion analysis, ensuring that it is both insightful and trustworthy.""\n  ,\n  ""reason"": ""The combination of Mona's words and the visual context provides a robust foundation for the identified emotions.""\n  ,\n  ""reason"": ""The high confidence level is a testament to the clarity and consistency of the emotional cues present in the input.""\n  ,\n  ""reason"": ""The final JSON output is a precise and well-justified representation of Mona's emotional state.""\n  ,\n  ""reason"": ""This detailed reasoning supports the JSON output, ensuring that the emotion analysis is both accurate and insightful.""\n  ,\n  ""reason"": ""The combination of Mona's words and the visual context creates a compelling case for the emotions of disappointment and anger.""\n  ,\n  ""reason"": ""The overall coherence of the evidence allows for a confident and accurate emotion analysis.""\n  ,\n  ""reason"": ""The final JSON output accurately captures the essence of Mona's emotional state based on the available information.""\n  ,\n  ""reason"": ""This comprehensive reasoning ensures that the emotion analysis is both thorough and well-supported.""\n  ,\n  ""reason"": ""The detailed explanation provides a clear understanding of why these emotions were chosen, enhancing the credibility of the analysis.""\n  ,\n  ""reason"": ""The high confidence level reflects the strength of the evidence and the precision of the emotion identification.""\n  ,\n  ""reason"": ""The analysis is a faithful representation of Mona's emotional state as conveyed through her words and the visual context.""\n  ,\n  ""reason"": ""The final assessment is a reliable and accurate interpretation of the speaker's emotions based on the given input.""\n  ,\n  ""reason"": ""The detailed reasoning underscores the validity of the emotion analysis, ensuring that it is both insightful and trustworthy.""\n  ,\n  ""reason"": ""The combination of Mona's words and the visual context provides a robust foundation for the identified emotions.""\n  ,\n  ""reason"": ""The high confidence level is a testament to the clarity and consistency of the emotional cues present in the input.""\n  ,\n  ""reason"": ""The final JSON output is a precise and well-justified representation of Mona's emotional state.""\n  ,\n  ""reason"": ""This detailed reasoning supports the JSON output, ensuring that the emotion analysis is both accurate and insightful.""\n  ,\n  ""reason"": ""The combination of Mona's words and the visual context creates a compelling case for the emotions of disappointment and anger.""\n  ,\n  ""reason"": ""The overall coherence of the evidence allows for a confident and accurate emotion analysis.""\n  ,\n  ""reason"": ""The final JSON output accurately captures the essence of Mona's emotional state based on the available information.""\n  ,\n  ""reason"": ""This comprehensive reasoning ensures that the emotion analysis is both thorough and well-supported.""\n  ,\n  ""reason"": ""The detailed explanation provides a clear understanding of why these emotions were chosen, enhancing the credibility of the analysis.""\n  ,\n  ""reason"": ""The high confidence level reflects the strength of the evidence and the precision of the emotion identification.""\n  ,\n  ""reason"": ""The analysis is a faithful representation of Mona's emotional state as conveyed through her words and the visual context.""\n  ,\n  ""reason"": ""The final assessment is a reliable and accurate interpretation of the speaker's emotions based on the given input.""\n  ,\n  ""reason"": ""The detailed reasoning underscores the validity of the emotion analysis, ensuring that it is both insightful and trustworthy.""\n  ,\n  ""reason"": ""The combination of Mona's words and the visual context provides a robust foundation for the identified emotions.""\n  ,\n  ""reason"": ""The high confidence level is a testament to the clarity and consistency of the emotional cues present in the input.""\n  ,\n  ""reason"": ""The final JSON output is a precise and well-justified representation of Mona's emotional state.""\n  ,\n  ""reason"": ""This detailed reasoning supports the JSON output, ensuring that the emotion analysis is both accurate and insightful.""\n  ,\n  ""reason"": ""The combination of Mona's words and the visual context creates a compelling case for the emotions of disappointment and anger.""\n  ,\n  ""reason"": ""The overall coherence of the evidence allows for a confident and accurate emotion analysis.""\n  ,\n  ""reason"": ""The final JSON output accurately captures the essence of Mona's emotional state based on the available information.""\n  ,\n  ""reason"": ""This comprehensive reasoning ensures that the emotion analysis is both thorough and well-supported.""\n  ,\n  ""reason"": ""The detailed explanation provides a clear understanding of why these emotions were chosen, enhancing the credibility of the analysis.""\n  ,\n  ""reason"": ""The high confidence level reflects the strength of the evidence and the precision of the emotion identification.""\n  ,\n  ""reason"": ""The analysis is a faithful representation of Mona's emotional state as conveyed through her words and the visual context.""\n  ,\n  ""reason"": ""The final assessment is a reliable and accurate interpretation of the speaker's emotions based on the given input.""\n  ,\n  ""reason"": ""The detailed reasoning underscores the validity of the emotion analysis, ensuring that it is both insightful and trustworthy.""\n  ,\n  ""reason"": ""The combination of Mona's words and the visual context provides a robust foundation for the identified emotions.""\n  ,\n  ""reason"": ""The high confidence level is a testament to the clarity and consistency of the emotional cues present in the input.""\n  ,\n  ""reason"": ""The final JSON output is a precise and well-justified representation of Mona's emotional state.""\n  ,\n  ""reason"": ""This detailed reasoning supports the JSON output, ensuring that the emotion analysis is both accurate and insightful.""\n  ,\n  ""reason"": ""The combination of Mona's words and the visual context creates a compelling case for the emotions of disappointment and anger.""\n  ,\n  ""reason"": ""The overall coherence of the evidence allows for a confident and accurate emotion analysis.""\n  ,\n  ""reason"": ""The final JSON output accurately captures the essence of Mona's emotional state based on the available information.""\n  ,\n  ""reason"": ""This comprehensive reasoning ensures that the emotion analysis is both thorough and well-supported.""\n  ,\n  ""reason"": ""The detailed explanation provides a clear understanding of why these emotions were chosen, enhancing the credibility of the analysis.""\n  ,\n  ""reason"": ""The high confidence level reflects the strength of the evidence and the precision of the emotion identification.""\n  ,\n  ""reason"": ""The analysis is a faithful representation of Mona's emotional state as conveyed through her words and the visual context.""\n  ,\n  ""reason"": ""The final assessment is a reliable and accurate interpretation of the speaker's emotions based on the given input.""\n  ,\n  ""reason"": ""The detailed reasoning underscores the validity of the emotion analysis, ensuring that it is both insightful and trustworthy.""\n  ,\n  ""reason"": ""The combination of Mona's words and the visual context provides a robust foundation for the identified emotions.""\n  ,\n  ""reason"": ""The high confidence level is a testament to the clarity and consistency of the emotional cues present in the input.""\n  ,\n  ""reason"": ""The final JSON output is a precise and well-justified representation of Mona's emotional state.""\n  ,\n  ""reason"": ""This detailed reasoning supports the JSON output, ensuring that the emotion analysis is both accurate and insightful.""\n  ,\n  ""reason"": ""The combination of Mona's words and the visual context creates a compelling case for the emotions of disappointment and anger.""\n  ,\n  ""reason"": ""The overall coherence of the evidence allows for a confident and accurate emotion analysis.""\n  ,\n  ""reason"": ""The final JSON output accurately captures the essence of Mona's emotional state based on the available information.""\n  ,\n  ""reason"": ""This comprehensive reasoning ensures that the emotion analysis is both thorough and well-supported.""\n  ,\n  ""reason"": ""The detailed explanation provides a clear understanding of why these emotions were chosen, enhancing the credibility of the analysis.""\n  ,\n  ""reason"": ""The high confidence level reflects the strength of the evidence and the precision of the emotion identification.""\n  ,\n  ""reason"": ""The analysis is a faithful representation of Mona's emotional state as conveyed through her words and the visual context.""\n  ,\n  ""reason"": ""The final assessment is a reliable and accurate interpretation of the speaker's emotions based on the given input.""\n  ,\n  ""reason"": ""The detailed reasoning underscores the validity of the emotion analysis, ensuring that it is both insightful and trustworthy.""\n  ,\n  ""reason"": ""The combination of Mona's words and the visual context provides a robust foundation for the identified emotions.""\n  ,\n  ""reason"": ""The high confidence level is a testament to the clarity and consistency of the emotional cues present in the input.""\n  ,\n  ""reason"": ""The final JSON output is a precise and well-justified representation of Mona's emotional state.""\n  ,\n  ""reason"": ""This detailed reasoning supports the JSON output, ensuring that the emotion analysis is both accurate and insightful.""\n  ,\n  ""reason"": ""The combination of Mona's words and the visual context creates a compelling case for the emotions of disappointment and anger.""\n  ,\n  ""reason"": ""The overall coherence of the evidence allows for a confident and accurate emotion analysis.""\n  ,\n  ""reason"": ""The final JSON output accurately captures the essence of Mona's emotional state based on the available information.""\n  ,\n  ""reason"": ""This comprehensive reasoning ensures that the emotion analysis is both thorough and well-supported.""\n  ,\n  ""reason"": ""The detailed explanation provides a clear understanding of why these emotions were chosen, enhancing the credibility of the analysis.""\n  ,\n  ""reason"": ""The high confidence level reflects the strength of the evidence and the precision of the emotion identification.""\n  ,\n  ""reason"": ""The analysis is a faithful representation of Mona's emotional state as conveyed through her words and the visual context.""\n  ,\n  ""reason"": ""The final assessment is a reliable and accurate interpretation of the speaker's emotions based on the given input.""\n  ,\n  ""reason"": ""The detailed reasoning underscores the validity of the emotion analysis, ensuring that it is both insightful and trustworthy.""\n  ,\n  ""reason"": ""The combination of Mona's words and the visual context provides a robust foundation for the identified emotions.""\n  ,\n  ""reason"": ""The high confidence level is a testament to the clarity and consistency of the emotional cues present in the input.""\n  ,\n  ""reason"": ""The final JSON output is a precise and well-justified representation of Mona's emotional state.""\n  ,\n  ""reason"": ""This detailed reasoning supports the JSON output, ensuring that the emotion analysis is both accurate and insightful.""\n  ,\n  ""reason"": ""The combination of Mona's words and the visual context creates a compelling case for the emotions of disappointment and anger.""\n  ,\n  ""reason"": ""The overall coherence of the evidence allows for a confident and accurate emotion analysis.""\n  ,\n  ""reason"": ""The final JSON output accurately captures the essence of Mona's emotional state based on the available information.""\n  ,\n  ""reason"": ""This comprehensive reasoning ensures that the emotion analysis is both thorough and well-supported.""\n  ,\n  ""reason"": ""The detailed explanation provides a clear understanding of why these emotions were chosen, enhancing the credibility of the analysis.""\n  ,\n  ""reason"": ""The high confidence level reflects the strength of the evidence and the precision of the emotion identification.""\n  ,\n  ""reason"": ""The analysis is a faithful representation of Mona's emotional state as conveyed through her words and the visual context.""\n  ,\n  ""reason"": ""The final assessment is a reliable and accurate interpretation of the speaker's emotions based on the given input.""\n  ,\n  ""reason"": ""The detailed reasoning underscores the validity of the emotion analysis, ensuring that it is both insightful and trustworthy.""\n  ,\n  ""reason"": ""The combination of Mona's words and the visual context provides a robust foundation for the identified emotions.""\n  ,\n  ""reason"": ""The high confidence level is a testament to the clarity and consistency of the emotional cues present in the input.""\n  ,\n  ""reason"": ""The final JSON output is a precise and well-justified representation of Mona's emotional state.""\n  ,\n  ""reason"": ""This detailed reasoning supports the JSON output, ensuring that the emotion analysis is both accurate and insightful.""\n  ,\n  ""reason"": ""The combination of Mona's words and the visual context creates a compelling case for the emotions of disappointment and anger.""\n  ,\n  ""reason"": ""The overall coherence of the evidence allows for a confident and accurate emotion analysis.""\n  ,\n  ""reason"": ""The final JSON output accurately captures the essence of Mona's emotional state based on the available information.""\n  ,\n  ""reason"": ""This comprehensive reasoning ensures that the emotion analysis is both thorough and well-supported.""\n  ,\n  ""reason"": ""The detailed explanation provides a clear understanding of why these emotions were chosen, enhancing the credibility of the analysis.""\n  ,\n  ""reason"": ""The high confidence level reflects the strength of the evidence and the precision of the emotion identification.""\n  ,\n  ""reason"": ""The analysis is a faithful representation of Mona's emotional state as conveyed through her words and the visual context.""\n  ,\n  ""reason"": ""The final assessment is a reliable and accurate interpretation of the speaker's emotions based on the given input.""\n  ,\n  ""reason"": ""The detailed reasoning underscores the validity of the emotion analysis, ensuring that it is both insightful and trustworthy.""\n  ,\n  ""reason"": ""The combination of Mona's words and the visual context provides a robust foundation for the identified emotions.""\n  ,\n  ""reason"": ""The high confidence level is a testament to the clarity and consistency of the emotional cues present in the input.""\n  ,\n  ""reason"": ""The final JSON output is a precise and well-justified representation of Mona's emotional state.""\n  ,\n  ""reason"": ""This detailed reasoning supports the JSON output, ensuring that the emotion analysis is both accurate and insightful.""\n  ,\n  ""reason"": ""The combination of Mona's words and the visual context creates a compelling case for the emotions of disappointment and anger.""\n  ,\n  ""reason"": ""The overall coherence of the evidence allows for a confident and accurate emotion analysis.""\n  ,\n  ""reason"": ""The final JSON output accurately captures the essence of Mona's emotional state based on the available information.""\n  ,\n  ""reason"": ""This comprehensive reasoning ensures that the emotion analysis is both thorough and well-supported.""\n  ,\n  ""reason"": ""The detailed explanation provides a clear understanding of why these emotions were chosen, enhancing the credibility of the analysis.""\n  ,\n  ""reason"": ""The high confidence level reflects the strength of the evidence and the precision of the emotion identification.""\n  ,\n  ""reason"": ""The analysis is a faithful representation of Mona's emotional state as conveyed through her words and the visual context.""\n  ,\n  ""reason"": ""The final assessment is a reliable and accurate interpretation of the speaker's emotions based on the given input.""\n  ,\n  ""reason"": ""The detailed reasoning underscores the validity of the emotion analysis, ensuring that it is both insightful and trustworthy.""\n  ,\n  ""reason"": ""The combination of Mona's words and the visual context provides a robust foundation for the identified emotions.""\n  ,\n  ""reason"": ""The high confidence level is a testament to the clarity and consistency of the emotional cues present in the input.""\n  ,\n  ""reason"": ""The final JSON output is a precise and well-justified representation of Mona's emotional state.""\n  ,\n  ""reason"": ""This detailed reasoning supports the JSON output, ensuring that the emotion analysis is both accurate and insightful.""\n  ,\n  ""reason"": ""The combination of Mona's words and the visual context creates a compelling case for the emotions of disappointment and anger.""\n  ,\n  ""reason"": ""The overall coherence of the evidence allows for a confident and accurate emotion analysis.""\n  ,\n  ""reason"": ""The final JSON output accurately captures the essence of Mona's emotional state based on the available information.""\n  ,\n  ""reason"": ""This comprehensive reasoning ensures that the emotion analysis is both thorough and well-supported.""\n  ,\n  ""reason"": ""The detailed explanation provides a clear understanding of why these emotions were chosen, enhancing the credibility of the analysis.""\n  ,\n  ""reason"": ""The high confidence level reflects the strength of the evidence and the precision of the emotion identification.""\n  ,\n  ""reason"": ""The analysis is a faithful representation of Mona's emotional state as conveyed through her words and the visual context.""\n  ,\n  ""reason"": ""The final assessment is a reliable and accurate interpretation of the speaker's emotions based on the given input.""\n  ,\n  ""reason"": ""The detailed reasoning underscores the validity of the emotion analysis, ensuring that it is both insightful and trustworthy.""\n  ,\n  ""reason"": ""The combination of Mona's words and the visual context provides a robust foundation for the identified emotions.""\n  ,\n  ""reason"": ""The high confidence level is a testament to the clarity and consistency of the emotional cues present in the input.""\n  ,\n  ""reason"": ""The final JSON output is a precise and well-justified representation of Mona's emotional state.""\n  ,\n  ""reason"": ""This detailed reasoning supports the JSON output, ensuring that the emotion analysis is both accurate and insightful.""\n  ,\n  ""reason"": ""The combination of Mona's words and the visual context creates a compelling case for the emotions of disappointment and anger.""\n  ,\n  ""reason"": ""The overall coherence of the evidence allows for a confident and accurate emotion analysis.""\n  ,\n  ""reason"": ""The final JSON output accurately captures the essence of Mona's emotional state based on the available information.""\n  ,\n  ""reason"": ""This comprehensive reasoning ensures that the emotion analysis is both thorough and well-supported.""\n  ,\n  ""reason"": ""The detailed explanation provides a clear understanding of why these emotions were chosen, enhancing the credibility of the analysis.""\n  ,\n  ""reason"": ""The high confidence level reflects the strength of the evidence and the precision of the emotion identification.""\n  ,\n  ""reason"": ""The analysis is a faithful representation of Mona's emotional state as conveyed through her words and the visual context.""\n  ,\n  ""reason"": ""The final assessment is a reliable and accurate interpretation of the speaker's emotions based on the given input.""\n  ,\n  ""reason"": ""The detailed reasoning underscores the validity of the emotion analysis, ensuring that it is both insightful and trustworthy.""\n  ,\n  ""reason"": ""The combination of Mona's words and the visual context provides a robust foundation for the identified emotions.""\n  ,\n  ""reason"": ""The high confidence level is a testament to the clarity and consistency of the emotional cues present in the input.""\n  ,\n  ""reason"": ""The final JSON output is a precise and well-justified representation of Mona's emotional state.""\n  ,\n  ""reason"": ""This detailed reasoning supports the JSON output, ensuring that the emotion analysis is both accurate and insightful.""\n  ,\n  ""reason"": ""The combination of Mona's words and the visual context creates a compelling case for the emotions of disappointment and anger.""\n  ,\n  ""reason"": ""The overall coherence of the evidence allows for a confident and accurate emotion analysis.""\n  ,\n  ""reason"": ""The final JSON output accurately captures the essence of Mona's emotional state based on the available information.""\n  ,\n  ""reason"": ""This comprehensive reasoning ensures that the emotion analysis is both thorough and well-supported.""\n  ,\n  ""reason"": ""The detailed explanation provides a clear understanding of why these emotions were chosen, enhancing the credibility of the analysis.""\n  ,\n  ""reason"": ""The high confidence level reflects the strength of the evidence and the precision of the emotion identification.""\n  ,\n  ""reason"": ""The analysis is a faithful representation of Mona's emotional state as conveyed through her words and the visual context.""\n  ,\n  ""reason"": ""The final assessment is a reliable and accurate interpretation of the speaker's emotions based on the given input.""\n  ,\n  ""reason"": ""The detailed reasoning underscores the validity of the emotion analysis, ensuring that it is both insightful and trustworthy.""\n  ,\n  ""reason"": ""The combination of Mona's words and the visual context provides a robust foundation for the identified emotions.""\n  ,\n  ""reason"": ""The high confidence level is a testament to the clarity and consistency of the emotional cues present in the input.""\n  ,\n  ""reason"": ""The final JSON output is a precise and well-justified representation of Mona's emotional state.""\n  ,\n  ""reason"": ""This detailed reasoning supports the JSON output, ensuring that the emotion analysis is both accurate and insightful.""\n  ,\n  ""reason"": ""The combination of Mona's words and the visual context creates a compelling case for the emotions of disappointment and anger.""\n  ,\n  ""reason"": ""The overall coherence of the evidence allows for a confident and accurate emotion analysis.""\n  ,\n  ""reason"": ""The final JSON output accurately captures the essence of Mona's emotional state based on the available information.""\n  ,\n  ""reason"": ""This comprehensive reasoning ensures that the emotion analysis is both thorough and well-supported.""\n  ,\n  ""reason"": ""The detailed explanation provides a clear understanding of why these emotions were chosen, enhancing the credibility of the analysis.""\n  ,\n  ""reason"": ""The high confidence level reflects the strength of the evidence and the precision of the emotion identification.""\n  ,\n  ""reason"": ""The analysis is a faithful representation of Mona's emotional state as conveyed through her words and the visual context.""\n  ,\n  ""reason"": ""The final assessment is a reliable and accurate interpretation of the speaker's emotions based on the given input.""\n  ,\n  ""reason"": ""The detailed reasoning underscores the validity of the emotion analysis, ensuring that it is both insightful and trustworthy.""\n  ,\n  ""reason"": ""The combination of Mona's words and the visual context provides a robust foundation for the identified emotions.""\n  ,\n  ""reason"": ""The high confidence level is a testament to the clarity and consistency of the emotional cues present in the input.""\n  ,\n  ""reason"": ""The final JSON output is a precise and well-justified representation of Mona's emotional state.""\n  ,\n  ""reason"": ""This detailed reasoning supports the JSON output, ensuring that the emotion analysis is both accurate and insightful.""\n  ,\n  ""reason"": ""The combination of Mona's words and the visual context creates a compelling case for the emotions of disappointment and anger.""\n  ,\n  ""reason"": ""The overall coherence of the evidence allows for a confident and accurate emotion analysis.""\n  ,\n  ""reason"": ""The final JSON output accurately captures the essence of Mona's emotional state based on the available information.""\n  ,\n  ""reason"": ""This comprehensive reasoning ensures that the emotion analysis is both thorough and well-supported.""\n  ,\n  ""reason"": ""The detailed explanation provides a clear understanding of why these emotions were chosen, enhancing the credibility of the analysis.""\n  ,\n  ""reason"": ""The high confidence level reflects the strength of the evidence and the precision of the emotion identification.""\n  ,\n  ""reason"": ""The analysis is a faithful representation of Mona's emotional state as conveyed",,,false,,,neutral,default_neutral,0.4,No mappable emotion words found.,false
S0262,88,1,Monica,"Well umm, Alexandra has been","Phoebe: I cant believe this! How long as this been going on? Host: Welcome everybody, welcome to Amazing Discoveries! Phoebe: You know what? You are right. I",neutral,open_vocab,text + context + image,qwen-vl-plus,open_vocab:S0262:text_plus_context_plus_image,"{\n  ""free_emotions"": [""uncertain"", ""hesitant""],\n  ""confidence"": 0.85,\n  ""reason"": ""Monica's use of 'umm' and the incomplete sentence suggest hesitation and uncertainty in her speech.""\n}",0.85,Monica's use of 'umm' and the incomplete sentence suggest hesitation and uncertainty in her speech.,false,uncertain|hesitant,uncertain|hesitant,neutral,heuristic_llm_fallback,0.55,"Unresolved words: uncertain, hesitant; used text-level fallback.",true
S0261,866,10,Monica,Ohh. And I dont even have a date.,"Emily: Its perfect. Ross: And, I dont know, if it starts to rain Emily: Well then well get wet.",sadness,open_vocab,text + context + image,qwen-vl-plus,open_vocab:S0261:text_plus_context_plus_image,"{\n  ""free_emotions"": [""disappointment"", ""humor""],\n  ""confidence"": 0.85,\n  ""reason"": ""Monica's tone and facial expression suggest a mix of disappointment about not having a date, combined with a humorous or self-deprecating undertone.""\n}",0.85,"Monica's tone and facial expression suggest a mix of disappointment about not having a date, combined with a humorous or self-deprecating undertone.",false,disappointment|humor,disappointment|humor,sadness,hybrid_dictionary_plus_fallback,0.75,Dictionary majority vote over normalized emotion words.,true
S0264,884,7,Chandler,What?,"Joey: That would be Casey. Were going out tonight. Chandler: Goin out, huh? Wow! Wow!  So things didnt work out with Kathy, huh? Bummer. Joey: No, things are fine with Kathy. Im having a late dinner with her tonight, right after my early dinner with Casey.",surprise,open_vocab,text + context + image,qwen-vl-plus,open_vocab:S0264:text_plus_context_plus_image,"{\n  ""free_emotions"": [""confusion"", ""surprise""],\n  ""confidence"": 0.85,\n  ""reason"": ""Chandler's facial expression and the context of his utterance 'What?' suggest he is reacting with confusion and surprise to Joey's statement about going out with Casey.""\n}",0.85,Chandler's facial expression and the context of his utterance 'What?' suggest he is reacting with confusion and surprise to Joey's statement about going out with Casey.,false,confusion|surprise,confusion|surprise,surprise,hybrid_dictionary_plus_fallback,0.75,Dictionary majority vote over normalized emotion words.,true
S0263,88,2,Joey,"You guys, can we please not watch this all right.","Monica: Well umm, Alexandra has been Phoebe: Oh, oh! It's on again! Rachel: Good for you Pheebs!",disgust,open_vocab,text + context + image,qwen-vl-plus,open_vocab:S0263:text_plus_context_plus_image,"{\n  ""free_emotions"": [""frustration"", ""resignation""],\n  ""confidence"": 0.85,\n  ""reason"": ""Joey's body language and tone suggest he is frustrated with the situation, while his gesture and expression indicate a sense of resignation to not being able to change it.""\n}",0.85,"Joey's body language and tone suggest he is frustrated with the situation, while his gesture and expression indicate a sense of resignation to not being able to change it.",false,frustration|resignation,frustration|resignation,anger,heuristic_llm_fallback,0.55,"Unresolved words: frustration, resignation; used text-level fallback.",false
S0266,89,11,Rachel,Come on!,"Rachel: Yknow, theyre not gonna get married anyway! Ross: Celebrate. Chandler: What?",anger,open_vocab,text + context + image,qwen-vl-plus,open_vocab:S0266:text_plus_context_plus_image,"{\n  ""free_emotions"": [""encouragement"", ""impatience""],\n  ""confidence"": 0.85,\n  ""reason"": ""Rachel's tone and body language in the image suggest she is urging someone forward ('Come on!'), indicating both encouragement and a hint of impatience.""\n}",0.85,"Rachel's tone and body language in the image suggest she is urging someone forward ('Come on!'), indicating both encouragement and a hint of impatience.",false,encouragement|impatience,encouragement|impatience,neutral,heuristic_llm_fallback,0.55,"Unresolved words: encouragement, impatience; used text-level fallback.",false
S0265,887,7,Ross,"Oh, no!","Ross: No, I mean its okay, I mean, theyre-theyre my friends. Ross: In fact, I-I-I was married to one of them. The Instructor: Let me get this straight man, you attacked your ex-wife?!",surprise,open_vocab,text + context + image,qwen-vl-plus,open_vocab:S0265:text_plus_context_plus_image,"{\n  ""free_emotions"": [""shock"", ""defensiveness""],\n  ""confidence"": 0.85,\n  ""reason"": ""Ross's wide eyes and open mouth convey shock, while his hand gesture suggests he is trying to defend or clarify his statement.""\n\n  \n  \n\n  \n  \n\n  \n  \n\n  \n  \n\n  \n  \n\n  \n  \n\n  \n  \n\n  \n  \n\n  \n  \n\n  \n  \n\n  \n  \n\n  \n  \n\n  \n  \n\n  \n  \n\n  \n  \n\n  \n  \n\n  \n  \n\n  \n  \n\n  \n  \n\n  \n  \n\n  \n  \n\n  \n  \n\n  \n  \n\n  \n  \n\n  \n  \n\n  \n  \n\n  \n  \n\n  \n  \n\n  \n",,,false,,,neutral,default_neutral,0.4,No mappable emotion words found.,false
S0267,9,0,Phoebe,Coming through!  Oh! Coming through!  Oh! Hello! Hi!  No! Right! Coming through!,,fear,open_vocab,text + context + image,qwen-vl-plus,open_vocab:S0267:text_plus_context_plus_image,"{\n  ""free_emotions"": [""urgent"", ""alert""],\n  ""confidence"": 0.85,\n  ""reason"": ""Phoebe's repeated exclamations of 'Coming through!' suggest urgency and alertness, likely in response to the presence of the firefighter and the situation unfolding.""\n}",0.85,"Phoebe's repeated exclamations of 'Coming through!' suggest urgency and alertness, likely in response to the presence of the firefighter and the situation unfolding.",false,urgent|alert,urgent|alert,surprise,heuristic_llm_fallback,0.55,"Unresolved words: urgent, alert; used text-level fallback.",false
S0268,9,3,Phoebe,Oh!,"Joey: But youre still moving in together, right? Because my ad came out today. Fireman #1: Yeah, most of the damage is pretty mostly contained in the bedrooms. Jade: Oh, and in case you were wondering, those are my legs on the new James Bond poster.",surprise,open_vocab,text + context + image,qwen-vl-plus,open_vocab:S0268:text_plus_context_plus_image,"{\n  ""free_emotions"": [""surprise"", ""alarm""],\n  ""confidence"": 0.85,\n  ""reason"": ""Phoebe's exclamation 'Oh!' and the context of a firefighter entering the scene suggest she is reacting with surprise and alarm to an unexpected event.""\n}",0.85,Phoebe's exclamation 'Oh!' and the context of a firefighter entering the scene suggest she is reacting with surprise and alarm to an unexpected event.,false,surprise|alarm,surprise|alarm,surprise,hybrid_dictionary_plus_fallback,0.75,Dictionary majority vote over normalized emotion words.,true
S0269,9,11,Rachel,Everythings ruined. My bed. My clothes. Look at my favorite blue sweater.,"Chandler: Ok.  Ok. Having a phone has finally paid off. Chandler: Hows your room Rach? Ross: Even though you do do a good Bob impression, I'm thinkin' when she sees you tomorow, she's probably gonna realize, ""Hey, you're not Bob.""",sadness,open_vocab,text + context + image,qwen-vl-plus,open_vocab:S0269:text_plus_context_plus_image,"{\n  ""free_emotions"": [""distress"", ""frustration""],\n  ""confidence"": 0.9,\n  ""reason"": ""Rachel's statement 'Everything's ruined' and her body language in the image convey strong distress and frustration over the damage to her belongings.""\n}",0.9,Rachel's statement 'Everything's ruined' and her body language in the image convey strong distress and frustration over the damage to her belongings.,false,distress|frustration,distress|frustration,neutral,heuristic_llm_fallback,0.55,"Unresolved words: distress, frustration; used text-level fallback.",false
S0270,9,12,Ross,Oh my god. You are pure evil.,"Ross: Even though you do do a good Bob impression, I'm thinkin' when she sees you tomorow, she's probably gonna realize, ""Hey, you're not Bob."" Rachel: Everythings ruined. My bed. My clothes. Look at my favorite blue sweater. Chandler: I'm hoping that when Bob doesn't show up, she will seek comfort in the open arms of the wry stranger at the next table.",disgust,open_vocab,text + context + image,qwen-vl-plus,open_vocab:S0270:text_plus_context_plus_image,"{\n  ""free_emotions"": [""anger"", ""disgust""],\n  ""confidence"": 0.85,\n  ""reason"": ""Ross's exclamation 'Oh my god. You are pure evil.' combined with his facial expression and gesture in the image suggests strong negative emotions, specifically anger and disgust.""\n}",0.85,"Ross's exclamation 'Oh my god. You are pure evil.' combined with his facial expression and gesture in the image suggests strong negative emotions, specifically anger and disgust.",false,anger|disgust,anger|disgust,neutral,default_neutral,0.4,No mappable emotion words found.,false
S0272,907,4,The Smoking Woman,I won't!  Until I have my next cigarette.,"Phoebe: You can't put your cigarette out on a tree! The Smoking Woman: Yeah I can, it worked real well. Phoebe: No but you shouldn't! Don't ever do that again.",anger,open_vocab,text + context + image,qwen-vl-plus,open_vocab:S0272:text_plus_context_plus_image,"{\n  ""free_emotions"": [""defiant"", ""stubborn""],\n  ""confidence"": 0.85,\n  ""reason"": ""The speaker refuses to comply with Phoebe's request, indicating defiance and a stubborn attitude.""\n}",0.85,"The speaker refuses to comply with Phoebe's request, indicating defiance and a stubborn attitude.",false,defiant|stubborn,defiant|stubborn,anger,heuristic_llm_fallback,0.55,"Unresolved words: defiant, stubborn; used text-level fallback.",true
S0271,90,2,Rachel,"I don't know, I just kinda ran into him last night.","Phoebe: What the hell is this?! Monica: Rachel, how did this happen? Ross: She is not  Shes gay. Oh my God. She is",fear,open_vocab,text + context + image,qwen-vl-plus,open_vocab:S0271:text_plus_context_plus_image,"{\n  ""free_emotions"": [""confused"", ""uncertain""],\n  ""confidence"": 0.85,\n  ""reason"": ""Rachel's body language, including her open hand gesture and the way she touches her forehead, along with her statement 'I don't know,' suggests she is feeling confused and uncertain about the situation.""\n}",0.85,"Rachel's body language, including her open hand gesture and the way she touches her forehead, along with her statement 'I don't know,' suggests she is feeling confused and uncertain about the situation.",false,confused|uncertain,confused|uncertain,surprise,heuristic_llm_fallback,0.55,"Unresolved words: confused, uncertain; used text-level fallback.",false
S0274,912,0,Ross,My God!,,surprise,open_vocab,text + context + image,qwen-vl-plus,open_vocab:S0274:text_plus_context_plus_image,"{\n  ""free_emotions"": [""shock"", ""surprise""],\n  ""confidence"": 0.9,\n  ""reason"": ""Ross's exclamation 'My God!' and his wide-eyed expression in the image suggest a strong reaction of shock or surprise.""\n}",0.9,Ross's exclamation 'My God!' and his wide-eyed expression in the image suggest a strong reaction of shock or surprise.,false,shock|surprise,shock|surprise,surprise,dictionary,0.8500000000000001,Dictionary majority vote over normalized emotion words.,true
S0273,91,4,Joey,What is the big deal?,"Ross: It's breast milk. Phoebe: So? Rachel: Phoebe, that is juice, squeezed from a person.",anger,open_vocab,text + context + image,qwen-vl-plus,open_vocab:S0273:text_plus_context_plus_image,"{\n  ""free_emotions"": [""confusion"", ""curiosity""],\n  ""confidence"": 0.85,\n  ""reason"": ""Joey's facial expression and body language suggest he is puzzled by the situation, likely questioning the context of the conversation about breast milk.""\n}",0.85,"Joey's facial expression and body language suggest he is puzzled by the situation, likely questioning the context of the conversation about breast milk.",false,confusion|curiosity,confusion|curiosity,neutral,heuristic_llm_fallback,0.55,"Unresolved words: confusion, curiosity; used text-level fallback.",false
S0276,917,5,Chandler,They taste so good.,Chandler: I found this place that makes the greatest mozzarella sticks and jalepino poppers . Chandler: No? Chandler: Really?,joy,open_vocab,text + context + image,qwen-vl-plus,open_vocab:S0276:text_plus_context_plus_image,"{\n  ""free_emotions"": [""surprise"", ""interest""],\n  ""confidence"": 0.85,\n  ""reason"": ""Chandler's expression and tone suggest surprise at the taste, combined with interest in sharing his discovery.""\n}",0.85,"Chandler's expression and tone suggest surprise at the taste, combined with interest in sharing his discovery.",false,surprise|interest,surprise|interest,surprise,hybrid_dictionary_plus_fallback,0.75,Dictionary majority vote over normalized emotion words.,false
S0275,915,3,Chandler,You are really frightening me.,"Monica: I'm sure they'll be here soon. Rachel: Yeah, honey, they wouldn't miss this. Joey: Relax. You're only at nine centimeters. And the baby's at zero station.",fear,open_vocab,text + context + image,qwen-vl-plus,open_vocab:S0275:text_plus_context_plus_image,"{\n  ""free_emotions"": [""anxious"", ""frightened""],\n  ""confidence"": 0.85,\n  ""reason"": ""Chandler's statement 'You are really frightening me' directly indicates fear and anxiety, supported by the context of a medical situation involving childbirth.""\n}",0.85,"Chandler's statement 'You are really frightening me' directly indicates fear and anxiety, supported by the context of a medical situation involving childbirth.",false,anxious|frightened,anxious|frightened,fear,hybrid_dictionary_plus_fallback,0.75,Dictionary majority vote over normalized emotion words.,true
S0277,92,1,Monica,I'll sneak over as soon as Ross picks up Ben.,All: Aww! Monica: I can't wait to be with you! Phoebe: This sucks!,neutral,open_vocab,text + context + image,qwen-vl-plus,open_vocab:S0277:text_plus_context_plus_image,"{\n  ""free_emotions"": [""anticipation"", ""anxiety""],\n  ""confidence"": 0.85,\n  ""reason"": ""Monica's expression and body language suggest she is eagerly waiting for something (anticipation) while also appearing slightly tense or concerned (anxiety).""\n}",0.85,Monica's expression and body language suggest she is eagerly waiting for something (anticipation) while also appearing slightly tense or concerned (anxiety).,false,anticipation|anxiety,anticipation|anxiety,fear,hybrid_dictionary_plus_fallback,0.75,Dictionary majority vote over normalized emotion words.,false
S0278,932,6,Rachel,"Please, what about you and Chandler?","Monica: Hey! Rachel: I just wanted to let you know I've changed my mind: I'm gonna    do it, I'm gonna kiss Joey. Monica: No, you can't! Friends hooking up is a bad idea.",anger,open_vocab,text + context + image,qwen-vl-plus,open_vocab:S0278:text_plus_context_plus_image,"{\n  ""free_emotions"": [""curious"", ""concerned""],\n  ""confidence"": 0.85,\n  ""reason"": ""Rachel's facial expression and tone suggest she is inquiring about Chandler with a mix of curiosity and concern, likely due to the context of Monica's warning against friends hooking up.""\n}",0.85,"Rachel's facial expression and tone suggest she is inquiring about Chandler with a mix of curiosity and concern, likely due to the context of Monica's warning against friends hooking up.",false,curious|concerned,curious|concerned,neutral,heuristic_llm_fallback,0.55,"Unresolved words: curious, concerned; used text-level fallback.",false
S0280,936,3,Phoebe,What?! What do you mean youre going to London?,"Rachel: Do you remember where the duck food is? Phoebe: Yeah, its in the guys apartment under the sink. Why? Rachel: Because Im going to London.",surprise,open_vocab,text + context + image,qwen-vl-plus,open_vocab:S0280:text_plus_context_plus_image,"{\n  ""free_emotions"": [""shock"", ""confusion""],\n  ""confidence"": 0.9,\n  ""reason"": ""Phoebe's wide eyes and open mouth in the image, combined with her utterance 'What?! What do you mean you're going to London?', indicate a strong reaction of shock and confusion to Rachel's unexpected news.""\n}",0.9,"Phoebe's wide eyes and open mouth in the image, combined with her utterance 'What?! What do you mean you're going to London?', indicate a strong reaction of shock and confusion to Rachel's unexpected news.",false,shock|confusion,shock|confusion,surprise,hybrid_dictionary_plus_fallback,0.75,Dictionary majority vote over normalized emotion words.,true
S0279,935,7,Phoebe,He's probably up in your room!,"Monica: This is crazy! I mean, it's such a stupid argument. I don't even wanna see Richard again. Phoebe: So go fix it! Phoebe: Go find Chandler!",sadness,open_vocab,text + context + image,qwen-vl-plus,open_vocab:S0279:text_plus_context_plus_image,"{\n  ""free_emotions"": [""concerned"", ""curious""],\n  ""confidence"": 0.85,\n  ""reason"": ""Phoebe's expression and tone suggest she is concerned about the situation, while her question implies curiosity about Chandler's whereabouts.""\n\n  ,\n  ""free_emotions"": [""concerned"", ""curious""],\n  ""confidence"": 0.85,\n  ""reason"": ""Phoebe's expression and tone suggest she is concerned about the situation, while her question implies curiosity about Chandler's whereabouts.""\n  \n  ,\n  ""free_emotions"": [""concerned"", ""curious""],\n  ""confidence"": 0.85,\n  ""reason"": ""Phoebe's expression and tone suggest she is concerned about the situation, while her question implies curiosity about Chandler's whereabouts.""\n  \n  ,\n  ""free_emotions"": [""concerned"", ""curious""],\n  ""confidence"": 0.85,\n  ""reason"": ""Phoebe's expression and tone suggest she is concerned about the situation, while her question implies curiosity about Chandler's whereabouts.""\n  \n  ,\n  ""free_emotions"": [""concerned"", ""curious""],\n  ""confidence"": 0.85,\n  ""reason"": ""Phoebe's expression and tone suggest she is concerned about the situation, while her question implies curiosity about Chandler's whereabouts.""\n  \n  ,\n  ""free_emotions"": [""concerned"", ""curious""],\n  ""confidence"": 0.85,\n  ""reason"": ""Phoebe's expression and tone suggest she is concerned about the situation, while her question implies curiosity about Chandler's whereabouts.""\n  \n  ,\n  ""free_emotions"": [""concerned"", ""curious""],\n  ""confidence"": 0.85,\n  ""reason"": ""Phoebe's expression and tone suggest she is",,,false,,,neutral,default_neutral,0.4,No mappable emotion words found.,false
S0282,939,11,Rachel,I just don’t know! It just doesn’t feel right.,"Phoebe: I  like to think of myself as the puppet master of the group. Rachel: And you really think this is a good idea? Phoebe: I just talked him into it, don’t tell me I have to do you too.  The puppet master gets tired people.",sadness,open_vocab,text + context + image,qwen-vl-plus,open_vocab:S0282:text_plus_context_plus_image,"{\n  ""free_emotions"": [""confusion"", ""doubt""],\n  ""confidence"": 0.85,\n  ""reason"": ""Rachel's statement 'I just don’t know! It just doesn’t feel right.' combined with her concerned expression in the image suggests she is experiencing confusion and doubt about the situation.""\n}",0.85,Rachel's statement 'I just don’t know! It just doesn’t feel right.' combined with her concerned expression in the image suggests she is experiencing confusion and doubt about the situation.,false,confusion|doubt,confusion|doubt,neutral,heuristic_llm_fallback,0.55,"Unresolved words: confusion, doubt; used text-level fallback.",false
S0281,939,4,Phoebe,Oh my God! He did it?,Rachel: Hi. Phoebe: Are you all right? Rachel: Uhh… I think I just got engaged.,surprise,open_vocab,text + context + image,qwen-vl-plus,open_vocab:S0281:text_plus_context_plus_image,"{\n  ""free_emotions"": [""surprise"", ""excitement""],\n  ""confidence"": 0.9,\n  ""reason"": ""Phoebe's wide eyes and open mouth, along with her exclamatory tone, indicate a strong reaction of surprise and excitement to Rachel's news.""\n}",0.9,"Phoebe's wide eyes and open mouth, along with her exclamatory tone, indicate a strong reaction of surprise and excitement to Rachel's news.",false,surprise|excitement,surprise|excitement,neutral,default_neutral,0.4,No mappable emotion words found.,false
S0283,94,2,Ross,That would be no.,"Carol: Ross, you're being silly. I've tried it, it's no big deal. Just taste it. Ross: And I too am just a love machine. Joanna: Oh, I mustve said that after you left.",disgust,open_vocab,text + context + image,qwen-vl-plus,open_vocab:S0283:text_plus_context_plus_image,"{\n  ""free_emotions"": [""refusal"", ""determination""],\n  ""confidence"": 0.9,\n  ""reason"": ""Ross's statement 'That would be no' clearly indicates refusal, and his body language suggests a firm, determined stance.""\n}",0.9,"Ross's statement 'That would be no' clearly indicates refusal, and his body language suggests a firm, determined stance.",false,refusal|determination,refusal|determination,neutral,heuristic_llm_fallback,0.55,"Unresolved words: refusal, determination; used text-level fallback.",false
S0284,94,9,Ross,"Oh, you've tasted it.","Joanna: I dont want to lose you. Susan: Uh huh. Joanna: What if I, create a position for you?",anger,open_vocab,text + context + image,qwen-vl-plus,open_vocab:S0284:text_plus_context_plus_image,"{\n  ""free_emotions"": [""curious"", ""reflective""],\n  ""confidence"": 0.85,\n  ""reason"": ""Ross's expression and tone suggest he is processing the information about tasting something, indicating curiosity and reflection.""\n}",0.85,"Ross's expression and tone suggest he is processing the information about tasting something, indicating curiosity and reflection.",false,curious|reflective,curious|reflective,neutral,heuristic_llm_fallback,0.55,"Unresolved words: curious, reflective; used text-level fallback.",false
S0285,945,7,Guy,"Im sorry, I wa, I wa, I was just ah....","Rachel: Oh honey, come on, Im sorry, I didnt.... Rachel: I dont mind paying my dues, y'know, its just how much am I gonna learn about fashion by walking Mira, the arthritic seamstress, to the bathroom. Rachel: Hi! Is my misery amusing to you?",fear,open_vocab,text + context + image,qwen-vl-plus,open_vocab:S0285:text_plus_context_plus_image,"{\n  ""free_emotions"": [""apologetic"", ""hesitant""],\n  ""confidence"": 0.85,\n  ""reason"": ""The speaker's incomplete and stammered utterance ('I wa, I wa, I was just ah....') suggests hesitation and an attempt to apologize or explain something.""\n}",0.85,"The speaker's incomplete and stammered utterance ('I wa, I wa, I was just ah....') suggests hesitation and an attempt to apologize or explain something.",false,apologetic|hesitant,apologetic|hesitant,neutral,heuristic_llm_fallback,0.55,"Unresolved words: apologetic, hesitant; used text-level fallback.",false
S0286,953,14,Phoebe,Oh - Oh my god!,"Phoebe: Bob! Phoebe: Robert! Phoebe: Oh wait, I think I hear him.",surprise,open_vocab,text + context + image,qwen-vl-plus,open_vocab:S0286:text_plus_context_plus_image,"{\n  ""free_emotions"": [""surprise"", ""relief""],\n  ""confidence"": 0.85,\n  ""reason"": ""Phoebe's exclamation 'Oh - Oh my god!' and her wide-eyed expression in the image suggest a strong emotional reaction, likely surprise or relief upon realizing she heard someone she was looking for.""\n}",0.85,"Phoebe's exclamation 'Oh - Oh my god!' and her wide-eyed expression in the image suggest a strong emotional reaction, likely surprise or relief upon realizing she heard someone she was looking for.",false,surprise|relief,surprise|relief,surprise,hybrid_dictionary_plus_fallback,0.75,Dictionary majority vote over normalized emotion words.,true
S0287,953,15,Phoebe,Bob    had babies!,"Phoebe: Robert! Phoebe: Oh wait, I think I hear him. Phoebe: Oh - Oh my god!",surprise,open_vocab,text + context + image,qwen-vl-plus,open_vocab:S0287:text_plus_context_plus_image,"{\n  ""free_emotions"": [""surprise"", ""excitement""],\n  ""confidence"": 0.9,\n  ""reason"": ""Phoebe's wide eyes and open mouth in the image, combined with her previous exclamations of 'Oh my god!', indicate a strong reaction of surprise and excitement to the news about Bob having babies.""\n}",0.9,"Phoebe's wide eyes and open mouth in the image, combined with her previous exclamations of 'Oh my god!', indicate a strong reaction of surprise and excitement to the news about Bob having babies.",false,surprise|excitement,surprise|excitement,neutral,default_neutral,0.4,No mappable emotion words found.,false
S0288,955,5,Monica,Great. So the ball is in his court?,"Rachel: So if I said yes, he would know I had nothing better to do than wait around for an invitation to his stupid party. Rachel: I said, ""No!"" Rachel: Which puts",anger,open_vocab,text + context + image,qwen-vl-plus,open_vocab:S0288:text_plus_context_plus_image,"{\n  ""free_emotions"": [""anticipation"", ""skepticism""],\n  ""confidence"": 0.85,\n  ""reason"": ""Monica's tone and body language suggest she is waiting for a response, indicating anticipation, while her phrasing implies some skepticism about the situation.""\n}",0.85,"Monica's tone and body language suggest she is waiting for a response, indicating anticipation, while her phrasing implies some skepticism about the situation.",false,anticipation|skepticism,anticipation|skepticism,joy,heuristic_llm_fallback,0.55,"Unresolved words: anticipation, skepticism; used text-level fallback.",false
S0290,960,5,Monica,You should serve it with vodka and a piece of celery.,"Monica: All right, that Ill retract. Monica: But I stand by my review, I know food and that wasnt it. Monica: Youre marinara sauce tasted like tomato juice!",disgust,open_vocab,text + context + image,qwen-vl-plus,open_vocab:S0290:text_plus_context_plus_image,"{\n  ""free_emotions"": [""critical"", ""assertive""],\n  ""confidence"": 0.85,\n  ""reason"": ""Monica's tone and body language suggest she is making a strong, critical point about the food, indicating assertiveness.""\n}",0.85,"Monica's tone and body language suggest she is making a strong, critical point about the food, indicating assertiveness.",false,critical|assertive,critical|assertive,neutral,heuristic_llm_fallback,0.55,"Unresolved words: critical, assertive; used text-level fallback.",false
S0289,956,2,Danny,What?! Why?!,"Danny: Oh, hey Rach! I thought we said seven? Rachel: Yeah uh, y'know what uh, let's skip it.",surprise,open_vocab,text + context + image,qwen-vl-plus,open_vocab:S0289:text_plus_context_plus_image,"{\n  ""free_emotions"": [""surprise"", ""confusion""],\n  ""confidence"": 0.85,\n  ""reason"": ""Danny's wide eyes and open mouth in the image, combined with his utterance 'What?! Why?!', indicate a strong reaction of surprise and confusion to Rachel's unexpected change in plans.""\n}",0.85,"Danny's wide eyes and open mouth in the image, combined with his utterance 'What?! Why?!', indicate a strong reaction of surprise and confusion to Rachel's unexpected change in plans.",false,surprise|confusion,surprise|confusion,surprise,hybrid_dictionary_plus_fallback,0.75,Dictionary majority vote over normalized emotion words.,true
S0291,973,18,Monica,"Okay, this isn't working. I'm still awake and now I have to pee.","Phoebe: Okay. Phoebe: Just-just, you know, the-the lovely waterfalls, and the, the trickling fountains. Phoebe: And the-the calming sounds of the babbling brook....",disgust,open_vocab,text + context + image,qwen-vl-plus,open_vocab:S0291:text_plus_context_plus_image,"{\n  ""free_emotions"": [""frustration"", ""discomfort""],\n  ""confidence"": 0.85,\n  ""reason"": ""Monica's statement about not working and needing to pee, combined with her body language of sitting up in bed, suggests frustration and physical discomfort.""\n}",0.85,"Monica's statement about not working and needing to pee, combined with her body language of sitting up in bed, suggests frustration and physical discomfort.",false,frustration|discomfort,frustration|discomfort,neutral,heuristic_llm_fallback,0.55,"Unresolved words: frustration, discomfort; used text-level fallback.",false
S0292,989,11,Chandler,Go! Go! Go! Go! Go! Go! Go! Go! Go! Go!,Rachel: But we should move quick. Chandler: Why? Rachel: Because I think I just heard her moving around in there.,fear,open_vocab,text + context + image,qwen-vl-plus,open_vocab:S0292:text_plus_context_plus_image,"{\n  ""free_emotions"": [""urgency"", ""anxiety""],\n  ""confidence"": 0.85,\n  ""reason"": ""Chandler's repeated 'Go!' and Rachel's mention of hearing movement suggest urgency and anxiety in the situation.""\n}",0.85,Chandler's repeated 'Go!' and Rachel's mention of hearing movement suggest urgency and anxiety in the situation.,false,urgency|anxiety,urgency|anxiety,fear,hybrid_dictionary_plus_fallback,0.75,Dictionary majority vote over normalized emotion words.,true
S0294,992,2,Monica,How's it going?,"All: Hey, Pheebs. Phoebe: Hey.",neutral,open_vocab,text + context + image,qwen-vl-plus,open_vocab:S0294:text_plus_context_plus_image,"{\n  ""free_emotions"": [""curious"", ""friendly""],\n  ""confidence"": 0.85,\n  ""reason"": ""Monica's question 'How's it going?' and her attentive posture suggest a friendly and inquisitive tone.""\n}",0.85,Monica's question 'How's it going?' and her attentive posture suggest a friendly and inquisitive tone.,false,curious|friendly,curious|friendly,neutral,heuristic_llm_fallback,0.55,"Unresolved words: curious, friendly; used text-level fallback.",true
S0293,99,9,Chandler,"Noo!  Oh, its okay, its okay, baby, baby, baby.","Chandler: Well, the movie was great, dinner was great, and theres nothing like a cool, crisp New York evening. Joey: Wait. Give him a minute. Chandler: Thats me! Come on!",fear,open_vocab,text + context + image,qwen-vl-plus,open_vocab:S0293:text_plus_context_plus_image,"{\n  ""free_emotions"": [""reassuring"", ""concerned""],\n  ""confidence"": 0.85,\n  ""reason"": ""Chandler's tone and words ('it's okay, baby') suggest he is trying to comfort someone, likely Joey, who may be upset or in distress.""\n}",0.85,"Chandler's tone and words ('it's okay, baby') suggest he is trying to comfort someone, likely Joey, who may be upset or in distress.",false,reassuring|concerned,reassuring|concerned,joy,heuristic_llm_fallback,0.55,"Unresolved words: reassuring, concerned; used text-level fallback.",false
S0295,992,8,Rachel,We hate that guy.,"Monica: Nothing, um, it's just, um... It's Roger. Ross: I dunno, there's just something about... Chandler: Basically we just feel that he's...",disgust,open_vocab,text + context + image,qwen-vl-plus,open_vocab:S0295:text_plus_context_plus_image,"{\n  ""free_emotions"": [""disgust"", ""annoyance""],\n  ""confidence"": 0.85,\n  ""reason"": ""Rachel's facial expression and body language, including her open mouth and hand gesture, suggest strong negative emotions towards someone, likely Roger, as mentioned in the conversation context.""\n}",0.85,"Rachel's facial expression and body language, including her open mouth and hand gesture, suggest strong negative emotions towards someone, likely Roger, as mentioned in the conversation context.",false,disgust|annoyance,disgust|annoyance,neutral,default_neutral,0.4,No mappable emotion words found.,false
S0296,992,9,All,Yeah. Hate him.,"Ross: I dunno, there's just something about... Chandler: Basically we just feel that he's... Rachel: We hate that guy.",disgust,open_vocab,text + context + image,qwen-vl-plus,open_vocab:S0296:text_plus_context_plus_image,"{\n  ""free_emotions"": [""dislike"", ""annoyance""],\n  ""confidence"": 0.85,\n  ""reason"": ""The speaker's statement 'Yeah. Hate him.' combined with the context of the group expressing dislike for someone indicates strong negative emotions.""\n}",0.85,The speaker's statement 'Yeah. Hate him.' combined with the context of the group expressing dislike for someone indicates strong negative emotions.,false,dislike|annoyance,dislike|annoyance,anger,hybrid_dictionary_plus_fallback,0.75,Dictionary majority vote over normalized emotion words.,false
S0297,996,3,Ross,"Emily, do you think Monica realises how much our parents spent on this wedding?","Ross: She said what? Emily: She said, ""If Im not gonna be happy getting married somewhere that we find in a day, well then we should just postpone it."" Ross: Postpone it?",anger,open_vocab,text + context + image,qwen-vl-plus,open_vocab:S0297:text_plus_context_plus_image,"{\n  ""free_emotions"": [""concern"", ""curiosity""],\n  ""confidence"": 0.85,\n  ""reason"": ""Ross appears to be questioning Emily about Monica's awareness of the wedding expenses, indicating concern and curiosity about the situation.""\n\n  ,\n  ""free_emotions"": [""concern"", ""curiosity""],\n  ""confidence"": 0.85,\n  ""reason"": ""Ross appears to be questioning Emily about Monica's awareness of the wedding expenses, indicating concern and curiosity about the situation.""\n  \n  ,\n  ""free_emotions"": [""concern"", ""curiosity""],\n  ""confidence"": 0.85,\n  ""reason"": ""Ross appears to be questioning Emily about Monica's awareness of the wedding expenses, indicating concern and curiosity about the situation.""\n  \n  ,\n  ""free_emotions"": [""concern"", ""curiosity""],\n  ""confidence"": 0.85,\n  ""reason"": ""Ross appears to be questioning Emily about Monica's awareness of the wedding expenses, indicating concern and curiosity about the situation.""\n  \n  ,\n  ""free_emotions"": [""concern"", ""curiosity""],\n  ""confidence"": 0.85,\n  ""reason"": ""Ross appears to be questioning Emily about Monica's awareness of the wedding expenses, indicating concern and curiosity about the situation.""\n  \n  ,\n  ""free_emotions"": [""concern"", ""curiosity""],\n  ""confidence"": 0.85,\n  ""reason"": ""Ross appears to be questioning Emily about Monica's awareness of the wedding expenses, indicating concern and curiosity about the situation.""\n  \n  ,\n  ""free_emotions"": [""concern"", ""curiosity""],\n  ""confidence"": 0.85,\n  ""reason"": ""Ross appears to be questioning Emily about Monica",,,false,,,neutral,default_neutral,0.4,No mappable emotion words found.,false
S0298,996,4,Ross,"Do you my sisters teeny-tiny little brain comprehends that people took time out of their lives to fly thousands of miles to be here, huh?","Emily: She said, ""If Im not gonna be happy getting married somewhere that we find in a day, well then we should just postpone it."" Ross: Postpone it? Ross: Emily, do you think Monica realises how much our parents spent on this wedding?",anger,open_vocab,text + context + image,qwen-vl-plus,open_vocab:S0298:text_plus_context_plus_image,"{\n  ""free_emotions"": [""frustration"", ""exasperation""],\n  ""confidence"": 0.9,\n  ""reason"": ""Ross's tone and body language in the image suggest he is expressing frustration and exasperation, likely due to Emily's comments about postponing the wedding.""\n}",0.9,"Ross's tone and body language in the image suggest he is expressing frustration and exasperation, likely due to Emily's comments about postponing the wedding.",false,frustration|exasperation,frustration|exasperation,joy,heuristic_llm_fallback,0.55,"Unresolved words: frustration, exasperation; used text-level fallback.",false
S0300,997,7,Monica,"Oh please, he didnt hear it! He didnt hear it!!","The Museum Official: Hi, this is Heldi from the Morgan Chase museum. Im calling for Monica Geller. Monica: Oh no! The Museum Official: I want to let her know that there was a cancellation and if shes still interested in having the Bing-Geller wedding at our facility, it is available",fear,open_vocab,text + context + image,qwen-vl-plus,open_vocab:S0300:text_plus_context_plus_image,"{\n  ""free_emotions"": [""frustration"", ""relief""],\n  ""confidence"": 0.85,\n  ""reason"": ""Monica's emphatic tone and body language suggest frustration over a misunderstanding, while her relief is evident upon learning the cancellation.""\n}",0.85,"Monica's emphatic tone and body language suggest frustration over a misunderstanding, while her relief is evident upon learning the cancellation.",false,frustration|relief,frustration|relief,neutral,heuristic_llm_fallback,0.55,"Unresolved words: frustration, relief; used text-level fallback.",false
S0299,996,9,Emily,We have no choice!,"Emily: I realize that people are going to be disappointed. But, Im sure theyll come back when we can do it right. Ross: I cant ask people to do that? Would you ask people to do that? Emily: Dont you point your pants at me!",anger,open_vocab,text + context + image,qwen-vl-plus,open_vocab:S0299:text_plus_context_plus_image,"{\n  ""free_emotions"": [""determination"", ""frustration""],\n  ""confidence"": 0.85,\n  ""reason"": ""Emily's statement 'We have no choice!' indicates a strong sense of determination, while her earlier exchange with Ross suggests underlying frustration.""\n}",0.85,"Emily's statement 'We have no choice!' indicates a strong sense of determination, while her earlier exchange with Ross suggests underlying frustration.",false,determination|frustration,determination|frustration,neutral,heuristic_llm_fallback,0.55,"Unresolved words: determination, frustration; used text-level fallback.",false
