sample_id,dialogue_id,utterance_id,speaker,utterance,context,gold_label,video_path,frame_paths,source_split,is_demo
S0001,1,1,Joey,Push!,"Ross: Or! Or, we could go to the bank, close our accounts and cut them off at the source. Joey: Come on, Lydia, you can do it. Joey: But then who? The waitress I went out with last month?",joy,/home/asterich/code/python/emotional_computing_lab/data/raw/MELD.Raw/output_repeated_splits_test/dia1_utt1.mp4,frames/extracted_frames/S0001/frame_000004.jpg|frames/extracted_frames/S0001/frame_000008.jpg|frames/extracted_frames/S0001/frame_000012.jpg,test,false
S0002,100,0,Monica,Okay. Its Emma.,,neutral,/home/asterich/code/python/emotional_computing_lab/data/raw/MELD.Raw/dev_splits_complete/dia100_utt0.mp4,frames/extracted_frames/S0002/frame_000015.jpg|frames/extracted_frames/S0002/frame_000030.jpg|frames/extracted_frames/S0002/frame_000045.jpg,dev,false
S0003,100,14,Phoebe,Why are there only two of you?,"Phoebe: All right. Phoebe: Well, thats just the way that goes. Phoebe: Okay, good.",fear,/home/asterich/code/python/emotional_computing_lab/data/raw/MELD.Raw/output_repeated_splits_test/dia100_utt14.mp4,frames/extracted_frames/S0003/frame_000011.jpg|frames/extracted_frames/S0003/frame_000023.jpg|frames/extracted_frames/S0003/frame_000034.jpg,test,false
S0004,1011,5,Rachel,"Well, its about time.","Ross: Hey! Chandler: Hi! Bye! Ross: Okay, Im done with my choices, these are final.",anger,/home/asterich/code/python/emotional_computing_lab/data/raw/MELD.Raw/train_splits/dia1011_utt5.mp4,frames/extracted_frames/S0004/frame_000009.jpg|frames/extracted_frames/S0004/frame_000019.jpg|frames/extracted_frames/S0004/frame_000029.jpg,train,false
S0005,1012,5,Phoebe,Shh!,"Dr. Oberman: Umm, I'm actually a first year resident, but I get that a lot, you see, I-I graduated early Phoebe: Uh-huh, me too. Ross, maybe I should've specified that I'd be needing a grown up doctor. Dr. Oberman: Oh no, I'm fully qualified to",anger,/home/asterich/code/python/emotional_computing_lab/data/raw/MELD.Raw/train_splits/dia1012_utt5.mp4,frames/extracted_frames/S0005/frame_000002.jpg|frames/extracted_frames/S0005/frame_000005.jpg|frames/extracted_frames/S0005/frame_000008.jpg,train,false
S0006,1016,2,Ross,"I mean its pretty unbelievable y'know, I mean they just took off, took off without even looking back.",Ross: ....right? Ross: Right?,anger,/home/asterich/code/python/emotional_computing_lab/data/raw/MELD.Raw/train_splits/dia1016_utt2.mp4,frames/extracted_frames/S0006/frame_000038.jpg|frames/extracted_frames/S0006/frame_000076.jpg|frames/extracted_frames/S0006/frame_000114.jpg,train,false
S0007,1016,9,Phoebe,I ate a bug.,"Carol: No. But its okay, Ill just put out pickles or something. Phoebe: Ross, thank God. Ross: Pheebs? What, why are you whispering?",disgust,/home/asterich/code/python/emotional_computing_lab/data/raw/MELD.Raw/train_splits/dia1016_utt9.mp4,frames/extracted_frames/S0007/frame_000011.jpg|frames/extracted_frames/S0007/frame_000023.jpg|frames/extracted_frames/S0007/frame_000034.jpg,train,false
S0008,1016,20,Carol,"Look, I-I-I am sorry that Rachel dumped you cause she fell in love with that Mark guy, and you are the innocent victim in all of this, but dont punish your friends for what Rachel did to you.","Carol: Listen, we both know youre gonna do it cause youre not a jerk. Carol: So you can either sulk here for a half hour and then go pick them up, or save us both time and sulk in the car. Ross: No, Rachel doesnt want me to....",neutral,/home/asterich/code/python/emotional_computing_lab/data/raw/MELD.Raw/train_splits/dia1016_utt20.mp4,frames/extracted_frames/S0008/frame_000047.jpg|frames/extracted_frames/S0008/frame_000095.jpg|frames/extracted_frames/S0008/frame_000143.jpg,train,false
S0009,102,4,Rachel,"Ohh, well, this is just perfect!","Rachel: How could you not tell me that she has hair? Dr. Rhodes: He's good with rear things, bring him in too. Phoebe: I dont know, I hardly ever say that about people.",anger,/home/asterich/code/python/emotional_computing_lab/data/raw/MELD.Raw/output_repeated_splits_test/dia102_utt4.mp4,frames/extracted_frames/S0009/frame_000011.jpg|frames/extracted_frames/S0009/frame_000022.jpg|frames/extracted_frames/S0009/frame_000033.jpg,test,false
S0010,1022,16,Rachel,"Its just a healthy expression of female sexuality, which by the way, you will never understand.","Joey: Okay, look Im sorry, I went in there to take a nap and I know I shouldnt have, but you got porn! Rachel: Hey-hey, yknow what? Rachel: Theres nothing wrong with a woman enjoying a littleerotica.",anger,/home/asterich/code/python/emotional_computing_lab/data/raw/MELD.Raw/train_splits/dia1022_utt16.mp4,frames/extracted_frames/S0010/frame_000048.jpg|frames/extracted_frames/S0010/frame_000096.jpg|frames/extracted_frames/S0010/frame_000144.jpg,train,false
S0011,1025,0,Monica,"Dad, please dont pick your teeth out here!",,disgust,/home/asterich/code/python/emotional_computing_lab/data/raw/MELD.Raw/train_splits/dia1025_utt0.mp4,frames/extracted_frames/S0011/frame_000015.jpg|frames/extracted_frames/S0011/frame_000031.jpg|frames/extracted_frames/S0011/frame_000046.jpg,train,false
S0012,1038,12,Joey,It made me nuts.,"Joey: Hold it, hold it. Joey: I gotta side with Chandler on this one. Joey: When I first moved to the city, I went out a couple of times with this girl, really hot, great kisser, but she had the biggest Adam's apple.",disgust,/home/asterich/code/python/emotional_computing_lab/data/raw/MELD.Raw/train_splits/dia1038_utt12.mp4,frames/extracted_frames/S0012/frame_000006.jpg|frames/extracted_frames/S0012/frame_000013.jpg|frames/extracted_frames/S0012/frame_000020.jpg,train,false
S0013,108,6,Monica,"Oh! Ohhhhh! Oh! Phoebe, come here. Aw, this is my new bed. You gotta feel this bad boy.",Phoebe: Ow! Phoebe: Hi. Y'know in England this car would be on the other side of the store.  Woo! Chandler: What problem did you tell him you had?,joy,/home/asterich/code/python/emotional_computing_lab/data/raw/MELD.Raw/output_repeated_splits_test/dia108_utt6.mp4,frames/extracted_frames/S0013/frame_000063.jpg|frames/extracted_frames/S0013/frame_000126.jpg|frames/extracted_frames/S0013/frame_000189.jpg,test,false
S0014,111,8,Mrs. Bing,"I'm sorry, honey, I promise it will never happen again.","Chandler: There huhhmm, there-there was an incident. Mrs. Bing: And I don't even know how it happened. Joey: Dont worry about that man, that happens.",sadness,/home/asterich/code/python/emotional_computing_lab/data/raw/MELD.Raw/output_repeated_splits_test/dia111_utt8.mp4,frames/extracted_frames/S0014/frame_000023.jpg|frames/extracted_frames/S0014/frame_000046.jpg|frames/extracted_frames/S0014/frame_000069.jpg,test,false
S0015,113,4,Monica,No-no! Don't do it! Don't!,"Monica: Just let me finish, okay? Chandler: All right, let me in. Ross: Alright?",fear,/home/asterich/code/python/emotional_computing_lab/data/raw/MELD.Raw/output_repeated_splits_test/dia113_utt4.mp4,frames/extracted_frames/S0015/frame_000010.jpg|frames/extracted_frames/S0015/frame_000021.jpg|frames/extracted_frames/S0015/frame_000032.jpg,test,false
S0016,115,3,Ross,Shielding your face and shrieking like a girl... is not a backhand.,"Monica: Yeah, I talked to you on the phone, Im the lady that got stuck with the racecar bed. Chandler: Excuse me little one, I have a very solid backhand. Jester: Look, its like I told you, theres nothing I can do. You signed for it, Monica Velula Geller.",disgust,/home/asterich/code/python/emotional_computing_lab/data/raw/MELD.Raw/output_repeated_splits_test/dia115_utt3.mp4,frames/extracted_frames/S0016/frame_000032.jpg|frames/extracted_frames/S0016/frame_000065.jpg|frames/extracted_frames/S0016/frame_000098.jpg,test,false
S0017,122,1,Monica,"You gotta help me out here, you gotta set me up, you gotta get me back in the game.","Chandler: I never sucked, I actually didn't want you to know how good I was! Monica: And y'know what, I just realised, in the last year Ive only gone out with two guys, Richard and Julio.",fear,/home/asterich/code/python/emotional_computing_lab/data/raw/MELD.Raw/train_splits/dia122_utt1.mp4,frames/extracted_frames/S0017/frame_000021.jpg|frames/extracted_frames/S0017/frame_000043.jpg|frames/extracted_frames/S0017/frame_000065.jpg,train,false
S0018,123,15,Phoebe,Okay. But the question is whos gonna go first. Cause whoever goes second is the bitch.,"Monica: Okay well then, Ill fire him today and you go out with him for another week. Phoebe: Are you kidding?! Another week with that sip, Ill kill Monica: Okay well, then well both do it today and hell just have to deal with it!",sadness,/home/asterich/code/python/emotional_computing_lab/data/raw/MELD.Raw/output_repeated_splits_test/dia123_utt15.mp4,frames/extracted_frames/S0018/frame_000029.jpg|frames/extracted_frames/S0018/frame_000059.jpg|frames/extracted_frames/S0018/frame_000088.jpg,test,false
S0019,124,3,Chandler,"So, rocks.","Chandler: Okay, what is in here? Rocks? Janice: Oh, my Bing-a-ling. Ill wait for you. Do you even know how long youre going to be gone? Ross: No-no, this is my collection of fossil samples.",disgust,/home/asterich/code/python/emotional_computing_lab/data/raw/MELD.Raw/train_splits/dia124_utt3.mp4,frames/extracted_frames/S0019/frame_000010.jpg|frames/extracted_frames/S0019/frame_000020.jpg|frames/extracted_frames/S0019/frame_000030.jpg,train,false
S0020,124,5,Joey,"Ohh. Hey, remember when I ran into this thing  and it kinda knocked me out a little?","Chandler: So, rocks. Janice: Oh. Well, Ill right you everyday.  15 Yemen Road, Yemen. Ross: I'm really gonna miss this apartment. Y'know, Ben-Ben took his first steps right over there.",joy,/home/asterich/code/python/emotional_computing_lab/data/raw/MELD.Raw/train_splits/dia124_utt5.mp4,frames/extracted_frames/S0020/frame_000021.jpg|frames/extracted_frames/S0020/frame_000043.jpg|frames/extracted_frames/S0020/frame_000065.jpg,train,false
S0021,125,17,Joey,Were not even shootin them anymore?!!,"Joey: Like theyre taking it off the air? Joey: Ohh. Joey: All right, see you Monday.",surprise,/home/asterich/code/python/emotional_computing_lab/data/raw/MELD.Raw/output_repeated_splits_test/dia125_utt17.mp4,frames/extracted_frames/S0021/frame_000012.jpg|frames/extracted_frames/S0021/frame_000025.jpg|frames/extracted_frames/S0021/frame_000037.jpg,test,false
S0022,127,4,Chandler,"Youre going to a clinic, and a pyjama store!","Chandler: No, no-n-n-n-no!! Ross: Perhaps. Now Im curious, at what point during those girlish screams would you have begun to Chandler: You are going to a clinic!",disgust,/home/asterich/code/python/emotional_computing_lab/data/raw/MELD.Raw/train_splits/dia127_utt4.mp4,frames/extracted_frames/S0022/frame_000066.jpg|frames/extracted_frames/S0022/frame_000133.jpg|frames/extracted_frames/S0022/frame_000199.jpg,train,false
S0023,130,10,Emily,I dont think Id be comfortable with any of my old lovers there.,"Rachel: How would you feel about taking out my assistant Tag? Ill pay. Ross: Yeah? Joey: Huh, Rach I got to say its gonna take a lot of money for me to go out on a date with a dude.",sadness,/home/asterich/code/python/emotional_computing_lab/data/raw/MELD.Raw/output_repeated_splits_test/dia130_utt10.mp4,frames/extracted_frames/S0023/frame_000028.jpg|frames/extracted_frames/S0023/frame_000056.jpg|frames/extracted_frames/S0023/frame_000084.jpg,test,false
S0024,130,11,Ross,"Wait-wait-wait, do you, do you think, maybe we shouldnt invite her?","Joey: Huh, Rach I got to say its gonna take a lot of money for me to go out on a date with a dude. Emily: I dont think Id be comfortable with any of my old lovers there. Rachel: Im not asking you to go on a",fear,/home/asterich/code/python/emotional_computing_lab/data/raw/MELD.Raw/output_repeated_splits_test/dia130_utt11.mp4,frames/extracted_frames/S0024/frame_000016.jpg|frames/extracted_frames/S0024/frame_000032.jpg|frames/extracted_frames/S0024/frame_000048.jpg,test,false
S0025,138,1,Ross,Who cares? I repel women.,"Chandler: Okay, is this lamp in the same place? Rachel: Okay, I have to tell you something that I have never admitted during our entire friendship!",disgust,/home/asterich/code/python/emotional_computing_lab/data/raw/MELD.Raw/output_repeated_splits_test/dia138_utt1.mp4,frames/extracted_frames/S0025/frame_000015.jpg|frames/extracted_frames/S0025/frame_000031.jpg|frames/extracted_frames/S0025/frame_000047.jpg,test,false
S0026,139,3,Ross,Hi Jill!,"A Female Student: Yeah, what's up with that girl Monica? Jill: Me too. Phoebe: I don't know! I didn't come with her!",joy,/home/asterich/code/python/emotional_computing_lab/data/raw/MELD.Raw/output_repeated_splits_test/dia139_utt3.mp4,frames/extracted_frames/S0026/frame_000006.jpg|frames/extracted_frames/S0026/frame_000012.jpg|frames/extracted_frames/S0026/frame_000018.jpg,test,false
S0027,145,8,Phoebe,Oh my God!  Go away!  Stop looking in here!,"Chandler: I might have some kind of life, like I haven't been sitting around here honing for the past few hours. Chandler: Man to uh, me. Monica: Look look! He's doing it again, the guy with the telescope!",anger,/home/asterich/code/python/emotional_computing_lab/data/raw/MELD.Raw/train_splits/dia145_utt8.mp4,frames/extracted_frames/S0027/frame_000043.jpg|frames/extracted_frames/S0027/frame_000086.jpg|frames/extracted_frames/S0027/frame_000129.jpg,train,false
S0028,147,2,Joey,"Uh, it's 2:30 in the morning!","Ross: Ok, bye.  Well, Monica's not coming, it's just gonna be me and Rachel. Monica: Where are you guys going? Come on, one more game! Chandler: Oh. Well, hold on camper, are you sure you've thought this thing through?",sadness,/home/asterich/code/python/emotional_computing_lab/data/raw/MELD.Raw/output_repeated_splits_test/dia147_utt2.mp4,frames/extracted_frames/S0028/frame_000019.jpg|frames/extracted_frames/S0028/frame_000039.jpg|frames/extracted_frames/S0028/frame_000058.jpg,test,false
S0029,15,3,Charlie,"Uh, well... Joey and I broke up.","Rachel: Are you seriousReally?! Its in such good condition. Phoebe: Okay! Ross: Yes, please!  So, what's going on?",sadness,/home/asterich/code/python/emotional_computing_lab/data/raw/MELD.Raw/train_splits/dia15_utt3.mp4,frames/extracted_frames/S0029/frame_000021.jpg|frames/extracted_frames/S0029/frame_000043.jpg|frames/extracted_frames/S0029/frame_000065.jpg,train,false
S0030,15,15,Professore Clerk,Or we could throw you both in,"Paleontologist: Ok Geller. Last day of the conference, you know what happens to the keynote speaker. Ross: Oh, professor Clerk we're kind of in the middle of a conversation, here. Charlie: Yeah, can you guys just throw him in the pool later?",joy,/home/asterich/code/python/emotional_computing_lab/data/raw/MELD.Raw/train_splits/dia15_utt15.mp4,frames/extracted_frames/S0030/frame_000012.jpg|frames/extracted_frames/S0030/frame_000025.jpg|frames/extracted_frames/S0030/frame_000038.jpg,train,false
S0031,151,1,Ross,"Yes, exactly!","Phoebe: Oh, ew! Rachel: Okay! So, well just stay married.",joy,/home/asterich/code/python/emotional_computing_lab/data/raw/MELD.Raw/train_splits/dia151_utt1.mp4,frames/extracted_frames/S0031/frame_000007.jpg|frames/extracted_frames/S0031/frame_000015.jpg|frames/extracted_frames/S0031/frame_000023.jpg,train,false
S0032,151,8,Ross,Really?,"Ross: Wow! This is so amazing. I uh, I really thought Id have to talk you into this more. Rachel: What-wh-what so well just stay married forever?! Ross: Okay, look, how is this gonna affect you?",anger,/home/asterich/code/python/emotional_computing_lab/data/raw/MELD.Raw/train_splits/dia151_utt8.mp4,frames/extracted_frames/S0032/frame_000012.jpg|frames/extracted_frames/S0032/frame_000024.jpg|frames/extracted_frames/S0032/frame_000036.jpg,train,false
S0033,158,3,Ross,No!,"Joey: It can’t be me, I’m standing right here. Joanna: Why?! Why?! He said hed call. Why hasnt he called? Mr. Geller: Wanna peek?",disgust,/home/asterich/code/python/emotional_computing_lab/data/raw/MELD.Raw/train_splits/dia158_utt3.mp4,frames/extracted_frames/S0033/frame_000005.jpg|frames/extracted_frames/S0033/frame_000010.jpg|frames/extracted_frames/S0033/frame_000015.jpg,train,false
S0034,159,2,Joanna,Yknow how people just click?,"Joanna: Chandler is fantastic!! Joanna: Because if you feel uncomfortable with your friend dating someone you work for, there are always ways to fix...that. Rachel: What?!",joy,/home/asterich/code/python/emotional_computing_lab/data/raw/MELD.Raw/train_splits/dia159_utt2.mp4,frames/extracted_frames/S0034/frame_000004.jpg|frames/extracted_frames/S0034/frame_000009.jpg|frames/extracted_frames/S0034/frame_000013.jpg,train,false
S0035,159,3,Joanna,"Like he came by to pick me up, and I opened the door, and it was just like, click!","Joanna: Because if you feel uncomfortable with your friend dating someone you work for, there are always ways to fix...that. Rachel: What?! Joanna: Yknow how people just click?",joy,/home/asterich/code/python/emotional_computing_lab/data/raw/MELD.Raw/train_splits/dia159_utt3.mp4,frames/extracted_frames/S0035/frame_000025.jpg|frames/extracted_frames/S0035/frame_000051.jpg|frames/extracted_frames/S0035/frame_000077.jpg,train,false
S0036,160,9,Joey,I did not cry my eyes out!!,"Rachel: I can get a quick bite to eat, but then I have to come back up here. Joey: Hey! Ross: Come on sweetie! You?ve had to work late every night for the past two weeks, what is it this time?",anger,/home/asterich/code/python/emotional_computing_lab/data/raw/MELD.Raw/output_repeated_splits_test/dia160_utt9.mp4,frames/extracted_frames/S0036/frame_000019.jpg|frames/extracted_frames/S0036/frame_000039.jpg|frames/extracted_frames/S0036/frame_000059.jpg,test,false
S0037,17,6,Rachel,"Oh yeah well, you know me, babies, responsibilities, ahhh!!!","Rachel: Oh boy, I just can't watch. It's too scary! Janice: Wait! Wait! I wanna see this. After I divorce him, half of that kingdom is gonna be mine. Monica: It's a diaper commercial.",fear,/home/asterich/code/python/emotional_computing_lab/data/raw/MELD.Raw/train_splits/dia17_utt6.mp4,frames/extracted_frames/S0037/frame_000017.jpg|frames/extracted_frames/S0037/frame_000035.jpg|frames/extracted_frames/S0037/frame_000052.jpg,train,false
S0038,170,3,Phoebe,I wanna see whats in your hand. I wanna see the trash.,"Joey: You said, you wanna come in for some lemonade? Monica: Why do you want to see my hand? Monica: So?!",disgust,/home/asterich/code/python/emotional_computing_lab/data/raw/MELD.Raw/output_repeated_splits_test/dia170_utt3.mp4,frames/extracted_frames/S0038/frame_000016.jpg|frames/extracted_frames/S0038/frame_000033.jpg|frames/extracted_frames/S0038/frame_000050.jpg,test,false
S0039,170,4,Monica,Yeah huh!! Cover yourself up!,"Monica: So?! Phoebe: I wanna see whats in your hand. I wanna see the trash. Joey: Whoa, ah!! Were you just gonna give me some lemonade?",disgust,/home/asterich/code/python/emotional_computing_lab/data/raw/MELD.Raw/train_splits/dia170_utt4.mp4,frames/extracted_frames/S0039/frame_000006.jpg|frames/extracted_frames/S0039/frame_000013.jpg|frames/extracted_frames/S0039/frame_000019.jpg,train,false
S0040,170,4,Phoebe,"Eww! Oh, its all dirty. You should throw this out.","Monica: So?! Phoebe: I wanna see whats in your hand. I wanna see the trash. Joey: Whoa, ah!! Were you just gonna give me some lemonade?",disgust,/home/asterich/code/python/emotional_computing_lab/data/raw/MELD.Raw/output_repeated_splits_test/dia170_utt4.mp4,frames/extracted_frames/S0040/frame_000024.jpg|frames/extracted_frames/S0040/frame_000048.jpg|frames/extracted_frames/S0040/frame_000072.jpg,test,false
S0041,174,5,Rachel,"Hi! Oh, Im so glad you called.",Monica: Thank you!    You haven't said anything... Ross: Hi! Its me. 3rd Customer: Actually I do have one small complaint.,joy,/home/asterich/code/python/emotional_computing_lab/data/raw/MELD.Raw/output_repeated_splits_test/dia174_utt5.mp4,frames/extracted_frames/S0041/frame_000020.jpg|frames/extracted_frames/S0041/frame_000040.jpg|frames/extracted_frames/S0041/frame_000060.jpg,test,false
S0042,18,7,Phoebe,"Well for the regular guy, its bad, but Chandler, Oh dear God!",Joey: Okay! Monica: How bad is this? Joey: Uh-oh.,fear,/home/asterich/code/python/emotional_computing_lab/data/raw/MELD.Raw/dev_splits_complete/dia18_utt7.mp4,frames/extracted_frames/S0042/frame_000024.jpg|frames/extracted_frames/S0042/frame_000049.jpg|frames/extracted_frames/S0042/frame_000074.jpg,dev,false
S0043,182,7,Phoebe,Whoa!,"Rachel: No, but I was doing my thing and everything was going according to the plan! Phoebe: Thank you, I need that. Monica: Oh God, stop with the plan!",surprise,/home/asterich/code/python/emotional_computing_lab/data/raw/MELD.Raw/output_repeated_splits_test/dia182_utt7.mp4,frames/extracted_frames/S0043/frame_000006.jpg|frames/extracted_frames/S0043/frame_000013.jpg|frames/extracted_frames/S0043/frame_000020.jpg,test,false
S0044,183,17,Phoebe,"Oh, right, OK. Ole.","Duncan: I missed you.  I'm gonna get changed. Phoebe: OK. Duncan: Um, now. Phoebs.",neutral,/home/asterich/code/python/emotional_computing_lab/data/raw/MELD.Raw/train_splits/dia183_utt17.mp4,frames/extracted_frames/S0044/frame_000012.jpg|frames/extracted_frames/S0044/frame_000025.jpg|frames/extracted_frames/S0044/frame_000038.jpg,train,false
S0045,184,6,Monica,"Oh myThis is so embarrassing. Oh my God, Im never gonna get massaged again!",Rachel: Hey! Phoebe: I mean hi. Joey: What's happening?,fear,/home/asterich/code/python/emotional_computing_lab/data/raw/MELD.Raw/output_repeated_splits_test/dia184_utt6.mp4,frames/extracted_frames/S0045/frame_000021.jpg|frames/extracted_frames/S0045/frame_000043.jpg|frames/extracted_frames/S0045/frame_000065.jpg,test,false
S0046,185,5,Rachel,"We were walking by this antique store, and I saw this pin in the window, and I told him that it was just like one my grandmother had when I was a little girl.",Phoebe: Remembered what? Ross: Really?! Rachel: It was like months ago.,sadness,/home/asterich/code/python/emotional_computing_lab/data/raw/MELD.Raw/train_splits/dia185_utt5.mp4,frames/extracted_frames/S0046/frame_000044.jpg|frames/extracted_frames/S0046/frame_000088.jpg|frames/extracted_frames/S0046/frame_000132.jpg,train,false
S0047,185,12,Chandler,F-hah.... flennin....,"Monica: I can't believe he did this. Chandler: Come on, Ross? Remember back in college, when he fell in love with Carol and bought her that ridiculously expensive crystal duck? Rachel: What did you just say?",fear,/home/asterich/code/python/emotional_computing_lab/data/raw/MELD.Raw/train_splits/dia185_utt12.mp4,frames/extracted_frames/S0047/frame_000010.jpg|frames/extracted_frames/S0047/frame_000021.jpg|frames/extracted_frames/S0047/frame_000031.jpg,train,false
S0048,186,0,Gary,I really like waking up with you.,,joy,/home/asterich/code/python/emotional_computing_lab/data/raw/MELD.Raw/train_splits/dia186_utt0.mp4,frames/extracted_frames/S0048/frame_000009.jpg|frames/extracted_frames/S0048/frame_000019.jpg|frames/extracted_frames/S0048/frame_000028.jpg,train,false
S0049,19,13,Susan,Who am I?,Ross: Where does that leave me? Susan: You get to be the baby's father. Susan: Everyone knows who you are.,anger,/home/asterich/code/python/emotional_computing_lab/data/raw/MELD.Raw/dev_splits_complete/dia19_utt13.mp4,frames/extracted_frames/S0049/frame_000015.jpg|frames/extracted_frames/S0049/frame_000031.jpg|frames/extracted_frames/S0049/frame_000047.jpg,dev,false
S0050,190,3,Chandler,Okay.,"Phoebe: You guys make a Chandler: Thats a mailman! Thats Joey: Yeah, we look great together.",neutral,/home/asterich/code/python/emotional_computing_lab/data/raw/MELD.Raw/train_splits/dia190_utt3.mp4,frames/extracted_frames/S0050/frame_000008.jpg|frames/extracted_frames/S0050/frame_000017.jpg|frames/extracted_frames/S0050/frame_000026.jpg,train,false
S0051,195,6,Ross,Isabella Rosselini.,"Ross: Thank you. Monica: Of course not. Isabella: Um, coffee to go, please.",neutral,/home/asterich/code/python/emotional_computing_lab/data/raw/MELD.Raw/train_splits/dia195_utt6.mp4,frames/extracted_frames/S0051/frame_000009.jpg|frames/extracted_frames/S0051/frame_000018.jpg|frames/extracted_frames/S0051/frame_000027.jpg,train,false
S0052,195,11,Rachel,"Oh-oh, you lie.","Monica: Why? Cause otherwise youd go for it? Chandler: Oh well you're the best. You come here to me. Ross: Yeah, maybe.",disgust,/home/asterich/code/python/emotional_computing_lab/data/raw/MELD.Raw/train_splits/dia195_utt11.mp4,frames/extracted_frames/S0052/frame_000016.jpg|frames/extracted_frames/S0052/frame_000033.jpg|frames/extracted_frames/S0052/frame_000050.jpg,train,false
S0053,2,1,Estelle,Well! Well! Well! Joey Tribbiani! So you came back huh? They,"Joey: Hey Estelle, listen Ross: Okay. Chandler: Hey, Mon.",surprise,/home/asterich/code/python/emotional_computing_lab/data/raw/MELD.Raw/dev_splits_complete/dia2_utt1.mp4,frames/extracted_frames/S0053/frame_000047.jpg|frames/extracted_frames/S0053/frame_000095.jpg|frames/extracted_frames/S0053/frame_000143.jpg,dev,false
S0054,20,2,Phoebe,"Yay!! Oh so, youre not, youre not mad at us anymore?","Monica: Hi, how are you doing Kelly? Joey: It looks like a women's purse. Joey: Oh, unbelievable! We had the best time!",joy,/home/asterich/code/python/emotional_computing_lab/data/raw/MELD.Raw/train_splits/dia20_utt2.mp4,frames/extracted_frames/S0054/frame_000027.jpg|frames/extracted_frames/S0054/frame_000055.jpg|frames/extracted_frames/S0054/frame_000083.jpg,train,false
S0055,20,4,Rachel,"Oh, y'know Joey, you are sick!","Monica: It's my new perfume. Why don't you come closer where you can Joey: See look, Joey: No!",disgust,/home/asterich/code/python/emotional_computing_lab/data/raw/MELD.Raw/dev_splits_complete/dia20_utt4.mp4,frames/extracted_frames/S0055/frame_000014.jpg|frames/extracted_frames/S0055/frame_000029.jpg|frames/extracted_frames/S0055/frame_000043.jpg,dev,false
S0056,200,1,Joey,No! He blew us off!,"Joey: I dont get it! Ross: Hey! So uh, was he excited about the tickets?",anger,/home/asterich/code/python/emotional_computing_lab/data/raw/MELD.Raw/train_splits/dia200_utt1.mp4,frames/extracted_frames/S0056/frame_000010.jpg|frames/extracted_frames/S0056/frame_000021.jpg|frames/extracted_frames/S0056/frame_000032.jpg,train,false
S0057,201,3,Ross,"Look, I  Look, Im having a great time with you and I just dont want us to move to fast or put to much pressure on us.","Ross: Yeah, it kinda grows on you.  Actually, I wanted to finish talking to you about uh, spring vacation. Joey: Oh yeah! Elizabeth: Oh good.",fear,/home/asterich/code/python/emotional_computing_lab/data/raw/MELD.Raw/train_splits/dia201_utt3.mp4,frames/extracted_frames/S0057/frame_000087.jpg|frames/extracted_frames/S0057/frame_000174.jpg|frames/extracted_frames/S0057/frame_000261.jpg,train,false
S0058,201,4,Ross,"So, Im sorry I just dont think we should go away together yet.","Elizabeth: Oh good. Joey: I got in there myself once. Ross: Look, I  Look, Im having a great time with you and I just dont want us to move to fast or put to much pressure on us.",sadness,/home/asterich/code/python/emotional_computing_lab/data/raw/MELD.Raw/train_splits/dia201_utt4.mp4,frames/extracted_frames/S0058/frame_000018.jpg|frames/extracted_frames/S0058/frame_000036.jpg|frames/extracted_frames/S0058/frame_000054.jpg,train,false
S0059,205,3,Monica,Oh my God. You guys! You gotta come see this! There's some creep out there with a telescope!,"Rachel: So, um, will you bring the truck? Ross: I don't know, you don't wanna mess with corn nuts. They're craaazy. Fireman No. 3: I'll even let you ring the bell.",fear,/home/asterich/code/python/emotional_computing_lab/data/raw/MELD.Raw/output_repeated_splits_test/dia205_utt3.mp4,frames/extracted_frames/S0059/frame_000027.jpg|frames/extracted_frames/S0059/frame_000055.jpg|frames/extracted_frames/S0059/frame_000083.jpg,test,false
S0060,206,7,Ross,"I got it! Hey, you get to sleep with her, I get the cramps.","Carol: Ow, ow, ow, ow, leg cramp, leg cramp, leg cramp. Ross: I got it. Susan: I got it.",anger,/home/asterich/code/python/emotional_computing_lab/data/raw/MELD.Raw/train_splits/dia206_utt7.mp4,frames/extracted_frames/S0060/frame_000014.jpg|frames/extracted_frames/S0060/frame_000029.jpg|frames/extracted_frames/S0060/frame_000043.jpg,train,false
S0061,211,6,Mrs. Geller,You dont know how that happened?! Your dog thought my diaphragm was a chew toy!,"Joey: Whoa-whoa-whoa-whoa, I-IHey! I did The Dry Cleaner: Thats my wife!!! Get out! Mr. Geller: Well, Id gotten Judy pregnant. I still dont know how that happened.",disgust,/home/asterich/code/python/emotional_computing_lab/data/raw/MELD.Raw/train_splits/dia211_utt6.mp4,frames/extracted_frames/S0061/frame_000026.jpg|frames/extracted_frames/S0061/frame_000052.jpg|frames/extracted_frames/S0061/frame_000078.jpg,train,false
S0062,212,6,Janice,"On no! No! Its not good-bye, Im not leaving until you get on that plane.","Phoebe: Was it not pain-free? Chandler: Well, were really not that close.  Okay, so I guess this is uh, good-bye then. Monica: No. It was painful. Oh my God , they should call it Pain-zine, now with a little wax.",sadness,/home/asterich/code/python/emotional_computing_lab/data/raw/MELD.Raw/output_repeated_splits_test/dia212_utt6.mp4,frames/extracted_frames/S0062/frame_000018.jpg|frames/extracted_frames/S0062/frame_000036.jpg|frames/extracted_frames/S0062/frame_000054.jpg,test,false
S0063,215,7,David,I-I do though.,"Phoebe: Thats good. I got to admit, I thought it was something else. David: Yeah, I Well I really actually wanted to say umm, that, but um, I figured I probably shouldnt because yknow, Ihave to leave. Phoebe: Youre right! Youre right. Dont say it.",sadness,/home/asterich/code/python/emotional_computing_lab/data/raw/MELD.Raw/output_repeated_splits_test/dia215_utt7.mp4,frames/extracted_frames/S0063/frame_000007.jpg|frames/extracted_frames/S0063/frame_000015.jpg|frames/extracted_frames/S0063/frame_000023.jpg,test,false
S0064,217,1,Ross,Why are we in bed together?,Rachel: Ohhh! Joey: Whatever.,surprise,/home/asterich/code/python/emotional_computing_lab/data/raw/MELD.Raw/output_repeated_splits_test/dia217_utt1.mp4,frames/extracted_frames/S0064/frame_000008.jpg|frames/extracted_frames/S0064/frame_000017.jpg|frames/extracted_frames/S0064/frame_000026.jpg,test,false
S0065,219,4,Joey,"And it came out, ""Squatternut buash?""","Joey: Hey, I wasn't the only one who looked like an idiot. Joey: All right? Joey: Remember when Ross tried to say, ""Butternut squash?""",joy,/home/asterich/code/python/emotional_computing_lab/data/raw/MELD.Raw/train_splits/dia219_utt4.mp4,frames/extracted_frames/S0065/frame_000020.jpg|frames/extracted_frames/S0065/frame_000041.jpg|frames/extracted_frames/S0065/frame_000061.jpg,train,false
S0066,22,9,Monica,Chandler that's crazy!,"Monica: Why, exactly? Ross: My first time with Carol was... Chandler: Because of the weekend, we had a fight.",surprise,/home/asterich/code/python/emotional_computing_lab/data/raw/MELD.Raw/output_repeated_splits_test/dia22_utt9.mp4,frames/extracted_frames/S0066/frame_000015.jpg|frames/extracted_frames/S0066/frame_000030.jpg|frames/extracted_frames/S0066/frame_000045.jpg,test,false
S0067,222,5,Rachel,I got my hair coloured!,"Doug: Hi. So good news, the divorce is final. I signed the papers this A.M. Rachel: Ive been waiting for this for months! Chandler: I didnt know you and Carol were getting divorced, Im sorry.",joy,/home/asterich/code/python/emotional_computing_lab/data/raw/MELD.Raw/output_repeated_splits_test/dia222_utt5.mp4,frames/extracted_frames/S0067/frame_000010.jpg|frames/extracted_frames/S0067/frame_000020.jpg|frames/extracted_frames/S0067/frame_000030.jpg,test,false
S0068,226,18,Rachel,"Yeah, yeah, you go talk to your friend. You tell him, ""Nice try.""","Tom: I'm sorry? Rachel: No, it's all right, you can just drop the act Tommy. Tom: I'm gonna go talk to uh, a friend.",disgust,/home/asterich/code/python/emotional_computing_lab/data/raw/MELD.Raw/train_splits/dia226_utt18.mp4,frames/extracted_frames/S0068/frame_000030.jpg|frames/extracted_frames/S0068/frame_000061.jpg|frames/extracted_frames/S0068/frame_000091.jpg,train,false
S0069,228,1,Joey,"Look, Pheebs, I just, I wanna apologize for, for saying that your method was stupid and-and maybe ask you to be my teacher again.","Gunther: Remind me to review with you which pot is decaf and which is regular. Phoebe: No, I can't talk to you! I don't have a fancy ad in the Yellow Pages!",sadness,/home/asterich/code/python/emotional_computing_lab/data/raw/MELD.Raw/train_splits/dia228_utt1.mp4,frames/extracted_frames/S0069/frame_000078.jpg|frames/extracted_frames/S0069/frame_000156.jpg|frames/extracted_frames/S0069/frame_000234.jpg,train,false
S0070,23,2,Ross,"My marriage, I think my marriage is um, is kinda over.","Phoebe: Oh, its already closed, Chris gave me the keys to lock up-what is wrong? Danny: So you like the short hair better. Chandler: Okay! You dont think I thought of that?",sadness,/home/asterich/code/python/emotional_computing_lab/data/raw/MELD.Raw/dev_splits_complete/dia23_utt2.mp4,frames/extracted_frames/S0070/frame_000040.jpg|frames/extracted_frames/S0070/frame_000081.jpg|frames/extracted_frames/S0070/frame_000122.jpg,dev,false
S0071,231,1,Chandler,"See, yes.","Chandler: I know. Ross: Okay, thats a fire. Oh yeah. Oh yeah.",neutral,/home/asterich/code/python/emotional_computing_lab/data/raw/MELD.Raw/output_repeated_splits_test/dia231_utt1.mp4,frames/extracted_frames/S0071/frame_000012.jpg|frames/extracted_frames/S0071/frame_000025.jpg|frames/extracted_frames/S0071/frame_000038.jpg,test,false
S0072,232,7,Monica,I might've said that.  Why is that funny?,"Monica: Ok, hypothetically, why won't I be married when I'm 40? Chandler: Really?! That's what you heard?  You said that? Chandler: No, no, no.",neutral,/home/asterich/code/python/emotional_computing_lab/data/raw/MELD.Raw/output_repeated_splits_test/dia232_utt7.mp4,frames/extracted_frames/S0072/frame_000036.jpg|frames/extracted_frames/S0072/frame_000073.jpg|frames/extracted_frames/S0072/frame_000109.jpg,test,false
S0073,233,6,Phoebe,"We did have fun, didn't we?","Rachel: It wouldn't have mattered anyway, Phoebe, you and I are, are gonna live together, we're roommates; that's the deal. Phoebe: Yes, but I wanted you to want to live with me, but okay, if you're having so much fun over here Rachel: Oh, it's so much more fun with you.",joy,/home/asterich/code/python/emotional_computing_lab/data/raw/MELD.Raw/output_repeated_splits_test/dia233_utt6.mp4,frames/extracted_frames/S0073/frame_000006.jpg|frames/extracted_frames/S0073/frame_000013.jpg|frames/extracted_frames/S0073/frame_000019.jpg,test,false
S0074,234,6,Chandler,Stop making candy!,"Monica: Its unbelievable! I-I cant believe that sign didnt work! Tommy: You were gonna spill hot coffee all over me, huh?!! Chandler: Yknow what would work?",anger,/home/asterich/code/python/emotional_computing_lab/data/raw/MELD.Raw/train_splits/dia234_utt6.mp4,frames/extracted_frames/S0074/frame_000013.jpg|frames/extracted_frames/S0074/frame_000027.jpg|frames/extracted_frames/S0074/frame_000041.jpg,train,false
S0075,234,9,Monica,"Umm, going to the beach. When it stays light real late.",Tommy: Huh? Rachel: Whats your favourite thing about summertime? Chandler: You mean they like you.,neutral,/home/asterich/code/python/emotional_computing_lab/data/raw/MELD.Raw/output_repeated_splits_test/dia234_utt9.mp4,frames/extracted_frames/S0075/frame_000023.jpg|frames/extracted_frames/S0075/frame_000047.jpg|frames/extracted_frames/S0075/frame_000070.jpg,test,false
S0076,235,4,Monica,What? We could do it!,"Rachel: Uh, wait, so you guys are telling me you actually did the routine from eighth grade? Monica: Yeah. But of course we had to update it a little bit.  Hey, by the way, great thinking about catching me! Rachel: Cos I was gonna say theres no way you couldve done the end the way you guys did it back then!",surprise,/home/asterich/code/python/emotional_computing_lab/data/raw/MELD.Raw/train_splits/dia235_utt4.mp4,frames/extracted_frames/S0076/frame_000021.jpg|frames/extracted_frames/S0076/frame_000042.jpg|frames/extracted_frames/S0076/frame_000063.jpg,train,false
S0077,237,5,Chandler,"Eight and a half hours of aptitude tests, intelligence tests, personality tests... and what do I learn?","Monica: And y'know what, I get excited about stupid stuff, like when I my Rachel: My God! What happened to you? Julio: Whoa, whoa, whoa.",disgust,/home/asterich/code/python/emotional_computing_lab/data/raw/MELD.Raw/output_repeated_splits_test/dia237_utt5.mp4,frames/extracted_frames/S0077/frame_000045.jpg|frames/extracted_frames/S0077/frame_000090.jpg|frames/extracted_frames/S0077/frame_000135.jpg,test,false
S0078,241,13,Joey,"Why would you ruin it, who was that hurtin'?","Joey: Oh, ain't that nice? The three of you trying on slutty lingerie together. Woman: Really?! Rachel: That's not what we're gonna do!",disgust,/home/asterich/code/python/emotional_computing_lab/data/raw/MELD.Raw/train_splits/dia241_utt13.mp4,frames/extracted_frames/S0078/frame_000010.jpg|frames/extracted_frames/S0078/frame_000021.jpg|frames/extracted_frames/S0078/frame_000032.jpg,train,false
S0079,244,6,Chandler,"Well lets see, there was the guy with the ferrets, thats plural.","Rachel: What did, what did he say? Phoebe: Why, nobody good? Ross: Basically he told me to get over myself and just do it, ya know.",disgust,/home/asterich/code/python/emotional_computing_lab/data/raw/MELD.Raw/output_repeated_splits_test/dia244_utt6.mp4,frames/extracted_frames/S0079/frame_000051.jpg|frames/extracted_frames/S0079/frame_000103.jpg|frames/extracted_frames/S0079/frame_000155.jpg,test,false
S0080,250,0,Leslie,"Well, I y'know, I was just, umm, I was just thinking and hoping, that umm, maybe youd want to get back together?",,fear,/home/asterich/code/python/emotional_computing_lab/data/raw/MELD.Raw/output_repeated_splits_test/dia250_utt0.mp4,frames/extracted_frames/S0080/frame_000056.jpg|frames/extracted_frames/S0080/frame_000113.jpg|frames/extracted_frames/S0080/frame_000169.jpg,test,false
S0081,252,7,Ross,"Well I, I don't know. Why?","Ross: No-no, he's, he's very docile. Ross: Does it?! Dr. Baldhara: Even if he were... cornered?",neutral,/home/asterich/code/python/emotional_computing_lab/data/raw/MELD.Raw/train_splits/dia252_utt7.mp4,frames/extracted_frames/S0081/frame_000014.jpg|frames/extracted_frames/S0081/frame_000029.jpg|frames/extracted_frames/S0081/frame_000044.jpg,train,false
S0082,254,3,Ross,What are you doing? We're going to a hospital.,"Monica: No, no! Give it to me! Ross: Yeah, save it for the cab, okay. Phoebe: You can't have it.",surprise,/home/asterich/code/python/emotional_computing_lab/data/raw/MELD.Raw/output_repeated_splits_test/dia254_utt3.mp4,frames/extracted_frames/S0082/frame_000014.jpg|frames/extracted_frames/S0082/frame_000029.jpg|frames/extracted_frames/S0082/frame_000044.jpg,test,false
S0083,256,5,Ross,"Because with seahorses its the male, they carry the babies.","Rachel: You. Like you havent done enough. Ross: Look, I-I know how miserable you are, I wish there was something I can do. Ross: I mean I wish I were a seahorse.",neutral,/home/asterich/code/python/emotional_computing_lab/data/raw/MELD.Raw/train_splits/dia256_utt5.mp4,frames/extracted_frames/S0083/frame_000024.jpg|frames/extracted_frames/S0083/frame_000049.jpg|frames/extracted_frames/S0083/frame_000074.jpg,train,false
S0084,257,2,Rachel,I cant watch!,"Joey: All right, I know! I know. Yeah, itll be okay. Chandler: You know it? Rachel: Oh my God.Whats he gonna do now?",fear,/home/asterich/code/python/emotional_computing_lab/data/raw/MELD.Raw/train_splits/dia257_utt2.mp4,frames/extracted_frames/S0084/frame_000008.jpg|frames/extracted_frames/S0084/frame_000016.jpg|frames/extracted_frames/S0084/frame_000024.jpg,train,false
S0085,257,4,Rachel,"Seriously, how can you watch this?","Rachel: I cant watch! Chandler: Oh, sure, they love us over there. Rachel: Oh.",sadness,/home/asterich/code/python/emotional_computing_lab/data/raw/MELD.Raw/train_splits/dia257_utt4.mp4,frames/extracted_frames/S0085/frame_000019.jpg|frames/extracted_frames/S0085/frame_000038.jpg|frames/extracted_frames/S0085/frame_000057.jpg,train,false
S0086,260,3,Phoebe,"Yeah, she clamed she had to go out of town suddenly.","Phoebe: She cancelled! My namesake cancelled on me! Rachel: Even when I found outumm, all right, well let's just say I found something out something about someone and let's just say she's gonna keep it. Joey: What?!",sadness,/home/asterich/code/python/emotional_computing_lab/data/raw/MELD.Raw/train_splits/dia260_utt3.mp4,frames/extracted_frames/S0086/frame_000000.jpg|frames/extracted_frames/S0086/frame_000001.jpg,train,false
S0087,263,1,Monica,"Really?  My God, hes really cute.",Ross: Hi. Phoebe: Oh my God! That guy at the counter is totally checking you out!,surprise,/home/asterich/code/python/emotional_computing_lab/data/raw/MELD.Raw/train_splits/dia263_utt1.mp4,frames/extracted_frames/S0087/frame_000035.jpg|frames/extracted_frames/S0087/frame_000070.jpg|frames/extracted_frames/S0087/frame_000105.jpg,train,false
S0088,265,0,Ross,"But we haven't seen each other since then. Well I land in China, guess who's in charge of the dig.",,surprise,/home/asterich/code/python/emotional_computing_lab/data/raw/MELD.Raw/output_repeated_splits_test/dia265_utt0.mp4,frames/extracted_frames/S0088/frame_000040.jpg|frames/extracted_frames/S0088/frame_000080.jpg|frames/extracted_frames/S0088/frame_000120.jpg,test,false
S0089,267,9,Director,Have fun.,"Director: Aw come on Joey, it's easy. Director: Y'know, it's hand, hand, head, head,  up, pas de bouree, pas de bouree, big turn here, grand sissone, sissone, sissone, slide back, step, step, step, and jazz hands! Joey: It's ah, step-ity, step and jazz hands.",neutral,/home/asterich/code/python/emotional_computing_lab/data/raw/MELD.Raw/output_repeated_splits_test/dia267_utt9.mp4,frames/extracted_frames/S0089/frame_000012.jpg|frames/extracted_frames/S0089/frame_000024.jpg|frames/extracted_frames/S0089/frame_000036.jpg,test,false
S0090,27,6,Monica,"Phoebe, come on, you have to tell us.","Chandler: Why not? Phoebe: I cant say because hes famous. Rachel: Oh my God, who is it?!",anger,/home/asterich/code/python/emotional_computing_lab/data/raw/MELD.Raw/dev_splits_complete/dia27_utt6.mp4,frames/extracted_frames/S0090/frame_000012.jpg|frames/extracted_frames/S0090/frame_000025.jpg|frames/extracted_frames/S0090/frame_000038.jpg,dev,false
S0091,270,0,Ross,"Come here to me. No-no, you come here to me.",,neutral,/home/asterich/code/python/emotional_computing_lab/data/raw/MELD.Raw/train_splits/dia270_utt0.mp4,frames/extracted_frames/S0091/frame_000032.jpg|frames/extracted_frames/S0091/frame_000065.jpg|frames/extracted_frames/S0091/frame_000097.jpg,train,false
S0092,270,10,Ross,"Hey, hey, Yertle the Turtle. A classic.","Susan: Yes, I'm familiar with the concept. We can just look for it. Ross: Ok.  Wow, you guys sure have a lot of books about bein' a lesbian. Susan: Well, you know, you have to take a course. Otherwise, they don't let you do it.",joy,/home/asterich/code/python/emotional_computing_lab/data/raw/MELD.Raw/output_repeated_splits_test/dia270_utt10.mp4,frames/extracted_frames/S0092/frame_000023.jpg|frames/extracted_frames/S0092/frame_000046.jpg|frames/extracted_frames/S0092/frame_000069.jpg,test,false
S0093,272,0,Phoebe,"How could you pick up a hitchhiker?! He could be a rape, a rapist or a killer or something!",,fear,/home/asterich/code/python/emotional_computing_lab/data/raw/MELD.Raw/train_splits/dia272_utt0.mp4,frames/extracted_frames/S0093/frame_000041.jpg|frames/extracted_frames/S0093/frame_000083.jpg|frames/extracted_frames/S0093/frame_000124.jpg,train,false
S0094,272,3,Hitchhiker,No!,"Joey: Dont you think I asked him that before he got in?! Emily: And then the florist phoned to say there arent any tulips. Phoebe: Yknow what? Im not talking to you! You go back to sleep!  And you, are you a rapist?!",anger,/home/asterich/code/python/emotional_computing_lab/data/raw/MELD.Raw/train_splits/dia272_utt3.mp4,frames/extracted_frames/S0094/frame_000014.jpg|frames/extracted_frames/S0094/frame_000029.jpg|frames/extracted_frames/S0094/frame_000044.jpg,train,false
S0095,273,17,Ross,How rude.,"Chandler: Oh all right. Ross: Oh perfect, we were just gonna see if you wanted to go. Chandler: Oh well, we dont because we gottheother pl-place.",disgust,/home/asterich/code/python/emotional_computing_lab/data/raw/MELD.Raw/train_splits/dia273_utt17.mp4,frames/extracted_frames/S0095/frame_000013.jpg|frames/extracted_frames/S0095/frame_000026.jpg|frames/extracted_frames/S0095/frame_000039.jpg,train,false
S0096,275,10,Joey,"Oh no, no-no-no-no! I don't want to know!","Rachel: Okay. Okay. Okay. Joey, I have Joey: What-what is it, what is it? Rachel: Oh my God, it's so huge, but you just have to promise me that you cannot tell anyone.",fear,/home/asterich/code/python/emotional_computing_lab/data/raw/MELD.Raw/train_splits/dia275_utt10.mp4,frames/extracted_frames/S0096/frame_000020.jpg|frames/extracted_frames/S0096/frame_000040.jpg|frames/extracted_frames/S0096/frame_000060.jpg,train,false
S0097,275,14,Joey,And you're not supposed to be gossiping!!,"Rachel: Yes! Yes! Yes, you do want to know! This is unbelievable! Joey: I don't care, Rach! Look, I am tired of being the guy who knows all the secrets but can't tell anyone! Rachel: What? What secrets? You know secrets? What are they?",disgust,/home/asterich/code/python/emotional_computing_lab/data/raw/MELD.Raw/train_splits/dia275_utt14.mp4,frames/extracted_frames/S0097/frame_000010.jpg|frames/extracted_frames/S0097/frame_000020.jpg|frames/extracted_frames/S0097/frame_000030.jpg,train,false
S0098,278,0,Chandler,Someone on the subway licked my neck! Licked my neck!!,,disgust,/home/asterich/code/python/emotional_computing_lab/data/raw/MELD.Raw/output_repeated_splits_test/dia278_utt0.mp4,frames/extracted_frames/S0098/frame_000021.jpg|frames/extracted_frames/S0098/frame_000043.jpg|frames/extracted_frames/S0098/frame_000065.jpg,test,false
S0099,278,9,Monica,"Oh, heres a great one.","Joey: Tequila!! Chandler: I dont know what it is, I just cant take a good picture. Phoebe: That's fun.",joy,/home/asterich/code/python/emotional_computing_lab/data/raw/MELD.Raw/output_repeated_splits_test/dia278_utt9.mp4,frames/extracted_frames/S0099/frame_000009.jpg|frames/extracted_frames/S0099/frame_000018.jpg|frames/extracted_frames/S0099/frame_000027.jpg,test,false
S0100,28,1,Phoebe,"Oh, this life! Oh okay no, Chandler's is worse.","Ross: In Man: Oh uh, up or down? Ross: Please!",sadness,/home/asterich/code/python/emotional_computing_lab/data/raw/MELD.Raw/dev_splits_complete/dia28_utt1.mp4,frames/extracted_frames/S0100/frame_000017.jpg|frames/extracted_frames/S0100/frame_000034.jpg|frames/extracted_frames/S0100/frame_000051.jpg,dev,false
S0101,28,2,Joey,"Man, it must be so cool remembering stuff like that! I don't have any past life memories.","Phoebe: Oh, this life! Oh okay no, Chandler's is worse. Phoebe: Oh down please.  I-I hate to be a ball buster can I just do it? Ross: Are you kidding?",joy,/home/asterich/code/python/emotional_computing_lab/data/raw/MELD.Raw/dev_splits_complete/dia28_utt2.mp4,frames/extracted_frames/S0101/frame_000031.jpg|frames/extracted_frames/S0101/frame_000062.jpg|frames/extracted_frames/S0101/frame_000093.jpg,dev,false
S0102,287,6,Joey,"I know, butcome on, man, she's needy, she's vulnerable.","Joey: The only reason she's goin' out with me is because I said I could bring a friend for her friend. Chandler: Yes, I know, but her friend sounds like such a... Joey: Pathetic mess?",neutral,/home/asterich/code/python/emotional_computing_lab/data/raw/MELD.Raw/train_splits/dia287_utt6.mp4,frames/extracted_frames/S0102/frame_000018.jpg|frames/extracted_frames/S0102/frame_000036.jpg|frames/extracted_frames/S0102/frame_000054.jpg,train,false
S0103,29,6,Chandler,"Look, we have enough, just walk away.",Monica: What?  Why? Rachel: No. Ross: There's something new in the bowl.,fear,/home/asterich/code/python/emotional_computing_lab/data/raw/MELD.Raw/output_repeated_splits_test/dia29_utt6.mp4,frames/extracted_frames/S0103/frame_000029.jpg|frames/extracted_frames/S0103/frame_000058.jpg|frames/extracted_frames/S0103/frame_000087.jpg,test,false
S0104,291,0,Phoebe,"No look, I-Im sure that people know you exist!",,sadness,/home/asterich/code/python/emotional_computing_lab/data/raw/MELD.Raw/train_splits/dia291_utt0.mp4,frames/extracted_frames/S0104/frame_000032.jpg|frames/extracted_frames/S0104/frame_000064.jpg|frames/extracted_frames/S0104/frame_000096.jpg,train,false
S0105,295,13,Joey,"Well, she graduated from high school!","Phoebe: ThatIts not the same thing! This is Joey: Okay, well my girl from the other night was special. She was a scientist too! Phoebe: She was?",anger,/home/asterich/code/python/emotional_computing_lab/data/raw/MELD.Raw/train_splits/dia295_utt13.mp4,frames/extracted_frames/S0105/frame_000015.jpg|frames/extracted_frames/S0105/frame_000031.jpg|frames/extracted_frames/S0105/frame_000047.jpg,train,false
S0106,30,4,Paul,"So Ross, what your problem?","Phoebe: Dont worry about me, Im a robot! Im just a machine!! Janice: Oh,  I wish. No, you know he was just trying Ross's Hug and Roll thing. Ross: Of course, of course, Mr. Stevens.",anger,/home/asterich/code/python/emotional_computing_lab/data/raw/MELD.Raw/train_splits/dia30_utt4.mp4,frames/extracted_frames/S0106/frame_000028.jpg|frames/extracted_frames/S0106/frame_000056.jpg|frames/extracted_frames/S0106/frame_000084.jpg,train,false
S0107,30,7,Ross,Thats funny. Umm.  Its not funny.,Ross: Eh-whExcuse me? Joey: What? Paul: Why cant you get a girlfriend your own age?,fear,/home/asterich/code/python/emotional_computing_lab/data/raw/MELD.Raw/train_splits/dia30_utt7.mp4,frames/extracted_frames/S0107/frame_000050.jpg|frames/extracted_frames/S0107/frame_000100.jpg|frames/extracted_frames/S0107/frame_000150.jpg,train,false
S0108,306,4,Carol,"Y'know what, I want to talk to you about this so much, but we should probably do it when we could really get into it, are you free for dinner tomorrow night?","Ross: Cause you know love lasts forever, y'know. Ross: Nothing like it in this lifetime, money in the bank, so Rachel and I broke up. Carol: Oh God, Ross I am so sorry.",neutral,/home/asterich/code/python/emotional_computing_lab/data/raw/MELD.Raw/train_splits/dia306_utt4.mp4,frames/extracted_frames/S0108/frame_000049.jpg|frames/extracted_frames/S0108/frame_000099.jpg|frames/extracted_frames/S0108/frame_000149.jpg,train,false
S0109,316,2,Chandler,"I know you cant stand to be in the same room as me, so I just thought Id try and apologize over the phone.","Joey: Hello. Chandler: Hey, its me.",sadness,/home/asterich/code/python/emotional_computing_lab/data/raw/MELD.Raw/train_splits/dia316_utt2.mp4,frames/extracted_frames/S0109/frame_000035.jpg|frames/extracted_frames/S0109/frame_000071.jpg|frames/extracted_frames/S0109/frame_000107.jpg,train,false
S0110,32,2,Dr. Long,"So, eight days late huh?","Rachel: Okay. Phoebe Sr: Take it easy--if you want, theres cookies on the counter, or, or--sangria!  I can make sangria! Phoebe: Oh yeah, I'm sure.  And all of a sudden his hands weren't the problem anymore.",surprise,/home/asterich/code/python/emotional_computing_lab/data/raw/MELD.Raw/dev_splits_complete/dia32_utt2.mp4,frames/extracted_frames/S0110/frame_000011.jpg|frames/extracted_frames/S0110/frame_000023.jpg|frames/extracted_frames/S0110/frame_000035.jpg,dev,false
S0111,32,8,Phoebe,"Oh, what? What was it?","Dr. Long: It still could last a little while longer. Phoebe Sr: Ohh, well. Y'know we were always together, in fact the had a nickname for the three of us. Ross: The actress!",surprise,/home/asterich/code/python/emotional_computing_lab/data/raw/MELD.Raw/output_repeated_splits_test/dia32_utt8.mp4,frames/extracted_frames/S0111/frame_000017.jpg|frames/extracted_frames/S0111/frame_000035.jpg|frames/extracted_frames/S0111/frame_000053.jpg,test,false
S0112,32,13,Ross,Guys?,"Dr. Long: Okay, theres an herbal tea you can drink. Phoebe: Yeah, no, it was great. Ross: It's your moral obligation, as a friend, as a woman, I think it's a feminist issue!",anger,/home/asterich/code/python/emotional_computing_lab/data/raw/MELD.Raw/train_splits/dia32_utt13.mp4,frames/extracted_frames/S0112/frame_000002.jpg|frames/extracted_frames/S0112/frame_000004.jpg|frames/extracted_frames/S0112/frame_000006.jpg,train,false
S0113,321,8,Phoebe,We didnt have sex.,"Eric: Uh, the sex. Phoebe: What sex? Eric: Our sex.",surprise,/home/asterich/code/python/emotional_computing_lab/data/raw/MELD.Raw/train_splits/dia321_utt8.mp4,frames/extracted_frames/S0113/frame_000008.jpg|frames/extracted_frames/S0113/frame_000016.jpg|frames/extracted_frames/S0113/frame_000024.jpg,train,false
S0114,321,10,Phoebe,Ew! Ew! Ew! Ew! Ew! Ew!,"Eric: Our sex. Phoebe: We didnt have sex. Eric: Well if I didnt have sex with you, I had sex with someone that looked an awful lot like",disgust,/home/asterich/code/python/emotional_computing_lab/data/raw/MELD.Raw/train_splits/dia321_utt10.mp4,frames/extracted_frames/S0114/frame_000020.jpg|frames/extracted_frames/S0114/frame_000040.jpg|frames/extracted_frames/S0114/frame_000060.jpg,train,false
S0115,327,4,Phoebe,"Oh, come on!","Ross: When did I say you were boring?! Phoebe: Oh my God, I remember now! We were playing chess! Ross: Phoebe! You and I have",joy,/home/asterich/code/python/emotional_computing_lab/data/raw/MELD.Raw/train_splits/dia327_utt4.mp4,frames/extracted_frames/S0115/frame_000006.jpg|frames/extracted_frames/S0115/frame_000012.jpg|frames/extracted_frames/S0115/frame_000018.jpg,train,false
S0116,328,1,Jill,Because Im not going to spend one more day with someone whose out to sabotage my every move.,"Jill: All right, Im leaving!",anger,/home/asterich/code/python/emotional_computing_lab/data/raw/MELD.Raw/train_splits/dia328_utt1.mp4,frames/extracted_frames/S0116/frame_000032.jpg|frames/extracted_frames/S0116/frame_000064.jpg|frames/extracted_frames/S0116/frame_000096.jpg,train,false
S0117,332,7,Mona,"No, I mean it. There are so few genuinely nice guys out there.","Ross: Oh, thank you. Mona: That is so sweet! Joey: Yeah.",anger,/home/asterich/code/python/emotional_computing_lab/data/raw/MELD.Raw/train_splits/dia332_utt7.mp4,frames/extracted_frames/S0117/frame_000026.jpg|frames/extracted_frames/S0117/frame_000052.jpg|frames/extracted_frames/S0117/frame_000078.jpg,train,false
S0118,334,2,Joey,"Listen uh, could you put Kathy on, I wanna apologize.","Joey: Yeah, it mustve fallen out a few blocks back. I just figured we hit a dog. Chandler: Okay.",sadness,/home/asterich/code/python/emotional_computing_lab/data/raw/MELD.Raw/train_splits/dia334_utt2.mp4,frames/extracted_frames/S0118/frame_000020.jpg|frames/extracted_frames/S0118/frame_000040.jpg|frames/extracted_frames/S0118/frame_000060.jpg,train,false
S0119,336,10,Ross,"Mon, look at yourself. You have cookie on your neck.","Monica: No, just, just, just a couple more boxes. Monica: It-it-its no big deal, all right, Im-Im cool. Monica: You gotta help me out with a couple more boxes!",disgust,/home/asterich/code/python/emotional_computing_lab/data/raw/MELD.Raw/train_splits/dia336_utt10.mp4,frames/extracted_frames/S0119/frame_000015.jpg|frames/extracted_frames/S0119/frame_000030.jpg|frames/extracted_frames/S0119/frame_000045.jpg,train,false
S0120,337,5,Chandler,Score! Where are the disposable cameras?,Ross: Why not? Its built into the price of the room. Chandler: Yeah but you dont needWhat is this? Ross: Thread!,joy,/home/asterich/code/python/emotional_computing_lab/data/raw/MELD.Raw/train_splits/dia337_utt5.mp4,frames/extracted_frames/S0120/frame_000036.jpg|frames/extracted_frames/S0120/frame_000072.jpg|frames/extracted_frames/S0120/frame_000108.jpg,train,false
S0121,34,13,Monica,Yknow what? You are right?!,"Ross: Is that so? Rachel: Oh my God!! Do it!! Honey, youve waited Rachel: Yeah.",surprise,/home/asterich/code/python/emotional_computing_lab/data/raw/MELD.Raw/output_repeated_splits_test/dia34_utt13.mp4,frames/extracted_frames/S0121/frame_000027.jpg|frames/extracted_frames/S0121/frame_000055.jpg|frames/extracted_frames/S0121/frame_000083.jpg,test,false
S0122,342,10,Chandler,Let me think. Let me thinkOh! I dont care.,"Ross: Yknow what? Youre just upset because youre losing. Chandler: Oh come on Ross, I think were all losers here. Joey: All right. Chandler, you can either spin the wheel or pick a Google card.",anger,/home/asterich/code/python/emotional_computing_lab/data/raw/MELD.Raw/train_splits/dia342_utt10.mp4,frames/extracted_frames/S0122/frame_000021.jpg|frames/extracted_frames/S0122/frame_000043.jpg|frames/extracted_frames/S0122/frame_000065.jpg,train,false
S0123,356,6,Ross,"Aww, is it broken?",Rachel: I didn't know there were docks. Joey: Hey. Chandler: Hey.,sadness,/home/asterich/code/python/emotional_computing_lab/data/raw/MELD.Raw/train_splits/dia356_utt6.mp4,frames/extracted_frames/S0123/frame_000010.jpg|frames/extracted_frames/S0123/frame_000021.jpg|frames/extracted_frames/S0123/frame_000032.jpg,train,false
S0124,362,0,Rachel,Oh thats five Ross. Five women have had five babies! And I have had no babies! Why doesnt she want to come out?,,sadness,/home/asterich/code/python/emotional_computing_lab/data/raw/MELD.Raw/train_splits/dia362_utt0.mp4,frames/extracted_frames/S0124/frame_000062.jpg|frames/extracted_frames/S0124/frame_000125.jpg|frames/extracted_frames/S0124/frame_000187.jpg,train,false
S0125,368,0,Ross,"Im, Im sorry you didnt get to go to Spacecamp, and Im hoping that maybe somehow, this may make up for it.",,sadness,/home/asterich/code/python/emotional_computing_lab/data/raw/MELD.Raw/train_splits/dia368_utt0.mp4,frames/extracted_frames/S0125/frame_000085.jpg|frames/extracted_frames/S0125/frame_000171.jpg|frames/extracted_frames/S0125/frame_000257.jpg,train,false
S0126,37,2,Rachel,"Oh, I cant watch this.","Chandler: Run! Run you crazy, rich freak! Joey: I, ah, I never said hate, I was very careful about that. Joey: Wow! This looks great!",fear,/home/asterich/code/python/emotional_computing_lab/data/raw/MELD.Raw/dev_splits_complete/dia37_utt2.mp4,frames/extracted_frames/S0126/frame_000007.jpg|frames/extracted_frames/S0126/frame_000015.jpg|frames/extracted_frames/S0126/frame_000022.jpg,dev,false
S0127,372,12,Phoebe,Intense and creepy.,Phoebe: They don't see all the good stuff and all the sweet stuff. Phoebe: They just think you're a little... Roger: What?,neutral,/home/asterich/code/python/emotional_computing_lab/data/raw/MELD.Raw/train_splits/dia372_utt12.mp4,frames/extracted_frames/S0127/frame_000013.jpg|frames/extracted_frames/S0127/frame_000026.jpg|frames/extracted_frames/S0127/frame_000039.jpg,train,false
S0128,380,4,Rachel,You sure?,Mark: Right here! Rachel: Oh God. Im sorry about this. Mark: Thats okay.,joy,/home/asterich/code/python/emotional_computing_lab/data/raw/MELD.Raw/train_splits/dia380_utt4.mp4,frames/extracted_frames/S0128/frame_000014.jpg|frames/extracted_frames/S0128/frame_000029.jpg|frames/extracted_frames/S0128/frame_000044.jpg,train,false
S0129,39,1,Monica,"We could, or we can have sex in it.","Chandler: Should we tell Rachel theres an empty private room right next door to hers? Ross: Hi!  Hi!  Hi. Has umm, anyone seen Chandler? Kate: Happy?! Is that what Im supposed to be Vic? Happy?",joy,/home/asterich/code/python/emotional_computing_lab/data/raw/MELD.Raw/dev_splits_complete/dia39_utt1.mp4,frames/extracted_frames/S0129/frame_000019.jpg|frames/extracted_frames/S0129/frame_000039.jpg|frames/extracted_frames/S0129/frame_000058.jpg,dev,false
S0130,4,11,Woman,"Ross Geller, why do I know that name? Its uhWait!  Did you write this?","Ross: Im so proud of you. Ross: Im a professor here uh, RossGeller. Rachel: Me too!",surprise,/home/asterich/code/python/emotional_computing_lab/data/raw/MELD.Raw/dev_splits_complete/dia4_utt11.mp4,frames/extracted_frames/S0130/frame_000062.jpg|frames/extracted_frames/S0130/frame_000124.jpg|frames/extracted_frames/S0130/frame_000186.jpg,dev,false
S0131,40,8,Rachel,"Good-good, dont tell him. Dont tell him. Just have him call me okay?",Joey: Yeah! Ask them if they brought their friends any souvenirs! Joey: I didnt tell him. I didnt know if you were telling people. This is back when I thought Kash was still people. Monica: Hello?  Eighth street deli?,fear,/home/asterich/code/python/emotional_computing_lab/data/raw/MELD.Raw/dev_splits_complete/dia40_utt8.mp4,frames/extracted_frames/S0131/frame_000013.jpg|frames/extracted_frames/S0131/frame_000027.jpg|frames/extracted_frames/S0131/frame_000040.jpg,dev,false
S0132,401,8,Phoebe Sr,Youre Erwins daughter?!,"Phoebe: Are you ah, Phoebe Abott? Phoebe Sr: Ahh, yes. Phoebe: Hi Phoebe Abott, Im your best friends daughter!",surprise,/home/asterich/code/python/emotional_computing_lab/data/raw/MELD.Raw/train_splits/dia401_utt8.mp4,frames/extracted_frames/S0132/frame_000007.jpg|frames/extracted_frames/S0132/frame_000015.jpg|frames/extracted_frames/S0132/frame_000023.jpg,train,false
S0133,408,3,Rachel,Maybe she can give me a pill or something.,"Rachel: Ah. Phoebe: Yeah. Rachel: I go see my doctor tomorrow, Ill ask her about this.",neutral,/home/asterich/code/python/emotional_computing_lab/data/raw/MELD.Raw/train_splits/dia408_utt3.mp4,frames/extracted_frames/S0133/frame_000012.jpg|frames/extracted_frames/S0133/frame_000025.jpg|frames/extracted_frames/S0133/frame_000037.jpg,train,false
S0134,410,17,Rachel,"If we broke up, and I lost you...","Ross: Look, I-I've been in love with you since, like, the ninth grade. Rachel: Ross, you're like my best friend. Ross: I know.",fear,/home/asterich/code/python/emotional_computing_lab/data/raw/MELD.Raw/train_splits/dia410_utt17.mp4,frames/extracted_frames/S0134/frame_000011.jpg|frames/extracted_frames/S0134/frame_000023.jpg|frames/extracted_frames/S0134/frame_000035.jpg,train,false
S0135,411,3,Phoebe,Thank God.,"Ross: Hello?  No she cant come to the phone right now.  Oh, right no problem. Okay, bye-bye. Phoebe: Was it my work? Were they mad? Was it Jack? Did he yell?! Ross: J-j-just relax, nobody yelled. Jack just was calling to make sure that",joy,/home/asterich/code/python/emotional_computing_lab/data/raw/MELD.Raw/train_splits/dia411_utt3.mp4,frames/extracted_frames/S0135/frame_000009.jpg|frames/extracted_frames/S0135/frame_000018.jpg|frames/extracted_frames/S0135/frame_000027.jpg,train,false
S0136,412,0,Phoebe,"...DUMB, DRUNKEN, BITCH!!!   Thank you, thanks.",,anger,/home/asterich/code/python/emotional_computing_lab/data/raw/MELD.Raw/train_splits/dia412_utt0.mp4,frames/extracted_frames/S0136/frame_000057.jpg|frames/extracted_frames/S0136/frame_000115.jpg|frames/extracted_frames/S0136/frame_000172.jpg,train,false
S0137,416,2,Chandler,No it's not. It's small. It's tiny. It's petite. It's wee.,"Rachel: I mean, this is unbelievable. Phoebe: I know. This is really, really huge.",neutral,/home/asterich/code/python/emotional_computing_lab/data/raw/MELD.Raw/train_splits/dia416_utt2.mp4,frames/extracted_frames/S0137/frame_000026.jpg|frames/extracted_frames/S0137/frame_000053.jpg|frames/extracted_frames/S0137/frame_000080.jpg,train,false
S0138,416,4,Chandler,"OK, is there a mute button on this woman?","Rachel: I mean, this is unbelievable. Phoebe: I know. This is really, really huge. Chandler: No it's not. It's small. It's tiny. It's petite. It's wee.",disgust,/home/asterich/code/python/emotional_computing_lab/data/raw/MELD.Raw/train_splits/dia416_utt4.mp4,frames/extracted_frames/S0138/frame_000015.jpg|frames/extracted_frames/S0138/frame_000031.jpg|frames/extracted_frames/S0138/frame_000046.jpg,train,false
S0139,421,5,Joey,Look confident.,"Joey: I can tell her how I feel. Joey: Just uh, just stand up straight. Joey: Take a couple deep breaths.",fear,/home/asterich/code/python/emotional_computing_lab/data/raw/MELD.Raw/train_splits/dia421_utt5.mp4,frames/extracted_frames/S0139/frame_000011.jpg|frames/extracted_frames/S0139/frame_000022.jpg|frames/extracted_frames/S0139/frame_000033.jpg,train,false
S0140,423,10,Chandler,Mazel tov!,"Monica: I'm only 26, I'm not even thinking about babies yet. Chandler: Where have you been? Joey: Oh, just had a baby.",joy,/home/asterich/code/python/emotional_computing_lab/data/raw/MELD.Raw/train_splits/dia423_utt10.mp4,frames/extracted_frames/S0140/frame_000012.jpg|frames/extracted_frames/S0140/frame_000024.jpg|frames/extracted_frames/S0140/frame_000036.jpg,train,false
S0141,43,3,Ross,Somebody seems to be missing being the hostess.,"Rachel: Oh, great. Although I did sit down where there wasnt a chair. Monica: The players. Monica: By the way, Ross dropped by a box of your stuff.",neutral,/home/asterich/code/python/emotional_computing_lab/data/raw/MELD.Raw/output_repeated_splits_test/dia43_utt3.mp4,frames/extracted_frames/S0141/frame_000021.jpg|frames/extracted_frames/S0141/frame_000042.jpg|frames/extracted_frames/S0141/frame_000063.jpg,test,false
S0142,431,8,Joey,"Yeah, all of us! All day!","Joey: All right, well, we felt really bad about that so we decided we should all take a little trip together! Phoebe: Ohh, that's so nice! How great! Well, where? Where's the trip?! Monica: Well, we thought we would all go to a picnic , in Central Park!",joy,/home/asterich/code/python/emotional_computing_lab/data/raw/MELD.Raw/train_splits/dia431_utt8.mp4,frames/extracted_frames/S0142/frame_000009.jpg|frames/extracted_frames/S0142/frame_000019.jpg|frames/extracted_frames/S0142/frame_000028.jpg,train,false
S0143,434,6,Ross,"Wait until uh, wait until the first time your baby grabs your finger.","Ross: Yeah I know. Ross: On the other hand in um, in about seven months youre gonna have something that youre gonna love more than any guy youve ever gone out with. Ross: Just wait.",joy,/home/asterich/code/python/emotional_computing_lab/data/raw/MELD.Raw/train_splits/dia434_utt6.mp4,frames/extracted_frames/S0143/frame_000041.jpg|frames/extracted_frames/S0143/frame_000083.jpg|frames/extracted_frames/S0143/frame_000125.jpg,train,false
S0144,435,2,Rachel,"This is such a great party! 35 years. Very impressive, do you guys have any pearls of wisdom?",Mrs. Geller: Hi Ross: Hi!  Hey mom.,joy,/home/asterich/code/python/emotional_computing_lab/data/raw/MELD.Raw/train_splits/dia435_utt2.mp4,frames/extracted_frames/S0144/frame_000052.jpg|frames/extracted_frames/S0144/frame_000104.jpg|frames/extracted_frames/S0144/frame_000156.jpg,train,false
S0145,435,7,Rachel,Thank youwere so excited,"Mr. Geller: Why would you serve food on such a sharp stick? Ross: Thats a good question, dad. Thats a good question an: Congratulations you two!",joy,/home/asterich/code/python/emotional_computing_lab/data/raw/MELD.Raw/train_splits/dia435_utt7.mp4,frames/extracted_frames/S0145/frame_000013.jpg|frames/extracted_frames/S0145/frame_000026.jpg|frames/extracted_frames/S0145/frame_000039.jpg,train,false
S0146,443,0,Monica,Lets get the show on it!,,joy,/home/asterich/code/python/emotional_computing_lab/data/raw/MELD.Raw/train_splits/dia443_utt0.mp4,frames/extracted_frames/S0146/frame_000021.jpg|frames/extracted_frames/S0146/frame_000042.jpg|frames/extracted_frames/S0146/frame_000063.jpg,train,false
S0147,446,10,Chandler,Youre our age!,"Joey: Oh, and Mississ-Pete is? Pete: I got to go, so ah, Ill see you guys later. All: Okay.",surprise,/home/asterich/code/python/emotional_computing_lab/data/raw/MELD.Raw/train_splits/dia446_utt10.mp4,frames/extracted_frames/S0147/frame_000003.jpg|frames/extracted_frames/S0147/frame_000007.jpg|frames/extracted_frames/S0147/frame_000010.jpg,train,false
S0148,448,9,Rachel,"""Oh my God, I cant find a boyfriend!","Rachel: ""Im Monica, I dont get phone messages from interesting people. Ever!"" Phoebe: Hey! I call her! Monica: ""Oh my God, I love Ross! I hate Ross! I love Ross! I hate Ross!""",anger,/home/asterich/code/python/emotional_computing_lab/data/raw/MELD.Raw/train_splits/dia448_utt9.mp4,frames/extracted_frames/S0148/frame_000010.jpg|frames/extracted_frames/S0148/frame_000021.jpg|frames/extracted_frames/S0148/frame_000032.jpg,train,false
S0149,45,3,Chandler,"Yes it is! From now on, I have no first name.","Rachel: Okay. Monica: No, Phoebe, Ill tell you what, if you get ready now Ill let you play it at the wedding. Joey: Its not that bad.",anger,/home/asterich/code/python/emotional_computing_lab/data/raw/MELD.Raw/train_splits/dia45_utt3.mp4,frames/extracted_frames/S0149/frame_000017.jpg|frames/extracted_frames/S0149/frame_000035.jpg|frames/extracted_frames/S0149/frame_000053.jpg,train,false
S0150,451,1,Chandler,"Ok, look! Enough is enough!","Mike: Ok, so it's a tie again, 41 to 41.",anger,/home/asterich/code/python/emotional_computing_lab/data/raw/MELD.Raw/train_splits/dia451_utt1.mp4,frames/extracted_frames/S0150/frame_000017.jpg|frames/extracted_frames/S0150/frame_000035.jpg|frames/extracted_frames/S0150/frame_000053.jpg,train,false
S0151,455,13,Rachel,"Yeah, that'd be great. I'd love it.","Julie: Oy. Rachel: Um, ok, uh, oh god, um, when you and uh Ross first started going out, it was really hard for me, um, for many reasons, which I'm not gonna bore you with now, but um, I just, I see how happy he is, you know, and how good you guys are together, and um, Monica's always saying how nice you are, and god I hate it when she's right. Julie: Thanks. Hey, listen, would you like to go to a movie sometime or something?",joy,/home/asterich/code/python/emotional_computing_lab/data/raw/MELD.Raw/train_splits/dia455_utt13.mp4,frames/extracted_frames/S0151/frame_000017.jpg|frames/extracted_frames/S0151/frame_000035.jpg|frames/extracted_frames/S0151/frame_000053.jpg,train,false
S0152,463,4,Rachel,"Are you serious?! Chandler, we ate an entire cheesecake two days ago and you want more?","Chandler: Another cheesecake came! They delivered it to the wrong address again! Rachel: So just bring it back downstairs, whats the problem? Chandler: I cant seem to say goodbye.",surprise,/home/asterich/code/python/emotional_computing_lab/data/raw/MELD.Raw/train_splits/dia463_utt4.mp4,frames/extracted_frames/S0152/frame_000026.jpg|frames/extracted_frames/S0152/frame_000053.jpg|frames/extracted_frames/S0152/frame_000080.jpg,train,false
S0153,464,18,Rachel,"No I know, because to be a grandmother you have to be married and have children and I dont have any of those things.","Chandler: No-no-no-no! That was the joke! Rachel: No, I know! I get it! Its funny! Chandler: No, because youre not a grandmother!",sadness,/home/asterich/code/python/emotional_computing_lab/data/raw/MELD.Raw/train_splits/dia464_utt18.mp4,frames/extracted_frames/S0153/frame_000049.jpg|frames/extracted_frames/S0153/frame_000099.jpg|frames/extracted_frames/S0153/frame_000148.jpg,train,false
S0154,468,1,Monica,You ordered a stripper for the shower?! That is totally inappropriate!,"Phoebe: Oh, I told the stripper to be here at five. Thats good right?",anger,/home/asterich/code/python/emotional_computing_lab/data/raw/MELD.Raw/train_splits/dia468_utt1.mp4,frames/extracted_frames/S0154/frame_000019.jpg|frames/extracted_frames/S0154/frame_000039.jpg|frames/extracted_frames/S0154/frame_000059.jpg,train,false
S0155,471,0,Rachel,"No, I dont think well be doing that.",,disgust,/home/asterich/code/python/emotional_computing_lab/data/raw/MELD.Raw/train_splits/dia471_utt0.mp4,frames/extracted_frames/S0155/frame_000008.jpg|frames/extracted_frames/S0155/frame_000017.jpg|frames/extracted_frames/S0155/frame_000025.jpg,train,false
S0156,476,5,Phoebe,What?! Oh my...  Oh my God!! What happened?!,Ross: Yeah. Phoebe: Hey! Monica: I tried to reach you at work. Theres....been a fire.,surprise,/home/asterich/code/python/emotional_computing_lab/data/raw/MELD.Raw/train_splits/dia476_utt5.mp4,frames/extracted_frames/S0156/frame_000017.jpg|frames/extracted_frames/S0156/frame_000035.jpg|frames/extracted_frames/S0156/frame_000052.jpg,train,false
S0157,478,13,Joey,The Mr. Bowmonts here!!!,Monica: Why?! To celebrate your relationship! To solidify your commitment! To declare your love for one another to the world! Chandler: Eh Monica: Okay well thats good to know.,joy,/home/asterich/code/python/emotional_computing_lab/data/raw/MELD.Raw/train_splits/dia478_utt13.mp4,frames/extracted_frames/S0157/frame_000011.jpg|frames/extracted_frames/S0157/frame_000022.jpg|frames/extracted_frames/S0157/frame_000033.jpg,train,false
S0158,48,1,Phoebe,"Okay, okay, but Rachels gonna be here too, cant I just ask her this stuff?","Monica: Where are we gonna find a tiny little hat? Monica: Okay, if you need the vacuum, its in my closet on the left-hand side. Ah, the garbage bags are next to the refrigerator Rachel: Bye.",neutral,/home/asterich/code/python/emotional_computing_lab/data/raw/MELD.Raw/output_repeated_splits_test/dia48_utt1.mp4,frames/extracted_frames/S0158/frame_000015.jpg|frames/extracted_frames/S0158/frame_000031.jpg|frames/extracted_frames/S0158/frame_000047.jpg,test,false
S0159,482,5,Phoebe,How do you know?,The Fireman: We found your fire alarm in the trash chute. Phoebe: Thats not mine. The Fireman: Yes it is.,fear,/home/asterich/code/python/emotional_computing_lab/data/raw/MELD.Raw/train_splits/dia482_utt5.mp4,frames/extracted_frames/S0159/frame_000006.jpg|frames/extracted_frames/S0159/frame_000012.jpg|frames/extracted_frames/S0159/frame_000018.jpg,train,false
S0160,482,6,The Fireman,"The next time you want to dump a fire alarm in a trash chute, dont wrap it in a blanket that says, ""Property of Phoebe Buffay not Monica.""",Phoebe: Thats not mine. The Fireman: Yes it is. Phoebe: How do you know?,disgust,/home/asterich/code/python/emotional_computing_lab/data/raw/MELD.Raw/train_splits/dia482_utt6.mp4,frames/extracted_frames/S0160/frame_000017.jpg|frames/extracted_frames/S0160/frame_000035.jpg|frames/extracted_frames/S0160/frame_000052.jpg,train,false
S0161,489,2,Monica,Hi.,Rachel: Remember when we went to Central Park and rented boats?.. That was fun. Ross: Yeah. He could row like a viking.,neutral,/home/asterich/code/python/emotional_computing_lab/data/raw/MELD.Raw/train_splits/dia489_utt2.mp4,frames/extracted_frames/S0161/frame_000002.jpg|frames/extracted_frames/S0161/frame_000005.jpg|frames/extracted_frames/S0161/frame_000007.jpg,train,false
S0162,49,4,Ross,Yeah. What-what should I do?,"Susan: Yeah? Well, there's a lot of things Carol never did before I came along. Chandler: Uhh, 9. Monica: Well Ross, you be careful now. You dont want to get a reputation as yknow Professor McNailshisstudents.",fear,/home/asterich/code/python/emotional_computing_lab/data/raw/MELD.Raw/train_splits/dia49_utt4.mp4,frames/extracted_frames/S0162/frame_000009.jpg|frames/extracted_frames/S0162/frame_000019.jpg|frames/extracted_frames/S0162/frame_000029.jpg,train,false
S0163,50,7,Joey,"Come on man, you-you got to give me a second chance!","Joey: Umm, all right Wayne, level with me. Joey: I-I keep hearing all these rumors that I might get fired. Joey: Okay, they even have actors coming in to read for my part!",sadness,/home/asterich/code/python/emotional_computing_lab/data/raw/MELD.Raw/train_splits/dia50_utt7.mp4,frames/extracted_frames/S0163/frame_000015.jpg|frames/extracted_frames/S0163/frame_000030.jpg|frames/extracted_frames/S0163/frame_000045.jpg,train,false
S0164,501,5,Rachel,Wo-women? You mean like old women?,Tag: Oh yeah! We went to the Knicks game. Rachel: Ohh thats nice. Tag: Then we went to this bar and he hooked us up with all these women!,disgust,/home/asterich/code/python/emotional_computing_lab/data/raw/MELD.Raw/train_splits/dia501_utt5.mp4,frames/extracted_frames/S0164/frame_000020.jpg|frames/extracted_frames/S0164/frame_000040.jpg|frames/extracted_frames/S0164/frame_000060.jpg,train,false
S0165,506,3,Ross,"Your good heart Rach,  and, and....","Ross: Look, look, theres got to be a way we can work past this. Ross: Okay,  I cant imagine, I cant imagine my life without you. Ross: Without, without these arms, and your face, and this heart.",sadness,/home/asterich/code/python/emotional_computing_lab/data/raw/MELD.Raw/train_splits/dia506_utt3.mp4,frames/extracted_frames/S0165/frame_000012.jpg|frames/extracted_frames/S0165/frame_000025.jpg|frames/extracted_frames/S0165/frame_000038.jpg,train,false
S0166,506,5,Rachel,"I cant, youre a totally different person to me now.","Ross: Without, without these arms, and your face, and this heart. Ross: Your good heart Rach,  and, and.... Rachel: No.",sadness,/home/asterich/code/python/emotional_computing_lab/data/raw/MELD.Raw/train_splits/dia506_utt5.mp4,frames/extracted_frames/S0166/frame_000019.jpg|frames/extracted_frames/S0166/frame_000038.jpg|frames/extracted_frames/S0166/frame_000057.jpg,train,false
S0167,521,0,Joey,There will come a time in each of your careers when youll have a chance to screw over another soap opera actor.,,neutral,/home/asterich/code/python/emotional_computing_lab/data/raw/MELD.Raw/train_splits/dia521_utt0.mp4,frames/extracted_frames/S0167/frame_000042.jpg|frames/extracted_frames/S0167/frame_000084.jpg|frames/extracted_frames/S0167/frame_000126.jpg,train,false
S0168,529,8,Ross,She-she thinks that youre just using me.,"Ross: Good-bye. Ross: Whoa! Ross: Uh, that was your sister actually.",neutral,/home/asterich/code/python/emotional_computing_lab/data/raw/MELD.Raw/train_splits/dia529_utt8.mp4,frames/extracted_frames/S0168/frame_000014.jpg|frames/extracted_frames/S0168/frame_000028.jpg|frames/extracted_frames/S0168/frame_000042.jpg,train,false
S0169,530,3,Phoebe Sr,What?!,"Phoebe: Im sorry. Phoebe Sr: What are you doing here?! Phoebe: I-I, came to fill your ice cube trays.",surprise,/home/asterich/code/python/emotional_computing_lab/data/raw/MELD.Raw/train_splits/dia530_utt3.mp4,frames/extracted_frames/S0169/frame_000008.jpg|frames/extracted_frames/S0169/frame_000017.jpg|frames/extracted_frames/S0169/frame_000026.jpg,train,false
S0170,531,6,Ross,Im sorry.,"Ross: All right, Im-Im not English. Ross: Im from Long Island. Ross: I was really nervous and the accent just uh, just came out.",sadness,/home/asterich/code/python/emotional_computing_lab/data/raw/MELD.Raw/train_splits/dia531_utt6.mp4,frames/extracted_frames/S0170/frame_000013.jpg|frames/extracted_frames/S0170/frame_000026.jpg|frames/extracted_frames/S0170/frame_000039.jpg,train,false
S0171,54,5,Rachel,"See, there's always one guy.  ""If I had a wish, I'd wish for three more wishes.""","Chandler: Uh, if I were omnipotent for a day, I'd.. make myself omnipotent forever. Judge: And based on the fact that Mr. Geller is intravenous drug user. Dina: But I really think I can do it, Im just gonna need some help.",disgust,/home/asterich/code/python/emotional_computing_lab/data/raw/MELD.Raw/dev_splits_complete/dia54_utt5.mp4,frames/extracted_frames/S0171/frame_000031.jpg|frames/extracted_frames/S0171/frame_000062.jpg|frames/extracted_frames/S0171/frame_000093.jpg,dev,false
S0172,54,10,Joey,"Hey, if Little Joey's dead, then I got no reason to live!",Monica: ..Excuse me? Judge: Now it also says here that you lied about your sexual preference before marriage? Dina: And youre my big brother!,sadness,/home/asterich/code/python/emotional_computing_lab/data/raw/MELD.Raw/dev_splits_complete/dia54_utt10.mp4,frames/extracted_frames/S0172/frame_000022.jpg|frames/extracted_frames/S0172/frame_000044.jpg|frames/extracted_frames/S0172/frame_000066.jpg,dev,false
S0173,541,11,Ross,"Seriously, our sex life I was thinking, maybe I dont know, we could try some-some new things.",Ross: Yay! Ben: Yay! Ross: Yay!,neutral,/home/asterich/code/python/emotional_computing_lab/data/raw/MELD.Raw/train_splits/dia541_utt11.mp4,frames/extracted_frames/S0173/frame_000051.jpg|frames/extracted_frames/S0173/frame_000102.jpg|frames/extracted_frames/S0173/frame_000153.jpg,train,false
S0174,541,16,Ross,Nah!,"Carol: Like what? Ross: Well I dont know umm,  what if we were too tie each other up? Ross: Umm, some people eat stuff off one another.",disgust,/home/asterich/code/python/emotional_computing_lab/data/raw/MELD.Raw/train_splits/dia541_utt16.mp4,frames/extracted_frames/S0174/frame_000009.jpg|frames/extracted_frames/S0174/frame_000019.jpg|frames/extracted_frames/S0174/frame_000029.jpg,train,false
S0175,545,0,Monica,"What, Phoebe, did you whip the potatoes? Ross needs lumps!",,anger,/home/asterich/code/python/emotional_computing_lab/data/raw/MELD.Raw/train_splits/dia545_utt0.mp4,frames/extracted_frames/S0175/frame_000029.jpg|frames/extracted_frames/S0175/frame_000058.jpg|frames/extracted_frames/S0175/frame_000087.jpg,train,false
S0176,55,6,Krista,"Nice to meet you. I wish you'd told me we were having company, I'd fix myself up!","Rachel: You're sister? You're sister's asleep on the couch?  Ohhh! I saw Danny: Oh hey, great, you're up. Rachel, this is my sister Krista. Krista, this is Rachel. Rachel: Hi!",surprise,/home/asterich/code/python/emotional_computing_lab/data/raw/MELD.Raw/train_splits/dia55_utt6.mp4,frames/extracted_frames/S0176/frame_000045.jpg|frames/extracted_frames/S0176/frame_000090.jpg|frames/extracted_frames/S0176/frame_000135.jpg,train,false
S0177,553,12,Joey,What do you mean?,"Janine: Hey! Youre a good dancer! Joey: Really? Janine: Yeah, well youd be better if you just loosened your hips a little.",neutral,/home/asterich/code/python/emotional_computing_lab/data/raw/MELD.Raw/train_splits/dia553_utt12.mp4,frames/extracted_frames/S0177/frame_000005.jpg|frames/extracted_frames/S0177/frame_000011.jpg|frames/extracted_frames/S0177/frame_000017.jpg,train,false
S0178,553,18,Director,"I dont see it.  You are dancing with the tall guy over there. Tall guy, raise your hand!","Joey: Uh-huh. Director: Okay, youre dancing with that girl over there. Joey: No-no-no-no-no we came together!",neutral,/home/asterich/code/python/emotional_computing_lab/data/raw/MELD.Raw/train_splits/dia553_utt18.mp4,frames/extracted_frames/S0178/frame_000034.jpg|frames/extracted_frames/S0178/frame_000069.jpg|frames/extracted_frames/S0178/frame_000104.jpg,train,false
S0179,559,2,Chandler,"Then I look down, and I realize there's a phone... there.","Chandler: Alright, so I'm back in high school, I'm standing in the middle of the cafeteria, and I realize I am totally naked. All: Oh, yeah. Had that dream.",surprise,/home/asterich/code/python/emotional_computing_lab/data/raw/MELD.Raw/train_splits/dia559_utt2.mp4,frames/extracted_frames/S0179/frame_000024.jpg|frames/extracted_frames/S0179/frame_000049.jpg|frames/extracted_frames/S0179/frame_000073.jpg,train,false
S0180,56,9,Joey,"Listen, I ah, I gotta say good bye, and-and I gotta say it quick cause this is killing me.","Ross: Sweetie thats it. Joey: Yeah, I guess it is. Rachel: Thats it? Well I saw that! Ohh-ohh-oh, thank you.",sadness,/home/asterich/code/python/emotional_computing_lab/data/raw/MELD.Raw/dev_splits_complete/dia56_utt9.mp4,frames/extracted_frames/S0180/frame_000040.jpg|frames/extracted_frames/S0180/frame_000080.jpg|frames/extracted_frames/S0180/frame_000120.jpg,dev,false
S0181,563,5,Rachel,Yes.  Youre not asking are you?,"Monica: What if I asked? Rachel: Oh, Mon, sure. Monica: Really?",surprise,/home/asterich/code/python/emotional_computing_lab/data/raw/MELD.Raw/train_splits/dia563_utt5.mp4,frames/extracted_frames/S0181/frame_000009.jpg|frames/extracted_frames/S0181/frame_000019.jpg|frames/extracted_frames/S0181/frame_000028.jpg,train,false
S0182,57,2,Chandler,"Og-ee-op, Im not asking for me, Im I mean No, Im-Im not gay, Im not asking you out.","Phoebe: See, I-I think that one that Elton John wrote for, um, that guy on Chandler: We were playing Gin? Y'know if we were a couple, we could play this game naked. Chandler: Are you seeing anybody right now?",fear,/home/asterich/code/python/emotional_computing_lab/data/raw/MELD.Raw/train_splits/dia57_utt2.mp4,frames/extracted_frames/S0182/frame_000045.jpg|frames/extracted_frames/S0182/frame_000090.jpg|frames/extracted_frames/S0182/frame_000135.jpg,train,false
S0183,570,1,Ross,Oh fine.,"Monica: You wanna go right now? 'Cause I'll take you right now, buddy! You wanna go?",neutral,/home/asterich/code/python/emotional_computing_lab/data/raw/MELD.Raw/train_splits/dia570_utt1.mp4,frames/extracted_frames/S0183/frame_000006.jpg|frames/extracted_frames/S0183/frame_000013.jpg|frames/extracted_frames/S0183/frame_000020.jpg,train,false
S0184,573,6,Rachel,Say it!,"Rachel: Oh, of course! Phoebe: Chuck Woolery? Rachel: Definitely! Phoebe, you will not find a single game show host, whos ass I cannot kick.",joy,/home/asterich/code/python/emotional_computing_lab/data/raw/MELD.Raw/train_splits/dia573_utt6.mp4,frames/extracted_frames/S0184/frame_000007.jpg|frames/extracted_frames/S0184/frame_000015.jpg|frames/extracted_frames/S0184/frame_000022.jpg,train,false
S0185,58,9,Chandler,"Because youre still seeing him and uh, hes a good guy.","Joey: No-no, stay right there.  Gettin closer. Chandler: Right! Monica: What are you doing?",sadness,/home/asterich/code/python/emotional_computing_lab/data/raw/MELD.Raw/output_repeated_splits_test/dia58_utt9.mp4,frames/extracted_frames/S0185/frame_000020.jpg|frames/extracted_frames/S0185/frame_000041.jpg|frames/extracted_frames/S0185/frame_000061.jpg,test,false
S0186,585,10,Ross,My foot is stuck in the pocket.,"Ross: Wait, wait, wait, wait, wait. Phoebe: Okay, its okay. Ross: Wait, wait, wait.",sadness,/home/asterich/code/python/emotional_computing_lab/data/raw/MELD.Raw/train_splits/dia585_utt10.mp4,frames/extracted_frames/S0186/frame_000019.jpg|frames/extracted_frames/S0186/frame_000038.jpg|frames/extracted_frames/S0186/frame_000057.jpg,train,false
S0187,588,1,Monica,"Oh, stop beating yourself up!",Chandler: I cant believe I did this! What an idiot!,sadness,/home/asterich/code/python/emotional_computing_lab/data/raw/MELD.Raw/train_splits/dia588_utt1.mp4,frames/extracted_frames/S0187/frame_000010.jpg|frames/extracted_frames/S0187/frame_000020.jpg|frames/extracted_frames/S0187/frame_000030.jpg,train,false
S0188,592,1,Phoebe,You two will have very hairy children.,"Ross: Okay, look, I-I know what you guys are going to say",disgust,/home/asterich/code/python/emotional_computing_lab/data/raw/MELD.Raw/train_splits/dia592_utt1.mp4,frames/extracted_frames/S0188/frame_000015.jpg|frames/extracted_frames/S0188/frame_000031.jpg|frames/extracted_frames/S0188/frame_000047.jpg,train,false
S0189,6,0,Phoebe,"Oh, it's so romantic to send people off on their honeymoon.",,joy,/home/asterich/code/python/emotional_computing_lab/data/raw/MELD.Raw/dev_splits_complete/dia6_utt0.mp4,frames/extracted_frames/S0189/frame_000026.jpg|frames/extracted_frames/S0189/frame_000052.jpg|frames/extracted_frames/S0189/frame_000078.jpg,dev,false
S0190,605,6,Julie,You don't think they'll judge and ridicule me?,"Julie: Oh, thanks, sweetie. Ross: No problem. I cannot wait for you to meet my friends. Julie: Really?",fear,/home/asterich/code/python/emotional_computing_lab/data/raw/MELD.Raw/train_splits/dia605_utt6.mp4,frames/extracted_frames/S0190/frame_000015.jpg|frames/extracted_frames/S0190/frame_000030.jpg|frames/extracted_frames/S0190/frame_000045.jpg,train,false
S0191,61,1,Monica,"Look, not that I enjoy talking about people who I went to high school with, cause I do, but umm, maybe we could talk about something else?","Monica: Hey! Chip: ...and then Zana, just let one rip!! Stevens: Oh, excuse me. I forgot my briefcase y'know, by accident.",disgust,/home/asterich/code/python/emotional_computing_lab/data/raw/MELD.Raw/output_repeated_splits_test/dia61_utt1.mp4,frames/extracted_frames/S0191/frame_000049.jpg|frames/extracted_frames/S0191/frame_000099.jpg|frames/extracted_frames/S0191/frame_000148.jpg,test,false
S0192,61,7,Chandler,"Ye-ye-yeah, yes I do!","Phoebe: Ohh, Monica, I am so excited for you. Chandler: No. No, not at all, thats-thats ridiculous. Doug: Everybody else got one, and you want one too. Dont you?",sadness,/home/asterich/code/python/emotional_computing_lab/data/raw/MELD.Raw/train_splits/dia61_utt7.mp4,frames/extracted_frames/S0192/frame_000008.jpg|frames/extracted_frames/S0192/frame_000016.jpg|frames/extracted_frames/S0192/frame_000024.jpg,train,false
S0193,61,8,Doug,"Now get on out of here, you!","Chandler: No. No, not at all, thats-thats ridiculous. Doug: Everybody else got one, and you want one too. Dont you? Chandler: Ye-ye-yeah, yes I do!",joy,/home/asterich/code/python/emotional_computing_lab/data/raw/MELD.Raw/train_splits/dia61_utt8.mp4,frames/extracted_frames/S0193/frame_000012.jpg|frames/extracted_frames/S0193/frame_000025.jpg|frames/extracted_frames/S0193/frame_000038.jpg,train,false
S0194,611,10,Rachel,"Oh, well, thanks, but, I'm okay, really.","Rachel: Nooo! Rachel: Hello? Rachel: Oh, yeah, no, I know, I-I haven't been using it much.",joy,/home/asterich/code/python/emotional_computing_lab/data/raw/MELD.Raw/train_splits/dia611_utt10.mp4,frames/extracted_frames/S0194/frame_000021.jpg|frames/extracted_frames/S0194/frame_000042.jpg|frames/extracted_frames/S0194/frame_000063.jpg,train,false
S0195,614,18,Rachel,Yes! Great! Give me those cigs! Give it! Give it!,"Rachel: We can get--what are those--those patches! Rachel: We could be like the Patch Sisters! Kim: Oh y'know, we really should quit. Okay, let's quit!",joy,/home/asterich/code/python/emotional_computing_lab/data/raw/MELD.Raw/train_splits/dia614_utt18.mp4,frames/extracted_frames/S0195/frame_000012.jpg|frames/extracted_frames/S0195/frame_000025.jpg|frames/extracted_frames/S0195/frame_000038.jpg,train,false
S0196,615,12,Chandler,"I mean, what the hell is that thing?","Chandler: Like Joey's constant knuckle-cracking isn't annoying? Chandler: And Ross, with his over-pronouncing every single word? Chandler: And Monica, with that snort when she laughs?",disgust,/home/asterich/code/python/emotional_computing_lab/data/raw/MELD.Raw/train_splits/dia615_utt12.mp4,frames/extracted_frames/S0196/frame_000014.jpg|frames/extracted_frames/S0196/frame_000028.jpg|frames/extracted_frames/S0196/frame_000042.jpg,train,false
S0197,617,8,Phoebe,You gotta take care of yourselves!,"Phoebe: Yeah, uh-huh. Phoebe: Yeah, oh, ""Your mom probably won't kill herself,"" yknow? Phoebe: I'm sorry, but I'm not hanging all my hopes of Rachel and I living together on-on ""Probably!""",neutral,/home/asterich/code/python/emotional_computing_lab/data/raw/MELD.Raw/train_splits/dia617_utt8.mp4,frames/extracted_frames/S0197/frame_000011.jpg|frames/extracted_frames/S0197/frame_000022.jpg|frames/extracted_frames/S0197/frame_000033.jpg,train,false
S0198,619,8,Janice,"Oh well thats what I thought about my first husband, now Im lucky if my kid gets to spend the weekend with her father and the twins and little Ms. New Boobs.","Rachel: Well then he gets a divorce, its Ross! Janice: Im telling you Rachel, listen to Janice. They all say theyre gonna be there until they start their real family. Rachel: Well IThats never gonna happen with Ross.",disgust,/home/asterich/code/python/emotional_computing_lab/data/raw/MELD.Raw/train_splits/dia619_utt8.mp4,frames/extracted_frames/S0198/frame_000039.jpg|frames/extracted_frames/S0198/frame_000078.jpg|frames/extracted_frames/S0198/frame_000117.jpg,train,false
S0199,623,18,Chandler,"So you might say, its a magic ring.","Ross: That ring? When my grandmother first came to this country, that ring and the clothes on her back were all she had with her. Chandler: So you might say, the ring is irreplaceable? Ross: Oh absolutely! It has been in my family for generations, and every bride who has worn it has had a long and happy life.",joy,/home/asterich/code/python/emotional_computing_lab/data/raw/MELD.Raw/train_splits/dia623_utt18.mp4,frames/extracted_frames/S0199/frame_000022.jpg|frames/extracted_frames/S0199/frame_000044.jpg|frames/extracted_frames/S0199/frame_000066.jpg,train,false
S0200,632,1,Rachel,"Well, I-I said yes.",Monica: Is he crazy?! You just had Ross’s baby!,fear,/home/asterich/code/python/emotional_computing_lab/data/raw/MELD.Raw/train_splits/dia632_utt1.mp4,frames/extracted_frames/S0200/frame_000009.jpg|frames/extracted_frames/S0200/frame_000018.jpg|frames/extracted_frames/S0200/frame_000027.jpg,train,false
S0201,633,2,Phoebe,Oh my God Monica!,Phoebe: So-so you two were married huh? What happened? You just drift apart? Mrs. Geller: Here comes the bride.,surprise,/home/asterich/code/python/emotional_computing_lab/data/raw/MELD.Raw/train_splits/dia633_utt2.mp4,frames/extracted_frames/S0201/frame_000020.jpg|frames/extracted_frames/S0201/frame_000041.jpg|frames/extracted_frames/S0201/frame_000062.jpg,train,false
S0202,64,1,Monica,Well then we still have a problem.,"Rachel: You guys! It was bananas, cream, and beef! I-I just cannot believe that you ate that so that I wouldnt feel bad! Chandler: So, you stole my joke, and you stole my money. Chandler: Sorry, I just dont like the idea of when I say ""I do,"" hes thinking, ""Yeah, Id do her too!""",neutral,/home/asterich/code/python/emotional_computing_lab/data/raw/MELD.Raw/train_splits/dia64_utt1.mp4,frames/extracted_frames/S0202/frame_000010.jpg|frames/extracted_frames/S0202/frame_000020.jpg|frames/extracted_frames/S0202/frame_000030.jpg,train,false
S0203,644,1,Ross,"Well, Chandler and I are in a bar",Monica: What happened in Atlantic City?!,neutral,/home/asterich/code/python/emotional_computing_lab/data/raw/MELD.Raw/train_splits/dia644_utt1.mp4,frames/extracted_frames/S0203/frame_000008.jpg|frames/extracted_frames/S0203/frame_000017.jpg|frames/extracted_frames/S0203/frame_000026.jpg,train,false
S0204,652,15,Chandler,You think?,"Ross: He could never get a woman like that in a million years. Phoebe: Oh, oh, but y'know, you always see these really beautiful women with these really nothing guys, you could be one of those guys. Monica: You could do that!",surprise,/home/asterich/code/python/emotional_computing_lab/data/raw/MELD.Raw/train_splits/dia652_utt15.mp4,frames/extracted_frames/S0204/frame_000005.jpg|frames/extracted_frames/S0204/frame_000011.jpg|frames/extracted_frames/S0204/frame_000017.jpg,train,false
S0205,655,0,Ross,Wow!,,surprise,/home/asterich/code/python/emotional_computing_lab/data/raw/MELD.Raw/train_splits/dia655_utt0.mp4,frames/extracted_frames/S0205/frame_000003.jpg|frames/extracted_frames/S0205/frame_000007.jpg|frames/extracted_frames/S0205/frame_000010.jpg,train,false
S0206,659,3,Susan,I thought they could...I'll try to get back as soon as I can. I'm sorry.,"Ross: So, um, what do you do for a living? Kristin: Well, um, for the past few years I've been working.....which is funny because, that wasn't even my major. Carol: Oh no. I thought you said they could shoot the spot without you.",sadness,/home/asterich/code/python/emotional_computing_lab/data/raw/MELD.Raw/train_splits/dia659_utt3.mp4,frames/extracted_frames/S0206/frame_000064.jpg|frames/extracted_frames/S0206/frame_000129.jpg|frames/extracted_frames/S0206/frame_000193.jpg,train,false
S0207,659,6,Ross,"Cause she's, she's alone now, and pregnant, and, and sad.","Susan: I thought they could...I'll try to get back as soon as I can. I'm sorry. Ross: Now that is funny. Ross: Hey, do you think...would it be too weird if I invited Carol over to join us?",sadness,/home/asterich/code/python/emotional_computing_lab/data/raw/MELD.Raw/train_splits/dia659_utt6.mp4,frames/extracted_frames/S0207/frame_000026.jpg|frames/extracted_frames/S0207/frame_000053.jpg|frames/extracted_frames/S0207/frame_000079.jpg,train,false
S0208,659,9,Carol,"Oh, no no no. I'm fine. I'm fine.","Ross: Cause she's, she's alone now, and pregnant, and, and sad. Kristin: I guess. Ross: Are you sure? Great. Carol? Wanna come over and join us?",neutral,/home/asterich/code/python/emotional_computing_lab/data/raw/MELD.Raw/train_splits/dia659_utt9.mp4,frames/extracted_frames/S0208/frame_000007.jpg|frames/extracted_frames/S0208/frame_000015.jpg|frames/extracted_frames/S0208/frame_000022.jpg,train,false
S0209,660,15,Rachel,Oh!,Rachel: Now we can go eat. Rachel: Lets go. Paul: It was horrible. They called me chicken boy.,surprise,/home/asterich/code/python/emotional_computing_lab/data/raw/MELD.Raw/train_splits/dia660_utt15.mp4,frames/extracted_frames/S0209/frame_000010.jpg|frames/extracted_frames/S0209/frame_000020.jpg|frames/extracted_frames/S0209/frame_000030.jpg,train,false
S0210,67,6,Rachel,"I mean, I mean I was gonna be homeless.","Joey: Oh, Im sorry. Thank you Chandler. Rachel: Anyway, theres this big charity ball this weekend and Ralph Lauren bought a table, so I kinda have to go Rachel: Ross-Ross, you have no idea what this means to me!",sadness,/home/asterich/code/python/emotional_computing_lab/data/raw/MELD.Raw/train_splits/dia67_utt6.mp4,frames/extracted_frames/S0210/frame_000009.jpg|frames/extracted_frames/S0210/frame_000019.jpg|frames/extracted_frames/S0210/frame_000029.jpg,train,false
S0211,67,6,Monica,Whats the charity?,"Joey: Oh, Im sorry. Thank you Chandler. Rachel: Anyway, theres this big charity ball this weekend and Ralph Lauren bought a table, so I kinda have to go Rachel: Ross-Ross, you have no idea what this means to me!",neutral,/home/asterich/code/python/emotional_computing_lab/data/raw/MELD.Raw/dev_splits_complete/dia67_utt6.mp4,frames/extracted_frames/S0211/frame_000006.jpg|frames/extracted_frames/S0211/frame_000013.jpg|frames/extracted_frames/S0211/frame_000020.jpg,dev,false
S0212,672,9,Rachel,Does it?,"Ross: And so I wanted to read every word carefully, twice! Rachel: So umm, does it? Ross: Im sorry.",fear,/home/asterich/code/python/emotional_computing_lab/data/raw/MELD.Raw/train_splits/dia672_utt9.mp4,frames/extracted_frames/S0212/frame_000036.jpg|frames/extracted_frames/S0212/frame_000073.jpg|frames/extracted_frames/S0212/frame_000109.jpg,train,false
S0213,673,20,Ross,"Cause I kinda all ready told her uh, it was, it was already taken care of.",Russell: And well need you and Rachel to testify before a judge. Ross: Ooh! Ross: Theres no way to do this without her?,fear,/home/asterich/code/python/emotional_computing_lab/data/raw/MELD.Raw/train_splits/dia673_utt20.mp4,frames/extracted_frames/S0213/frame_000038.jpg|frames/extracted_frames/S0213/frame_000077.jpg|frames/extracted_frames/S0213/frame_000116.jpg,train,false
S0214,68,13,Rachel,What?,"Monica: We know how tough those parent/teacher conferences can be. Rachel: You don't know anything. Joey: Ohh, I know one thing!",joy,/home/asterich/code/python/emotional_computing_lab/data/raw/MELD.Raw/output_repeated_splits_test/dia68_utt13.mp4,frames/extracted_frames/S0214/frame_000003.jpg|frames/extracted_frames/S0214/frame_000006.jpg|frames/extracted_frames/S0214/frame_000009.jpg,test,false
S0215,682,6,Rachel,"Oh, I know. Look at him.","Ross: But I'll still always come back, like this. Chandler: And sometimes, I'll want you to steal third, and I'll go like this. Monica: He is so amazing.",joy,/home/asterich/code/python/emotional_computing_lab/data/raw/MELD.Raw/train_splits/dia682_utt6.mp4,frames/extracted_frames/S0215/frame_000014.jpg|frames/extracted_frames/S0215/frame_000029.jpg|frames/extracted_frames/S0215/frame_000044.jpg,train,false
S0216,695,1,Rachel,No! Dont say that! Dont say that!,Ben: Oh damnit!,fear,/home/asterich/code/python/emotional_computing_lab/data/raw/MELD.Raw/train_splits/dia695_utt1.mp4,frames/extracted_frames/S0216/frame_000014.jpg|frames/extracted_frames/S0216/frame_000028.jpg|frames/extracted_frames/S0216/frame_000042.jpg,train,false
S0217,699,0,Phoebe,I won! I won! I finally won!,,surprise,/home/asterich/code/python/emotional_computing_lab/data/raw/MELD.Raw/train_splits/dia699_utt0.mp4,frames/extracted_frames/S0217/frame_000017.jpg|frames/extracted_frames/S0217/frame_000034.jpg|frames/extracted_frames/S0217/frame_000051.jpg,train,false
S0218,712,11,Chandler,No!,"Chandler: Bamboozled? Joey: Yeah, isnt that a cool name? Ross: Yeah!",disgust,/home/asterich/code/python/emotional_computing_lab/data/raw/MELD.Raw/train_splits/dia712_utt11.mp4,frames/extracted_frames/S0218/frame_000001.jpg|frames/extracted_frames/S0218/frame_000003.jpg|frames/extracted_frames/S0218/frame_000004.jpg,train,false
S0219,714,4,Ross,"Hi, I was wondering if it is possible to increase security in the Paleontology section?","The Librarian: Well, yes! Just give me five minutes, I just have to find someone to cover my shift. Ross: No! No!! No! Can I speak to someone in charge please?! The Head Librarian: How can I help you?",anger,/home/asterich/code/python/emotional_computing_lab/data/raw/MELD.Raw/train_splits/dia714_utt4.mp4,frames/extracted_frames/S0219/frame_000033.jpg|frames/extracted_frames/S0219/frame_000066.jpg|frames/extracted_frames/S0219/frame_000099.jpg,train,false
S0220,723,5,Phoebe,"Oh I know, I helped pick out the ring.",Phoebe: Hi. Ross: Hey-hey Pheebs! Ross: Chandlers gonna ask Monica to marry him!,neutral,/home/asterich/code/python/emotional_computing_lab/data/raw/MELD.Raw/train_splits/dia723_utt5.mp4,frames/extracted_frames/S0220/frame_000011.jpg|frames/extracted_frames/S0220/frame_000022.jpg|frames/extracted_frames/S0220/frame_000033.jpg,train,false
S0221,73,2,Joey,"Well, maybe thats because youre closer to you. So you look bigger to you from where you are.","Joey: Hey! Ross: They dont look any bigger than me! Chandler: With a chick-chick here, and a chick-chick there.",anger,/home/asterich/code/python/emotional_computing_lab/data/raw/MELD.Raw/output_repeated_splits_test/dia73_utt2.mp4,frames/extracted_frames/S0221/frame_000024.jpg|frames/extracted_frames/S0221/frame_000048.jpg|frames/extracted_frames/S0221/frame_000072.jpg,test,false
S0222,730,9,Joey,"Geez, sounds like you should be going on this date!","Ross: You know what? Ross: She loves architecture, you know what you should do? Ross: You should take a walk down fifth to the Saint Patrick's Cathedral and there    there's this great little pastry shop that she'd love.",surprise,/home/asterich/code/python/emotional_computing_lab/data/raw/MELD.Raw/train_splits/dia730_utt9.mp4,frames/extracted_frames/S0222/frame_000015.jpg|frames/extracted_frames/S0222/frame_000031.jpg|frames/extracted_frames/S0222/frame_000047.jpg,train,false
S0223,736,4,Ross,"Thats, thats, thats a big candy bar. (Shes holding one of those huge","Emily: Oh my God! What are you doing here? Ross: I just, I had to see you one more time before you took-off. Emily: You are so sweet.",sadness,/home/asterich/code/python/emotional_computing_lab/data/raw/MELD.Raw/train_splits/dia736_utt4.mp4,frames/extracted_frames/S0223/frame_000010.jpg|frames/extracted_frames/S0223/frame_000020.jpg|frames/extracted_frames/S0223/frame_000030.jpg,train,false
S0224,737,6,Chandler,"Where is that book that you are reading with the two women who were ice-skating and wearing, wearing those hats with the flowers on it?","Monica: Deep Impact Chandler: Sorry, I justcant sleep. Chandler: Ooh!",neutral,/home/asterich/code/python/emotional_computing_lab/data/raw/MELD.Raw/train_splits/dia737_utt6.mp4,frames/extracted_frames/S0224/frame_000041.jpg|frames/extracted_frames/S0224/frame_000083.jpg|frames/extracted_frames/S0224/frame_000124.jpg,train,false
S0225,739,15,Joey's Hand Twin,That's okay.,"Joey: Huh? Joey: And-and-and I wrote a song for us! Joey: (Singing, to the tune of",neutral,/home/asterich/code/python/emotional_computing_lab/data/raw/MELD.Raw/train_splits/dia739_utt15.mp4,frames/extracted_frames/S0225/frame_000006.jpg|frames/extracted_frames/S0225/frame_000012.jpg|frames/extracted_frames/S0225/frame_000018.jpg,train,false
S0226,740,0,Mr. Geller,"Well, shell understand right? Its not like I did it on purpose.",,sadness,/home/asterich/code/python/emotional_computing_lab/data/raw/MELD.Raw/train_splits/dia740_utt0.mp4,frames/extracted_frames/S0226/frame_000018.jpg|frames/extracted_frames/S0226/frame_000036.jpg|frames/extracted_frames/S0226/frame_000054.jpg,train,false
S0227,744,8,Shelley,...Oh God.,"Shelley: Okay. He's cute, he's funny, he's- Chandler: He's a he? Shelley: Well yeah!",fear,/home/asterich/code/python/emotional_computing_lab/data/raw/MELD.Raw/train_splits/dia744_utt8.mp4,frames/extracted_frames/S0227/frame_000015.jpg|frames/extracted_frames/S0227/frame_000030.jpg|frames/extracted_frames/S0227/frame_000045.jpg,train,false
S0228,747,10,Ross,"I mean, last year Elizabeth now-now this kid.",Rachel: Really? Ross: Yeah! Ross: I dont know.,anger,/home/asterich/code/python/emotional_computing_lab/data/raw/MELD.Raw/train_splits/dia747_utt10.mp4,frames/extracted_frames/S0228/frame_000016.jpg|frames/extracted_frames/S0228/frame_000032.jpg|frames/extracted_frames/S0228/frame_000048.jpg,train,false
S0229,750,2,Richard,"Ten, even twenty minutes if you need it.","Richard: Yeah, I understand. Richard: Take as much time as you want.",neutral,/home/asterich/code/python/emotional_computing_lab/data/raw/MELD.Raw/train_splits/dia750_utt2.mp4,frames/extracted_frames/S0229/frame_000011.jpg|frames/extracted_frames/S0229/frame_000023.jpg|frames/extracted_frames/S0229/frame_000035.jpg,train,false
S0230,751,0,Ross,"Were really gonna do this, huh?",,surprise,/home/asterich/code/python/emotional_computing_lab/data/raw/MELD.Raw/train_splits/dia751_utt0.mp4,frames/extracted_frames/S0230/frame_000011.jpg|frames/extracted_frames/S0230/frame_000022.jpg|frames/extracted_frames/S0230/frame_000033.jpg,train,false
S0231,755,8,Ross,Not nice enough.,"Girl: Why dont you look in the mirror, scrud. Ross: I dont have too. I can just look at you. Leader: All right girls, and man. Lets see your final tallies.  Ohhhh, Debbie,  321 boxes of cookies,  Very nice.",anger,/home/asterich/code/python/emotional_computing_lab/data/raw/MELD.Raw/train_splits/dia755_utt8.mp4,frames/extracted_frames/S0231/frame_000014.jpg|frames/extracted_frames/S0231/frame_000028.jpg|frames/extracted_frames/S0231/frame_000042.jpg,train,false
S0232,757,1,Monica,"Well uh, you and I are just goofing around, I thought, why not goof around with him.","Chandler: So, are you really gonna go out with that nurse man?",neutral,/home/asterich/code/python/emotional_computing_lab/data/raw/MELD.Raw/train_splits/dia757_utt1.mp4,frames/extracted_frames/S0232/frame_000031.jpg|frames/extracted_frames/S0232/frame_000062.jpg|frames/extracted_frames/S0232/frame_000093.jpg,train,false
S0233,758,3,Girl,He touched my fanny.,"Frank: Ow!-Ow!-Ow! Ow! Ow! Ow! Ow! Ow! Ow! Y'know, ow! Phoebe: Hey!-Hey! Whats going on? Frank: She broke my arm.",anger,/home/asterich/code/python/emotional_computing_lab/data/raw/MELD.Raw/train_splits/dia758_utt3.mp4,frames/extracted_frames/S0233/frame_000009.jpg|frames/extracted_frames/S0233/frame_000018.jpg|frames/extracted_frames/S0233/frame_000027.jpg,train,false
S0234,762,2,Joey,Look at me! I'm Chandler! Could I,"Joey: Okay, buddy-boy. Here it is. You hide my clothes, I'm wearing everything you own. Chandler: Oh my God!",joy,/home/asterich/code/python/emotional_computing_lab/data/raw/MELD.Raw/train_splits/dia762_utt2.mp4,frames/extracted_frames/S0234/frame_000028.jpg|frames/extracted_frames/S0234/frame_000056.jpg|frames/extracted_frames/S0234/frame_000084.jpg,train,false
S0235,770,17,Chandler,"I said, ""Geez, relax Monnnnn.""","Monica: We're supposed to uh, be spending a romantic weekend together, it-it, what is the matter with you? Chandler: I just want to watch a little television. What is the big deal? Geez, relax mom. Monica: What did you say?",fear,/home/asterich/code/python/emotional_computing_lab/data/raw/MELD.Raw/train_splits/dia770_utt17.mp4,frames/extracted_frames/S0235/frame_000020.jpg|frames/extracted_frames/S0235/frame_000040.jpg|frames/extracted_frames/S0235/frame_000060.jpg,train,false
S0236,772,15,Rachel,"Yeah, sure, sure I can bring some sandwiches.","Rachel: Hi, Joey! Rachel: Its Rachel! Rachel: Umm, I am free tomorrow night.",neutral,/home/asterich/code/python/emotional_computing_lab/data/raw/MELD.Raw/train_splits/dia772_utt15.mp4,frames/extracted_frames/S0236/frame_000018.jpg|frames/extracted_frames/S0236/frame_000036.jpg|frames/extracted_frames/S0236/frame_000054.jpg,train,false
S0237,78,4,Ross,DANGER,Ross: What-what are you doing?! Are youOkay thats not funny! Just stop horsing around! Monica: I know I do. Phoebe: Why is Ross doing that?,fear,/home/asterich/code/python/emotional_computing_lab/data/raw/MELD.Raw/train_splits/dia78_utt4.mp4,frames/extracted_frames/S0237/frame_000003.jpg|frames/extracted_frames/S0237/frame_000007.jpg|frames/extracted_frames/S0237/frame_000011.jpg,train,false
S0238,78,5,Rachel,Oh my God! Why is he jumping on those women!,"Rachel: I am not horsing around, okay? I am Porsching around. Ross: Hi. Ross: DANGER",surprise,/home/asterich/code/python/emotional_computing_lab/data/raw/MELD.Raw/train_splits/dia78_utt5.mp4,frames/extracted_frames/S0238/frame_000029.jpg|frames/extracted_frames/S0238/frame_000058.jpg|frames/extracted_frames/S0238/frame_000087.jpg,train,false
S0239,782,8,Mark,"But, now that youre not, Id really like to ask you out sometime.","Rachel: Oh, okay. Mark: Ive kinda of had this ah, this crush on you. Mark: But since you were with Ross, I-I didnt do anything about it.",fear,/home/asterich/code/python/emotional_computing_lab/data/raw/MELD.Raw/train_splits/dia782_utt8.mp4,frames/extracted_frames/S0239/frame_000023.jpg|frames/extracted_frames/S0239/frame_000047.jpg|frames/extracted_frames/S0239/frame_000071.jpg,train,false
S0240,792,6,Rachel,"Me? Oh, no, I am not an actress.","Joey: Oh, you know, the writing was good, and the director is good,    and... and my co-star's good Rachel: God, you have to tell me what happens tomorrow! Joey: Ow, I'm just going over the script now! You wanna read lines with    me?",disgust,/home/asterich/code/python/emotional_computing_lab/data/raw/MELD.Raw/train_splits/dia792_utt6.mp4,frames/extracted_frames/S0240/frame_000021.jpg|frames/extracted_frames/S0240/frame_000042.jpg|frames/extracted_frames/S0240/frame_000063.jpg,train,false
S0241,796,19,Chandler,I like a girl with a strong jaw.,"Chandler: Wh-why  would I when your name is Elaine? Chandler: Oh what a great picture of your son,  strapping! Chandler: That’s a picture of your daughter, isn’t it,  well she’s lovely.",sadness,/home/asterich/code/python/emotional_computing_lab/data/raw/MELD.Raw/train_splits/dia796_utt19.mp4,frames/extracted_frames/S0241/frame_000021.jpg|frames/extracted_frames/S0241/frame_000043.jpg|frames/extracted_frames/S0241/frame_000065.jpg,train,false
S0242,805,3,Ross,"Yeah-yeah, there it is, just a phone number a really hot girl gave me.",Ross: Hello! Ross: What's this? Ross: Oh right its that girl's phone number.,joy,/home/asterich/code/python/emotional_computing_lab/data/raw/MELD.Raw/train_splits/dia805_utt3.mp4,frames/extracted_frames/S0242/frame_000035.jpg|frames/extracted_frames/S0242/frame_000070.jpg|frames/extracted_frames/S0242/frame_000105.jpg,train,false
S0243,81,0,Elizabeth,You wanted to see me Professor Geller?,,joy,/home/asterich/code/python/emotional_computing_lab/data/raw/MELD.Raw/dev_splits_complete/dia81_utt0.mp4,frames/extracted_frames/S0243/frame_000009.jpg|frames/extracted_frames/S0243/frame_000018.jpg|frames/extracted_frames/S0243/frame_000027.jpg,dev,false
S0244,814,4,Ross,"All right everyone, lift!  And slide!!","Rachel: Ross, I really dont think Ross: Lift!! And slide! Chandler: Okay, here we go.",joy,/home/asterich/code/python/emotional_computing_lab/data/raw/MELD.Raw/train_splits/dia814_utt4.mp4,frames/extracted_frames/S0244/frame_000093.jpg|frames/extracted_frames/S0244/frame_000186.jpg|frames/extracted_frames/S0244/frame_000279.jpg,train,false
S0245,819,2,Monica,Hey sweetie.,"Chandler: No-no-no-no.  Hey! Phoebe: Anyway, I should go. Okay, bye.",neutral,/home/asterich/code/python/emotional_computing_lab/data/raw/MELD.Raw/train_splits/dia819_utt2.mp4,frames/extracted_frames/S0245/frame_000010.jpg|frames/extracted_frames/S0245/frame_000021.jpg|frames/extracted_frames/S0245/frame_000032.jpg,train,false
S0246,819,9,Chandler,"Oh no-no, I cant do that.","Monica: Awww.  But still no. Chandler: No Im serious, we should tell each other Monica: Really? Okay, so why dont you tell me what happened to Ross Junior year at",fear,/home/asterich/code/python/emotional_computing_lab/data/raw/MELD.Raw/train_splits/dia819_utt9.mp4,frames/extracted_frames/S0246/frame_000006.jpg|frames/extracted_frames/S0246/frame_000013.jpg|frames/extracted_frames/S0246/frame_000020.jpg,train,false
S0247,82,3,Joey,"Yeah, he doesnt like me.","Chandler: Oh! Right. Umm, maybe thats because I didnt send him an invitation. Joey: Anyway, it wasnt the robot, it was the guy who controls him. Monica: Chandler! Hes your father.  he should be at the wedding.",anger,/home/asterich/code/python/emotional_computing_lab/data/raw/MELD.Raw/dev_splits_complete/dia82_utt3.mp4,frames/extracted_frames/S0247/frame_000019.jpg|frames/extracted_frames/S0247/frame_000038.jpg|frames/extracted_frames/S0247/frame_000057.jpg,dev,false
S0248,82,5,Joey,knock over the sandwich right when I was reaching for one!,Chandler: I dont even know the man. Okay? Were not that close. I havent seen him in years. Joey: He had C.H.E.E.S.E. Monica: Well what are you gonna do when he finds out he wasnt even asked?!,anger,/home/asterich/code/python/emotional_computing_lab/data/raw/MELD.Raw/dev_splits_complete/dia82_utt5.mp4,frames/extracted_frames/S0248/frame_000027.jpg|frames/extracted_frames/S0248/frame_000054.jpg|frames/extracted_frames/S0248/frame_000081.jpg,dev,false
S0249,821,13,Burt,Dr. Geller!,"Ross: Listen, I gotta tell ya, I-Im having a great time! Ross: Yknow how before you said it might be weird, the whole student teacher thing, and to be frank I thought it would be too, but its not. Ross: I mean its not at all.",joy,/home/asterich/code/python/emotional_computing_lab/data/raw/MELD.Raw/train_splits/dia821_utt13.mp4,frames/extracted_frames/S0249/frame_000005.jpg|frames/extracted_frames/S0249/frame_000011.jpg|frames/extracted_frames/S0249/frame_000016.jpg,train,false
S0250,83,0,Monica,Oh good God! If you want a baby so bad just go steal it!,,anger,/home/asterich/code/python/emotional_computing_lab/data/raw/MELD.Raw/dev_splits_complete/dia83_utt0.mp4,frames/extracted_frames/S0250/frame_000021.jpg|frames/extracted_frames/S0250/frame_000042.jpg|frames/extracted_frames/S0250/frame_000063.jpg,dev,false
S0251,83,3,Monica,What?,Chandler: Im not crazy about babies. Im crazy about us. Ross: Yeah. Charlton Heston: Who in the hell are you?,surprise,/home/asterich/code/python/emotional_computing_lab/data/raw/MELD.Raw/dev_splits_complete/dia83_utt3.mp4,frames/extracted_frames/S0251/frame_000006.jpg|frames/extracted_frames/S0251/frame_000013.jpg|frames/extracted_frames/S0251/frame_000019.jpg,dev,false
S0252,845,0,Doug,So thanks for the warm welcome.,,neutral,/home/asterich/code/python/emotional_computing_lab/data/raw/MELD.Raw/train_splits/dia845_utt0.mp4,frames/extracted_frames/S0252/frame_000009.jpg|frames/extracted_frames/S0252/frame_000018.jpg|frames/extracted_frames/S0252/frame_000027.jpg,train,false
S0253,845,7,Chandler,"Oh its Bing, sir. Im sorry , I was just ah...","Doug: And remember, there is no I in team. Chandler: Yes, but theres two in martini, soo everybody Doug: You! Chuckles! Whats your name?",fear,/home/asterich/code/python/emotional_computing_lab/data/raw/MELD.Raw/train_splits/dia845_utt7.mp4,frames/extracted_frames/S0253/frame_000012.jpg|frames/extracted_frames/S0253/frame_000025.jpg|frames/extracted_frames/S0253/frame_000037.jpg,train,false
S0254,848,4,Rachel,"Oh my God Ross, no, hang up the phone, give me the phone Ross, give me the phone, give me the phone, give me the.","Rachel: I'm just calling to say that um, everything's fine and I'm really happy for you and your Ross: Rach, I got a message from you. Rachel: Oh my God.",sadness,/home/asterich/code/python/emotional_computing_lab/data/raw/MELD.Raw/train_splits/dia848_utt4.mp4,frames/extracted_frames/S0254/frame_000042.jpg|frames/extracted_frames/S0254/frame_000084.jpg|frames/extracted_frames/S0254/frame_000126.jpg,train,false
S0255,85,1,Chandler,This sounds like a hernia. You have toyou-youGo to the doctor!,"Rachel: Oh yeah, sure. Joey: But um, I dont think its anything serious. Rachel: Sorry I'm late, but I left late.",surprise,/home/asterich/code/python/emotional_computing_lab/data/raw/MELD.Raw/output_repeated_splits_test/dia85_utt1.mp4,frames/extracted_frames/S0255/frame_000018.jpg|frames/extracted_frames/S0255/frame_000036.jpg|frames/extracted_frames/S0255/frame_000054.jpg,test,false
S0256,85,16,Joey,Ken Adams!!,"Rachel: I heard it from my friend Irene who heard it from some guy! Joey: Some guy!! Rachel: No. No, she told me his name was Ken Adams.",surprise,/home/asterich/code/python/emotional_computing_lab/data/raw/MELD.Raw/dev_splits_complete/dia85_utt16.mp4,frames/extracted_frames/S0256/frame_000008.jpg|frames/extracted_frames/S0256/frame_000017.jpg|frames/extracted_frames/S0256/frame_000025.jpg,dev,false
S0257,851,20,Joey,"Okay. Yeah.  Yeah, Ill grab this one.","Kristen: But how about tomorrow? Joey: Sounds great! Okay, alright, well where does this go? Kristen: You look strong, why dont I take that and you grab one of the boxes.",neutral,/home/asterich/code/python/emotional_computing_lab/data/raw/MELD.Raw/train_splits/dia851_utt20.mp4,frames/extracted_frames/S0257/frame_000048.jpg|frames/extracted_frames/S0257/frame_000097.jpg|frames/extracted_frames/S0257/frame_000145.jpg,train,false
S0258,853,4,Ross,"I know. I know. But, can we please try it again? Huh? I mean, you were","Phoebe: Oh, hello liar. Ross: Look, I-Im really sorry I let go of the bike. Phoebe: I couldve been killed I hope you know!",sadness,/home/asterich/code/python/emotional_computing_lab/data/raw/MELD.Raw/train_splits/dia853_utt4.mp4,frames/extracted_frames/S0258/frame_000049.jpg|frames/extracted_frames/S0258/frame_000099.jpg|frames/extracted_frames/S0258/frame_000148.jpg,train,false
S0259,854,0,Mona,How could you have kept all of this from me?,,fear,/home/asterich/code/python/emotional_computing_lab/data/raw/MELD.Raw/train_splits/dia854_utt0.mp4,frames/extracted_frames/S0259/frame_000011.jpg|frames/extracted_frames/S0259/frame_000022.jpg|frames/extracted_frames/S0259/frame_000033.jpg,train,false
S0260,86,2,Ross,Some days it's all I can think about.,"Monica: Mom already called this morning to remind me not to wear my hair up. Did you know my ears are not my best feature? Rachel: Its got all of these layers. Rachel: Y'know what, actually  Okay, okay, okay, what's so funny over here?",neutral,/home/asterich/code/python/emotional_computing_lab/data/raw/MELD.Raw/dev_splits_complete/dia86_utt2.mp4,frames/extracted_frames/S0260/frame_000013.jpg|frames/extracted_frames/S0260/frame_000027.jpg|frames/extracted_frames/S0260/frame_000040.jpg,dev,false
S0261,866,10,Monica,Ohh. And I dont even have a date.,"Emily: Its perfect. Ross: And, I dont know, if it starts to rain Emily: Well then well get wet.",sadness,/home/asterich/code/python/emotional_computing_lab/data/raw/MELD.Raw/train_splits/dia866_utt10.mp4,frames/extracted_frames/S0261/frame_000024.jpg|frames/extracted_frames/S0261/frame_000049.jpg|frames/extracted_frames/S0261/frame_000073.jpg,train,false
S0262,88,1,Monica,"Well umm, Alexandra has been","Phoebe: I cant believe this! How long as this been going on? Host: Welcome everybody, welcome to Amazing Discoveries! Phoebe: You know what? You are right. I",neutral,/home/asterich/code/python/emotional_computing_lab/data/raw/MELD.Raw/dev_splits_complete/dia88_utt1.mp4,frames/extracted_frames/S0262/frame_000016.jpg|frames/extracted_frames/S0262/frame_000032.jpg|frames/extracted_frames/S0262/frame_000048.jpg,dev,false
S0263,88,2,Joey,"You guys, can we please not watch this all right.","Monica: Well umm, Alexandra has been Phoebe: Oh, oh! It's on again! Rachel: Good for you Pheebs!",disgust,/home/asterich/code/python/emotional_computing_lab/data/raw/MELD.Raw/output_repeated_splits_test/dia88_utt2.mp4,frames/extracted_frames/S0263/frame_000017.jpg|frames/extracted_frames/S0263/frame_000034.jpg|frames/extracted_frames/S0263/frame_000051.jpg,test,false
S0264,884,7,Chandler,What?,"Joey: That would be Casey. Were going out tonight. Chandler: Goin out, huh? Wow! Wow!  So things didnt work out with Kathy, huh? Bummer. Joey: No, things are fine with Kathy. Im having a late dinner with her tonight, right after my early dinner with Casey.",surprise,/home/asterich/code/python/emotional_computing_lab/data/raw/MELD.Raw/train_splits/dia884_utt7.mp4,frames/extracted_frames/S0264/frame_000006.jpg|frames/extracted_frames/S0264/frame_000012.jpg|frames/extracted_frames/S0264/frame_000018.jpg,train,false
S0265,887,7,Ross,"Oh, no!","Ross: No, I mean its okay, I mean, theyre-theyre my friends. Ross: In fact, I-I-I was married to one of them. The Instructor: Let me get this straight man, you attacked your ex-wife?!",surprise,/home/asterich/code/python/emotional_computing_lab/data/raw/MELD.Raw/train_splits/dia887_utt7.mp4,frames/extracted_frames/S0265/frame_000006.jpg|frames/extracted_frames/S0265/frame_000013.jpg|frames/extracted_frames/S0265/frame_000019.jpg,train,false
S0266,89,11,Rachel,Come on!,"Rachel: Yknow, theyre not gonna get married anyway! Ross: Celebrate. Chandler: What?",anger,/home/asterich/code/python/emotional_computing_lab/data/raw/MELD.Raw/train_splits/dia89_utt11.mp4,frames/extracted_frames/S0266/frame_000004.jpg|frames/extracted_frames/S0266/frame_000009.jpg|frames/extracted_frames/S0266/frame_000014.jpg,train,false
S0267,9,0,Phoebe,Coming through!  Oh! Coming through!  Oh! Hello! Hi!  No! Right! Coming through!,,fear,/home/asterich/code/python/emotional_computing_lab/data/raw/MELD.Raw/output_repeated_splits_test/dia9_utt0.mp4,frames/extracted_frames/S0267/frame_000034.jpg|frames/extracted_frames/S0267/frame_000069.jpg|frames/extracted_frames/S0267/frame_000104.jpg,test,false
S0268,9,3,Phoebe,Oh!,"Joey: But youre still moving in together, right? Because my ad came out today. Fireman #1: Yeah, most of the damage is pretty mostly contained in the bedrooms. Jade: Oh, and in case you were wondering, those are my legs on the new James Bond poster.",surprise,/home/asterich/code/python/emotional_computing_lab/data/raw/MELD.Raw/output_repeated_splits_test/dia9_utt3.mp4,frames/extracted_frames/S0268/frame_000006.jpg|frames/extracted_frames/S0268/frame_000012.jpg|frames/extracted_frames/S0268/frame_000018.jpg,test,false
S0269,9,11,Rachel,Everythings ruined. My bed. My clothes. Look at my favorite blue sweater.,"Chandler: Ok.  Ok. Having a phone has finally paid off. Chandler: Hows your room Rach? Ross: Even though you do do a good Bob impression, I'm thinkin' when she sees you tomorow, she's probably gonna realize, ""Hey, you're not Bob.""",sadness,/home/asterich/code/python/emotional_computing_lab/data/raw/MELD.Raw/output_repeated_splits_test/dia9_utt11.mp4,frames/extracted_frames/S0269/frame_000015.jpg|frames/extracted_frames/S0269/frame_000030.jpg|frames/extracted_frames/S0269/frame_000045.jpg,test,false
S0270,9,12,Ross,Oh my god. You are pure evil.,"Ross: Even though you do do a good Bob impression, I'm thinkin' when she sees you tomorow, she's probably gonna realize, ""Hey, you're not Bob."" Rachel: Everythings ruined. My bed. My clothes. Look at my favorite blue sweater. Chandler: I'm hoping that when Bob doesn't show up, she will seek comfort in the open arms of the wry stranger at the next table.",disgust,/home/asterich/code/python/emotional_computing_lab/data/raw/MELD.Raw/train_splits/dia9_utt12.mp4,frames/extracted_frames/S0270/frame_000016.jpg|frames/extracted_frames/S0270/frame_000033.jpg|frames/extracted_frames/S0270/frame_000049.jpg,train,false
S0271,90,2,Rachel,"I don't know, I just kinda ran into him last night.","Phoebe: What the hell is this?! Monica: Rachel, how did this happen? Ross: She is not  Shes gay. Oh my God. She is",fear,/home/asterich/code/python/emotional_computing_lab/data/raw/MELD.Raw/dev_splits_complete/dia90_utt2.mp4,frames/extracted_frames/S0271/frame_000014.jpg|frames/extracted_frames/S0271/frame_000028.jpg|frames/extracted_frames/S0271/frame_000042.jpg,dev,false
S0272,907,4,The Smoking Woman,I won't!  Until I have my next cigarette.,"Phoebe: You can't put your cigarette out on a tree! The Smoking Woman: Yeah I can, it worked real well. Phoebe: No but you shouldn't! Don't ever do that again.",anger,/home/asterich/code/python/emotional_computing_lab/data/raw/MELD.Raw/train_splits/dia907_utt4.mp4,frames/extracted_frames/S0272/frame_000017.jpg|frames/extracted_frames/S0272/frame_000035.jpg|frames/extracted_frames/S0272/frame_000052.jpg,train,false
S0273,91,4,Joey,What is the big deal?,"Ross: It's breast milk. Phoebe: So? Rachel: Phoebe, that is juice, squeezed from a person.",anger,/home/asterich/code/python/emotional_computing_lab/data/raw/MELD.Raw/dev_splits_complete/dia91_utt4.mp4,frames/extracted_frames/S0273/frame_000016.jpg|frames/extracted_frames/S0273/frame_000033.jpg|frames/extracted_frames/S0273/frame_000050.jpg,dev,false
S0274,912,0,Ross,My God!,,surprise,/home/asterich/code/python/emotional_computing_lab/data/raw/MELD.Raw/train_splits/dia912_utt0.mp4,frames/extracted_frames/S0274/frame_000005.jpg|frames/extracted_frames/S0274/frame_000011.jpg|frames/extracted_frames/S0274/frame_000017.jpg,train,false
S0275,915,3,Chandler,You are really frightening me.,"Monica: I'm sure they'll be here soon. Rachel: Yeah, honey, they wouldn't miss this. Joey: Relax. You're only at nine centimeters. And the baby's at zero station.",fear,/home/asterich/code/python/emotional_computing_lab/data/raw/MELD.Raw/train_splits/dia915_utt3.mp4,frames/extracted_frames/S0275/frame_000011.jpg|frames/extracted_frames/S0275/frame_000022.jpg|frames/extracted_frames/S0275/frame_000033.jpg,train,false
S0276,917,5,Chandler,They taste so good.,Chandler: I found this place that makes the greatest mozzarella sticks and jalepino poppers . Chandler: No? Chandler: Really?,joy,/home/asterich/code/python/emotional_computing_lab/data/raw/MELD.Raw/train_splits/dia917_utt5.mp4,frames/extracted_frames/S0276/frame_000006.jpg|frames/extracted_frames/S0276/frame_000012.jpg|frames/extracted_frames/S0276/frame_000018.jpg,train,false
S0277,92,1,Monica,I'll sneak over as soon as Ross picks up Ben.,All: Aww! Monica: I can't wait to be with you! Phoebe: This sucks!,neutral,/home/asterich/code/python/emotional_computing_lab/data/raw/MELD.Raw/output_repeated_splits_test/dia92_utt1.mp4,frames/extracted_frames/S0277/frame_000013.jpg|frames/extracted_frames/S0277/frame_000026.jpg|frames/extracted_frames/S0277/frame_000039.jpg,test,false
S0278,932,6,Rachel,"Please, what about you and Chandler?","Monica: Hey! Rachel: I just wanted to let you know I've changed my mind: I'm gonna    do it, I'm gonna kiss Joey. Monica: No, you can't! Friends hooking up is a bad idea.",anger,/home/asterich/code/python/emotional_computing_lab/data/raw/MELD.Raw/train_splits/dia932_utt6.mp4,frames/extracted_frames/S0278/frame_000012.jpg|frames/extracted_frames/S0278/frame_000024.jpg|frames/extracted_frames/S0278/frame_000036.jpg,train,false
S0279,935,7,Phoebe,He's probably up in your room!,"Monica: This is crazy! I mean, it's such a stupid argument. I don't even wanna see Richard again. Phoebe: So go fix it! Phoebe: Go find Chandler!",sadness,/home/asterich/code/python/emotional_computing_lab/data/raw/MELD.Raw/train_splits/dia935_utt7.mp4,frames/extracted_frames/S0279/frame_000008.jpg|frames/extracted_frames/S0279/frame_000016.jpg|frames/extracted_frames/S0279/frame_000024.jpg,train,false
S0280,936,3,Phoebe,What?! What do you mean youre going to London?,"Rachel: Do you remember where the duck food is? Phoebe: Yeah, its in the guys apartment under the sink. Why? Rachel: Because Im going to London.",surprise,/home/asterich/code/python/emotional_computing_lab/data/raw/MELD.Raw/train_splits/dia936_utt3.mp4,frames/extracted_frames/S0280/frame_000013.jpg|frames/extracted_frames/S0280/frame_000027.jpg|frames/extracted_frames/S0280/frame_000040.jpg,train,false
S0281,939,4,Phoebe,Oh my God! He did it?,Rachel: Hi. Phoebe: Are you all right? Rachel: Uhh… I think I just got engaged.,surprise,/home/asterich/code/python/emotional_computing_lab/data/raw/MELD.Raw/train_splits/dia939_utt4.mp4,frames/extracted_frames/S0281/frame_000011.jpg|frames/extracted_frames/S0281/frame_000022.jpg|frames/extracted_frames/S0281/frame_000033.jpg,train,false
S0282,939,11,Rachel,I just don’t know! It just doesn’t feel right.,"Phoebe: I  like to think of myself as the puppet master of the group. Rachel: And you really think this is a good idea? Phoebe: I just talked him into it, don’t tell me I have to do you too.  The puppet master gets tired people.",sadness,/home/asterich/code/python/emotional_computing_lab/data/raw/MELD.Raw/train_splits/dia939_utt11.mp4,frames/extracted_frames/S0282/frame_000016.jpg|frames/extracted_frames/S0282/frame_000032.jpg|frames/extracted_frames/S0282/frame_000048.jpg,train,false
S0283,94,2,Ross,That would be no.,"Carol: Ross, you're being silly. I've tried it, it's no big deal. Just taste it. Ross: And I too am just a love machine. Joanna: Oh, I mustve said that after you left.",disgust,/home/asterich/code/python/emotional_computing_lab/data/raw/MELD.Raw/dev_splits_complete/dia94_utt2.mp4,frames/extracted_frames/S0283/frame_000011.jpg|frames/extracted_frames/S0283/frame_000022.jpg|frames/extracted_frames/S0283/frame_000033.jpg,dev,false
S0284,94,9,Ross,"Oh, you've tasted it.","Joanna: I dont want to lose you. Susan: Uh huh. Joanna: What if I, create a position for you?",anger,/home/asterich/code/python/emotional_computing_lab/data/raw/MELD.Raw/dev_splits_complete/dia94_utt9.mp4,frames/extracted_frames/S0284/frame_000011.jpg|frames/extracted_frames/S0284/frame_000022.jpg|frames/extracted_frames/S0284/frame_000033.jpg,dev,false
S0285,945,7,Guy,"Im sorry, I wa, I wa, I was just ah....","Rachel: Oh honey, come on, Im sorry, I didnt.... Rachel: I dont mind paying my dues, y'know, its just how much am I gonna learn about fashion by walking Mira, the arthritic seamstress, to the bathroom. Rachel: Hi! Is my misery amusing to you?",fear,/home/asterich/code/python/emotional_computing_lab/data/raw/MELD.Raw/train_splits/dia945_utt7.mp4,frames/extracted_frames/S0285/frame_000017.jpg|frames/extracted_frames/S0285/frame_000034.jpg|frames/extracted_frames/S0285/frame_000051.jpg,train,false
S0286,953,14,Phoebe,Oh - Oh my god!,"Phoebe: Bob! Phoebe: Robert! Phoebe: Oh wait, I think I hear him.",surprise,/home/asterich/code/python/emotional_computing_lab/data/raw/MELD.Raw/train_splits/dia953_utt14.mp4,frames/extracted_frames/S0286/frame_000023.jpg|frames/extracted_frames/S0286/frame_000046.jpg|frames/extracted_frames/S0286/frame_000069.jpg,train,false
S0287,953,15,Phoebe,Bob    had babies!,"Phoebe: Robert! Phoebe: Oh wait, I think I hear him. Phoebe: Oh - Oh my god!",surprise,/home/asterich/code/python/emotional_computing_lab/data/raw/MELD.Raw/train_splits/dia953_utt15.mp4,frames/extracted_frames/S0287/frame_000007.jpg|frames/extracted_frames/S0287/frame_000015.jpg|frames/extracted_frames/S0287/frame_000022.jpg,train,false
S0288,955,5,Monica,Great. So the ball is in his court?,"Rachel: So if I said yes, he would know I had nothing better to do than wait around for an invitation to his stupid party. Rachel: I said, ""No!"" Rachel: Which puts",anger,/home/asterich/code/python/emotional_computing_lab/data/raw/MELD.Raw/train_splits/dia955_utt5.mp4,frames/extracted_frames/S0288/frame_000014.jpg|frames/extracted_frames/S0288/frame_000028.jpg|frames/extracted_frames/S0288/frame_000042.jpg,train,false
S0289,956,2,Danny,What?! Why?!,"Danny: Oh, hey Rach! I thought we said seven? Rachel: Yeah uh, y'know what uh, let's skip it.",surprise,/home/asterich/code/python/emotional_computing_lab/data/raw/MELD.Raw/train_splits/dia956_utt2.mp4,frames/extracted_frames/S0289/frame_000010.jpg|frames/extracted_frames/S0289/frame_000020.jpg|frames/extracted_frames/S0289/frame_000030.jpg,train,false
S0290,960,5,Monica,You should serve it with vodka and a piece of celery.,"Monica: All right, that Ill retract. Monica: But I stand by my review, I know food and that wasnt it. Monica: Youre marinara sauce tasted like tomato juice!",disgust,/home/asterich/code/python/emotional_computing_lab/data/raw/MELD.Raw/train_splits/dia960_utt5.mp4,frames/extracted_frames/S0290/frame_000017.jpg|frames/extracted_frames/S0290/frame_000035.jpg|frames/extracted_frames/S0290/frame_000053.jpg,train,false
S0291,973,18,Monica,"Okay, this isn't working. I'm still awake and now I have to pee.","Phoebe: Okay. Phoebe: Just-just, you know, the-the lovely waterfalls, and the, the trickling fountains. Phoebe: And the-the calming sounds of the babbling brook....",disgust,/home/asterich/code/python/emotional_computing_lab/data/raw/MELD.Raw/train_splits/dia973_utt18.mp4,frames/extracted_frames/S0291/frame_000021.jpg|frames/extracted_frames/S0291/frame_000042.jpg|frames/extracted_frames/S0291/frame_000063.jpg,train,false
S0292,989,11,Chandler,Go! Go! Go! Go! Go! Go! Go! Go! Go! Go!,Rachel: But we should move quick. Chandler: Why? Rachel: Because I think I just heard her moving around in there.,fear,/home/asterich/code/python/emotional_computing_lab/data/raw/MELD.Raw/train_splits/dia989_utt11.mp4,frames/extracted_frames/S0292/frame_000008.jpg|frames/extracted_frames/S0292/frame_000016.jpg|frames/extracted_frames/S0292/frame_000024.jpg,train,false
S0293,99,9,Chandler,"Noo!  Oh, its okay, its okay, baby, baby, baby.","Chandler: Well, the movie was great, dinner was great, and theres nothing like a cool, crisp New York evening. Joey: Wait. Give him a minute. Chandler: Thats me! Come on!",fear,/home/asterich/code/python/emotional_computing_lab/data/raw/MELD.Raw/output_repeated_splits_test/dia99_utt9.mp4,frames/extracted_frames/S0293/frame_000022.jpg|frames/extracted_frames/S0293/frame_000045.jpg|frames/extracted_frames/S0293/frame_000067.jpg,test,false
S0294,992,2,Monica,How's it going?,"All: Hey, Pheebs. Phoebe: Hey.",neutral,/home/asterich/code/python/emotional_computing_lab/data/raw/MELD.Raw/train_splits/dia992_utt2.mp4,frames/extracted_frames/S0294/frame_000014.jpg|frames/extracted_frames/S0294/frame_000028.jpg|frames/extracted_frames/S0294/frame_000042.jpg,train,false
S0295,992,8,Rachel,We hate that guy.,"Monica: Nothing, um, it's just, um... It's Roger. Ross: I dunno, there's just something about... Chandler: Basically we just feel that he's...",disgust,/home/asterich/code/python/emotional_computing_lab/data/raw/MELD.Raw/train_splits/dia992_utt8.mp4,frames/extracted_frames/S0295/frame_000006.jpg|frames/extracted_frames/S0295/frame_000012.jpg|frames/extracted_frames/S0295/frame_000018.jpg,train,false
S0296,992,9,All,Yeah. Hate him.,"Ross: I dunno, there's just something about... Chandler: Basically we just feel that he's... Rachel: We hate that guy.",disgust,/home/asterich/code/python/emotional_computing_lab/data/raw/MELD.Raw/train_splits/dia992_utt9.mp4,frames/extracted_frames/S0296/frame_000007.jpg|frames/extracted_frames/S0296/frame_000014.jpg|frames/extracted_frames/S0296/frame_000021.jpg,train,false
S0297,996,3,Ross,"Emily, do you think Monica realises how much our parents spent on this wedding?","Ross: She said what? Emily: She said, ""If Im not gonna be happy getting married somewhere that we find in a day, well then we should just postpone it."" Ross: Postpone it?",anger,/home/asterich/code/python/emotional_computing_lab/data/raw/MELD.Raw/train_splits/dia996_utt3.mp4,frames/extracted_frames/S0297/frame_000025.jpg|frames/extracted_frames/S0297/frame_000051.jpg|frames/extracted_frames/S0297/frame_000076.jpg,train,false
S0298,996,4,Ross,"Do you my sisters teeny-tiny little brain comprehends that people took time out of their lives to fly thousands of miles to be here, huh?","Emily: She said, ""If Im not gonna be happy getting married somewhere that we find in a day, well then we should just postpone it."" Ross: Postpone it? Ross: Emily, do you think Monica realises how much our parents spent on this wedding?",anger,/home/asterich/code/python/emotional_computing_lab/data/raw/MELD.Raw/train_splits/dia996_utt4.mp4,frames/extracted_frames/S0298/frame_000061.jpg|frames/extracted_frames/S0298/frame_000122.jpg|frames/extracted_frames/S0298/frame_000183.jpg,train,false
S0299,996,9,Emily,We have no choice!,"Emily: I realize that people are going to be disappointed. But, Im sure theyll come back when we can do it right. Ross: I cant ask people to do that? Would you ask people to do that? Emily: Dont you point your pants at me!",anger,/home/asterich/code/python/emotional_computing_lab/data/raw/MELD.Raw/train_splits/dia996_utt9.mp4,frames/extracted_frames/S0299/frame_000009.jpg|frames/extracted_frames/S0299/frame_000018.jpg|frames/extracted_frames/S0299/frame_000027.jpg,train,false
S0300,997,7,Monica,"Oh please, he didnt hear it! He didnt hear it!!","The Museum Official: Hi, this is Heldi from the Morgan Chase museum. Im calling for Monica Geller. Monica: Oh no! The Museum Official: I want to let her know that there was a cancellation and if shes still interested in having the Bing-Geller wedding at our facility, it is available",fear,/home/asterich/code/python/emotional_computing_lab/data/raw/MELD.Raw/train_splits/dia997_utt7.mp4,frames/extracted_frames/S0300/frame_000009.jpg|frames/extracted_frames/S0300/frame_000018.jpg|frames/extracted_frames/S0300/frame_000027.jpg,train,false
